2025-01-28T02:16:26.026+03:00  INFO 25864 --- [MS_Dossier] [restartedMain] ru.dossier.DossierApplication            : Starting DossierApplication using Java 21.0.2 with PID 25864 (D:\Проекты\NeoFlex\Calculator_Neoflex\MS_Dossier\target\classes started by Admin in D:\Проекты\NeoFlex\Calculator_Neoflex)
2025-01-28T02:16:26.030+03:00  INFO 25864 --- [MS_Dossier] [restartedMain] ru.dossier.DossierApplication            : The following 1 profile is active: "profile"
2025-01-28T02:16:26.094+03:00  INFO 25864 --- [MS_Dossier] [restartedMain] o.s.b.devtools.restart.ChangeableUrls    : The Class-Path manifest attribute in C:\Users\Admin\.m2\repository\io\github\cdimascio\java-dotenv\5.2.2\java-dotenv-5.2.2.jar referenced one or more files that do not exist: file:/C:/Users/Admin/.m2/repository/io/github/cdimascio/java-dotenv/5.2.2/kotlin-stdlib-1.4.0.jar,file:/C:/Users/Admin/.m2/repository/io/github/cdimascio/java-dotenv/5.2.2/kotlin-stdlib-common-1.4.0.jar,file:/C:/Users/Admin/.m2/repository/io/github/cdimascio/java-dotenv/5.2.2/annotations-13.0.jar
2025-01-28T02:16:26.094+03:00  INFO 25864 --- [MS_Dossier] [restartedMain] .e.DevToolsPropertyDefaultsPostProcessor : Devtools property defaults active! Set 'spring.devtools.add-properties' to 'false' to disable
2025-01-28T02:16:26.094+03:00  INFO 25864 --- [MS_Dossier] [restartedMain] .e.DevToolsPropertyDefaultsPostProcessor : For additional web related logging consider setting the 'logging.level.web' property to 'DEBUG'
2025-01-28T02:16:27.247+03:00  INFO 25864 --- [MS_Dossier] [restartedMain] .s.d.r.c.RepositoryConfigurationDelegate : Bootstrapping Spring Data JPA repositories in DEFAULT mode.
2025-01-28T02:16:27.278+03:00  INFO 25864 --- [MS_Dossier] [restartedMain] .s.d.r.c.RepositoryConfigurationDelegate : Finished Spring Data repository scanning in 20 ms. Found 0 JPA repository interfaces.
2025-01-28T02:16:27.561+03:00  INFO 25864 --- [MS_Dossier] [restartedMain] o.s.cloud.context.scope.GenericScope     : BeanFactory id=12b9a3b0-a608-358c-a364-a1dee031caa8
2025-01-28T02:16:28.303+03:00  INFO 25864 --- [MS_Dossier] [restartedMain] o.s.b.w.embedded.tomcat.TomcatWebServer  : Tomcat initialized with port 8083 (http)
2025-01-28T02:16:28.326+03:00  INFO 25864 --- [MS_Dossier] [restartedMain] o.apache.catalina.core.StandardService   : Starting service [Tomcat]
2025-01-28T02:16:28.326+03:00  INFO 25864 --- [MS_Dossier] [restartedMain] o.apache.catalina.core.StandardEngine    : Starting Servlet engine: [Apache Tomcat/10.1.31]
2025-01-28T02:16:28.426+03:00  INFO 25864 --- [MS_Dossier] [restartedMain] o.a.c.c.C.[Tomcat].[localhost].[/]       : Initializing Spring embedded WebApplicationContext
2025-01-28T02:16:28.427+03:00  INFO 25864 --- [MS_Dossier] [restartedMain] w.s.c.ServletWebServerApplicationContext : Root WebApplicationContext: initialization completed in 2332 ms
2025-01-28T02:16:28.461+03:00  INFO 25864 --- [MS_Dossier] [restartedMain] com.zaxxer.hikari.HikariDataSource       : HikariPool-1 - Starting...
2025-01-28T02:16:28.773+03:00  INFO 25864 --- [MS_Dossier] [restartedMain] com.zaxxer.hikari.pool.HikariPool        : HikariPool-1 - Added connection conn0: url=jdbc:h2:mem:5c3a84a5-9546-4ca9-83e2-5b54c414dc7b user=SA
2025-01-28T02:16:28.775+03:00  INFO 25864 --- [MS_Dossier] [restartedMain] com.zaxxer.hikari.HikariDataSource       : HikariPool-1 - Start completed.
2025-01-28T02:16:28.794+03:00  INFO 25864 --- [MS_Dossier] [restartedMain] o.s.b.a.h2.H2ConsoleAutoConfiguration    : H2 console available at '/h2-console'. Database available at 'jdbc:h2:mem:5c3a84a5-9546-4ca9-83e2-5b54c414dc7b'
2025-01-28T02:16:29.009+03:00  INFO 25864 --- [MS_Dossier] [restartedMain] o.hibernate.jpa.internal.util.LogHelper  : HHH000204: Processing PersistenceUnitInfo [name: default]
2025-01-28T02:16:29.103+03:00  INFO 25864 --- [MS_Dossier] [restartedMain] org.hibernate.Version                    : HHH000412: Hibernate ORM core version 6.5.3.Final
2025-01-28T02:16:29.151+03:00  INFO 25864 --- [MS_Dossier] [restartedMain] o.h.c.internal.RegionFactoryInitiator    : HHH000026: Second-level cache disabled
2025-01-28T02:16:29.625+03:00  INFO 25864 --- [MS_Dossier] [restartedMain] o.s.o.j.p.SpringPersistenceUnitInfo      : No LoadTimeWeaver setup: ignoring JPA class transformer
2025-01-28T02:16:30.231+03:00  INFO 25864 --- [MS_Dossier] [restartedMain] o.h.e.t.j.p.i.JtaPlatformInitiator       : HHH000489: No JTA platform available (set 'hibernate.transaction.jta.platform' to enable JTA platform integration)
2025-01-28T02:16:30.239+03:00  INFO 25864 --- [MS_Dossier] [restartedMain] j.LocalContainerEntityManagerFactoryBean : Initialized JPA EntityManagerFactory for persistence unit 'default'
2025-01-28T02:16:30.540+03:00  WARN 25864 --- [MS_Dossier] [restartedMain] JpaBaseConfiguration$JpaWebConfiguration : spring.jpa.open-in-view is enabled by default. Therefore, database queries may be performed during view rendering. Explicitly configure spring.jpa.open-in-view to disable this warning
2025-01-28T02:16:31.549+03:00  INFO 25864 --- [MS_Dossier] [restartedMain] o.s.b.d.a.OptionalLiveReloadServer       : LiveReload server is running on port 35729
2025-01-28T02:16:32.586+03:00  INFO 25864 --- [MS_Dossier] [restartedMain] o.s.cloud.commons.util.InetUtils         : Cannot determine local hostname
2025-01-28T02:16:32.736+03:00  INFO 25864 --- [MS_Dossier] [restartedMain] o.s.b.w.embedded.tomcat.TomcatWebServer  : Tomcat started on port 8083 (http) with context path '/'
2025-01-28T02:16:33.750+03:00  INFO 25864 --- [MS_Dossier] [restartedMain] o.s.cloud.commons.util.InetUtils         : Cannot determine local hostname
2025-01-28T02:16:33.813+03:00  INFO 25864 --- [MS_Dossier] [restartedMain] o.a.k.clients.consumer.ConsumerConfig    : ConsumerConfig values: 
	allow.auto.create.topics = true
	auto.commit.interval.ms = 5000
	auto.include.jmx.reporter = true
	auto.offset.reset = latest
	bootstrap.servers = [localhost:9092]
	check.crcs = true
	client.dns.lookup = use_all_dns_ips
	client.id = consumer-MS_Dossier-1
	client.rack = 
	connections.max.idle.ms = 540000
	default.api.timeout.ms = 60000
	enable.auto.commit = false
	enable.metrics.push = true
	exclude.internal.topics = true
	fetch.max.bytes = 52428800
	fetch.max.wait.ms = 500
	fetch.min.bytes = 1
	group.id = MS_Dossier
	group.instance.id = null
	group.protocol = classic
	group.remote.assignor = null
	heartbeat.interval.ms = 3000
	interceptor.classes = []
	internal.leave.group.on.close = true
	internal.throw.on.fetch.stable.offset.unsupported = false
	isolation.level = read_uncommitted
	key.deserializer = class org.springframework.kafka.support.serializer.ErrorHandlingDeserializer
	max.partition.fetch.bytes = 1048576
	max.poll.interval.ms = 300000
	max.poll.records = 500
	metadata.max.age.ms = 300000
	metric.reporters = []
	metrics.num.samples = 2
	metrics.recording.level = INFO
	metrics.sample.window.ms = 30000
	partition.assignment.strategy = [class org.apache.kafka.clients.consumer.RangeAssignor, class org.apache.kafka.clients.consumer.CooperativeStickyAssignor]
	receive.buffer.bytes = 65536
	reconnect.backoff.max.ms = 1000
	reconnect.backoff.ms = 50
	request.timeout.ms = 30000
	retry.backoff.max.ms = 1000
	retry.backoff.ms = 100
	sasl.client.callback.handler.class = null
	sasl.jaas.config = null
	sasl.kerberos.kinit.cmd = /usr/bin/kinit
	sasl.kerberos.min.time.before.relogin = 60000
	sasl.kerberos.service.name = null
	sasl.kerberos.ticket.renew.jitter = 0.05
	sasl.kerberos.ticket.renew.window.factor = 0.8
	sasl.login.callback.handler.class = null
	sasl.login.class = null
	sasl.login.connect.timeout.ms = null
	sasl.login.read.timeout.ms = null
	sasl.login.refresh.buffer.seconds = 300
	sasl.login.refresh.min.period.seconds = 60
	sasl.login.refresh.window.factor = 0.8
	sasl.login.refresh.window.jitter = 0.05
	sasl.login.retry.backoff.max.ms = 10000
	sasl.login.retry.backoff.ms = 100
	sasl.mechanism = GSSAPI
	sasl.oauthbearer.clock.skew.seconds = 30
	sasl.oauthbearer.expected.audience = null
	sasl.oauthbearer.expected.issuer = null
	sasl.oauthbearer.jwks.endpoint.refresh.ms = 3600000
	sasl.oauthbearer.jwks.endpoint.retry.backoff.max.ms = 10000
	sasl.oauthbearer.jwks.endpoint.retry.backoff.ms = 100
	sasl.oauthbearer.jwks.endpoint.url = null
	sasl.oauthbearer.scope.claim.name = scope
	sasl.oauthbearer.sub.claim.name = sub
	sasl.oauthbearer.token.endpoint.url = null
	security.protocol = PLAINTEXT
	security.providers = null
	send.buffer.bytes = 131072
	session.timeout.ms = 45000
	socket.connection.setup.timeout.max.ms = 30000
	socket.connection.setup.timeout.ms = 10000
	ssl.cipher.suites = null
	ssl.enabled.protocols = [TLSv1.2, TLSv1.3]
	ssl.endpoint.identification.algorithm = https
	ssl.engine.factory.class = null
	ssl.key.password = null
	ssl.keymanager.algorithm = SunX509
	ssl.keystore.certificate.chain = null
	ssl.keystore.key = null
	ssl.keystore.location = null
	ssl.keystore.password = null
	ssl.keystore.type = JKS
	ssl.protocol = TLSv1.3
	ssl.provider = null
	ssl.secure.random.implementation = null
	ssl.trustmanager.algorithm = PKIX
	ssl.truststore.certificates = null
	ssl.truststore.location = null
	ssl.truststore.password = null
	ssl.truststore.type = JKS
	value.deserializer = class org.springframework.kafka.support.serializer.ErrorHandlingDeserializer

2025-01-28T02:16:33.884+03:00  INFO 25864 --- [MS_Dossier] [restartedMain] o.a.k.c.t.i.KafkaMetricsCollector        : initializing Kafka metrics collector
2025-01-28T02:16:34.110+03:00  INFO 25864 --- [MS_Dossier] [restartedMain] o.a.kafka.common.utils.AppInfoParser     : Kafka version: 3.7.1
2025-01-28T02:16:34.110+03:00  INFO 25864 --- [MS_Dossier] [restartedMain] o.a.kafka.common.utils.AppInfoParser     : Kafka commitId: e2494e6ffb89f828
2025-01-28T02:16:34.110+03:00  INFO 25864 --- [MS_Dossier] [restartedMain] o.a.kafka.common.utils.AppInfoParser     : Kafka startTimeMs: 1738019794108
2025-01-28T02:16:34.115+03:00  INFO 25864 --- [MS_Dossier] [restartedMain] o.a.k.c.c.internals.LegacyKafkaConsumer  : [Consumer clientId=consumer-MS_Dossier-1, groupId=MS_Dossier] Subscribed to topic(s): send-ses
2025-01-28T02:16:34.121+03:00  INFO 25864 --- [MS_Dossier] [restartedMain] o.a.k.clients.consumer.ConsumerConfig    : ConsumerConfig values: 
	allow.auto.create.topics = true
	auto.commit.interval.ms = 5000
	auto.include.jmx.reporter = true
	auto.offset.reset = latest
	bootstrap.servers = [localhost:9092]
	check.crcs = true
	client.dns.lookup = use_all_dns_ips
	client.id = consumer-MS_Dossier-2
	client.rack = 
	connections.max.idle.ms = 540000
	default.api.timeout.ms = 60000
	enable.auto.commit = false
	enable.metrics.push = true
	exclude.internal.topics = true
	fetch.max.bytes = 52428800
	fetch.max.wait.ms = 500
	fetch.min.bytes = 1
	group.id = MS_Dossier
	group.instance.id = null
	group.protocol = classic
	group.remote.assignor = null
	heartbeat.interval.ms = 3000
	interceptor.classes = []
	internal.leave.group.on.close = true
	internal.throw.on.fetch.stable.offset.unsupported = false
	isolation.level = read_uncommitted
	key.deserializer = class org.springframework.kafka.support.serializer.ErrorHandlingDeserializer
	max.partition.fetch.bytes = 1048576
	max.poll.interval.ms = 300000
	max.poll.records = 500
	metadata.max.age.ms = 300000
	metric.reporters = []
	metrics.num.samples = 2
	metrics.recording.level = INFO
	metrics.sample.window.ms = 30000
	partition.assignment.strategy = [class org.apache.kafka.clients.consumer.RangeAssignor, class org.apache.kafka.clients.consumer.CooperativeStickyAssignor]
	receive.buffer.bytes = 65536
	reconnect.backoff.max.ms = 1000
	reconnect.backoff.ms = 50
	request.timeout.ms = 30000
	retry.backoff.max.ms = 1000
	retry.backoff.ms = 100
	sasl.client.callback.handler.class = null
	sasl.jaas.config = null
	sasl.kerberos.kinit.cmd = /usr/bin/kinit
	sasl.kerberos.min.time.before.relogin = 60000
	sasl.kerberos.service.name = null
	sasl.kerberos.ticket.renew.jitter = 0.05
	sasl.kerberos.ticket.renew.window.factor = 0.8
	sasl.login.callback.handler.class = null
	sasl.login.class = null
	sasl.login.connect.timeout.ms = null
	sasl.login.read.timeout.ms = null
	sasl.login.refresh.buffer.seconds = 300
	sasl.login.refresh.min.period.seconds = 60
	sasl.login.refresh.window.factor = 0.8
	sasl.login.refresh.window.jitter = 0.05
	sasl.login.retry.backoff.max.ms = 10000
	sasl.login.retry.backoff.ms = 100
	sasl.mechanism = GSSAPI
	sasl.oauthbearer.clock.skew.seconds = 30
	sasl.oauthbearer.expected.audience = null
	sasl.oauthbearer.expected.issuer = null
	sasl.oauthbearer.jwks.endpoint.refresh.ms = 3600000
	sasl.oauthbearer.jwks.endpoint.retry.backoff.max.ms = 10000
	sasl.oauthbearer.jwks.endpoint.retry.backoff.ms = 100
	sasl.oauthbearer.jwks.endpoint.url = null
	sasl.oauthbearer.scope.claim.name = scope
	sasl.oauthbearer.sub.claim.name = sub
	sasl.oauthbearer.token.endpoint.url = null
	security.protocol = PLAINTEXT
	security.providers = null
	send.buffer.bytes = 131072
	session.timeout.ms = 45000
	socket.connection.setup.timeout.max.ms = 30000
	socket.connection.setup.timeout.ms = 10000
	ssl.cipher.suites = null
	ssl.enabled.protocols = [TLSv1.2, TLSv1.3]
	ssl.endpoint.identification.algorithm = https
	ssl.engine.factory.class = null
	ssl.key.password = null
	ssl.keymanager.algorithm = SunX509
	ssl.keystore.certificate.chain = null
	ssl.keystore.key = null
	ssl.keystore.location = null
	ssl.keystore.password = null
	ssl.keystore.type = JKS
	ssl.protocol = TLSv1.3
	ssl.provider = null
	ssl.secure.random.implementation = null
	ssl.trustmanager.algorithm = PKIX
	ssl.truststore.certificates = null
	ssl.truststore.location = null
	ssl.truststore.password = null
	ssl.truststore.type = JKS
	value.deserializer = class org.springframework.kafka.support.serializer.ErrorHandlingDeserializer

2025-01-28T02:16:34.122+03:00  INFO 25864 --- [MS_Dossier] [restartedMain] o.a.k.c.t.i.KafkaMetricsCollector        : initializing Kafka metrics collector
2025-01-28T02:16:34.137+03:00  INFO 25864 --- [MS_Dossier] [restartedMain] o.a.kafka.common.utils.AppInfoParser     : Kafka version: 3.7.1
2025-01-28T02:16:34.138+03:00  INFO 25864 --- [MS_Dossier] [restartedMain] o.a.kafka.common.utils.AppInfoParser     : Kafka commitId: e2494e6ffb89f828
2025-01-28T02:16:34.138+03:00  INFO 25864 --- [MS_Dossier] [restartedMain] o.a.kafka.common.utils.AppInfoParser     : Kafka startTimeMs: 1738019794137
2025-01-28T02:16:34.139+03:00  INFO 25864 --- [MS_Dossier] [restartedMain] o.a.k.c.c.internals.LegacyKafkaConsumer  : [Consumer clientId=consumer-MS_Dossier-2, groupId=MS_Dossier] Subscribed to topic(s): finish-registration
2025-01-28T02:16:34.142+03:00  INFO 25864 --- [MS_Dossier] [restartedMain] o.a.k.clients.consumer.ConsumerConfig    : ConsumerConfig values: 
	allow.auto.create.topics = true
	auto.commit.interval.ms = 5000
	auto.include.jmx.reporter = true
	auto.offset.reset = latest
	bootstrap.servers = [localhost:9092]
	check.crcs = true
	client.dns.lookup = use_all_dns_ips
	client.id = consumer-MS_Dossier-3
	client.rack = 
	connections.max.idle.ms = 540000
	default.api.timeout.ms = 60000
	enable.auto.commit = false
	enable.metrics.push = true
	exclude.internal.topics = true
	fetch.max.bytes = 52428800
	fetch.max.wait.ms = 500
	fetch.min.bytes = 1
	group.id = MS_Dossier
	group.instance.id = null
	group.protocol = classic
	group.remote.assignor = null
	heartbeat.interval.ms = 3000
	interceptor.classes = []
	internal.leave.group.on.close = true
	internal.throw.on.fetch.stable.offset.unsupported = false
	isolation.level = read_uncommitted
	key.deserializer = class org.springframework.kafka.support.serializer.ErrorHandlingDeserializer
	max.partition.fetch.bytes = 1048576
	max.poll.interval.ms = 300000
	max.poll.records = 500
	metadata.max.age.ms = 300000
	metric.reporters = []
	metrics.num.samples = 2
	metrics.recording.level = INFO
	metrics.sample.window.ms = 30000
	partition.assignment.strategy = [class org.apache.kafka.clients.consumer.RangeAssignor, class org.apache.kafka.clients.consumer.CooperativeStickyAssignor]
	receive.buffer.bytes = 65536
	reconnect.backoff.max.ms = 1000
	reconnect.backoff.ms = 50
	request.timeout.ms = 30000
	retry.backoff.max.ms = 1000
	retry.backoff.ms = 100
	sasl.client.callback.handler.class = null
	sasl.jaas.config = null
	sasl.kerberos.kinit.cmd = /usr/bin/kinit
	sasl.kerberos.min.time.before.relogin = 60000
	sasl.kerberos.service.name = null
	sasl.kerberos.ticket.renew.jitter = 0.05
	sasl.kerberos.ticket.renew.window.factor = 0.8
	sasl.login.callback.handler.class = null
	sasl.login.class = null
	sasl.login.connect.timeout.ms = null
	sasl.login.read.timeout.ms = null
	sasl.login.refresh.buffer.seconds = 300
	sasl.login.refresh.min.period.seconds = 60
	sasl.login.refresh.window.factor = 0.8
	sasl.login.refresh.window.jitter = 0.05
	sasl.login.retry.backoff.max.ms = 10000
	sasl.login.retry.backoff.ms = 100
	sasl.mechanism = GSSAPI
	sasl.oauthbearer.clock.skew.seconds = 30
	sasl.oauthbearer.expected.audience = null
	sasl.oauthbearer.expected.issuer = null
	sasl.oauthbearer.jwks.endpoint.refresh.ms = 3600000
	sasl.oauthbearer.jwks.endpoint.retry.backoff.max.ms = 10000
	sasl.oauthbearer.jwks.endpoint.retry.backoff.ms = 100
	sasl.oauthbearer.jwks.endpoint.url = null
	sasl.oauthbearer.scope.claim.name = scope
	sasl.oauthbearer.sub.claim.name = sub
	sasl.oauthbearer.token.endpoint.url = null
	security.protocol = PLAINTEXT
	security.providers = null
	send.buffer.bytes = 131072
	session.timeout.ms = 45000
	socket.connection.setup.timeout.max.ms = 30000
	socket.connection.setup.timeout.ms = 10000
	ssl.cipher.suites = null
	ssl.enabled.protocols = [TLSv1.2, TLSv1.3]
	ssl.endpoint.identification.algorithm = https
	ssl.engine.factory.class = null
	ssl.key.password = null
	ssl.keymanager.algorithm = SunX509
	ssl.keystore.certificate.chain = null
	ssl.keystore.key = null
	ssl.keystore.location = null
	ssl.keystore.password = null
	ssl.keystore.type = JKS
	ssl.protocol = TLSv1.3
	ssl.provider = null
	ssl.secure.random.implementation = null
	ssl.trustmanager.algorithm = PKIX
	ssl.truststore.certificates = null
	ssl.truststore.location = null
	ssl.truststore.password = null
	ssl.truststore.type = JKS
	value.deserializer = class org.springframework.kafka.support.serializer.ErrorHandlingDeserializer

2025-01-28T02:16:34.142+03:00  INFO 25864 --- [MS_Dossier] [restartedMain] o.a.k.c.t.i.KafkaMetricsCollector        : initializing Kafka metrics collector
2025-01-28T02:16:34.154+03:00  INFO 25864 --- [MS_Dossier] [restartedMain] o.a.kafka.common.utils.AppInfoParser     : Kafka version: 3.7.1
2025-01-28T02:16:34.154+03:00  INFO 25864 --- [MS_Dossier] [restartedMain] o.a.kafka.common.utils.AppInfoParser     : Kafka commitId: e2494e6ffb89f828
2025-01-28T02:16:34.154+03:00  INFO 25864 --- [MS_Dossier] [restartedMain] o.a.kafka.common.utils.AppInfoParser     : Kafka startTimeMs: 1738019794154
2025-01-28T02:16:34.154+03:00  INFO 25864 --- [MS_Dossier] [restartedMain] o.a.k.c.c.internals.LegacyKafkaConsumer  : [Consumer clientId=consumer-MS_Dossier-3, groupId=MS_Dossier] Subscribed to topic(s): send-documents
2025-01-28T02:16:34.155+03:00  INFO 25864 --- [MS_Dossier] [restartedMain] o.a.k.clients.consumer.ConsumerConfig    : ConsumerConfig values: 
	allow.auto.create.topics = true
	auto.commit.interval.ms = 5000
	auto.include.jmx.reporter = true
	auto.offset.reset = latest
	bootstrap.servers = [localhost:9092]
	check.crcs = true
	client.dns.lookup = use_all_dns_ips
	client.id = consumer-MS_Dossier-4
	client.rack = 
	connections.max.idle.ms = 540000
	default.api.timeout.ms = 60000
	enable.auto.commit = false
	enable.metrics.push = true
	exclude.internal.topics = true
	fetch.max.bytes = 52428800
	fetch.max.wait.ms = 500
	fetch.min.bytes = 1
	group.id = MS_Dossier
	group.instance.id = null
	group.protocol = classic
	group.remote.assignor = null
	heartbeat.interval.ms = 3000
	interceptor.classes = []
	internal.leave.group.on.close = true
	internal.throw.on.fetch.stable.offset.unsupported = false
	isolation.level = read_uncommitted
	key.deserializer = class org.springframework.kafka.support.serializer.ErrorHandlingDeserializer
	max.partition.fetch.bytes = 1048576
	max.poll.interval.ms = 300000
	max.poll.records = 500
	metadata.max.age.ms = 300000
	metric.reporters = []
	metrics.num.samples = 2
	metrics.recording.level = INFO
	metrics.sample.window.ms = 30000
	partition.assignment.strategy = [class org.apache.kafka.clients.consumer.RangeAssignor, class org.apache.kafka.clients.consumer.CooperativeStickyAssignor]
	receive.buffer.bytes = 65536
	reconnect.backoff.max.ms = 1000
	reconnect.backoff.ms = 50
	request.timeout.ms = 30000
	retry.backoff.max.ms = 1000
	retry.backoff.ms = 100
	sasl.client.callback.handler.class = null
	sasl.jaas.config = null
	sasl.kerberos.kinit.cmd = /usr/bin/kinit
	sasl.kerberos.min.time.before.relogin = 60000
	sasl.kerberos.service.name = null
	sasl.kerberos.ticket.renew.jitter = 0.05
	sasl.kerberos.ticket.renew.window.factor = 0.8
	sasl.login.callback.handler.class = null
	sasl.login.class = null
	sasl.login.connect.timeout.ms = null
	sasl.login.read.timeout.ms = null
	sasl.login.refresh.buffer.seconds = 300
	sasl.login.refresh.min.period.seconds = 60
	sasl.login.refresh.window.factor = 0.8
	sasl.login.refresh.window.jitter = 0.05
	sasl.login.retry.backoff.max.ms = 10000
	sasl.login.retry.backoff.ms = 100
	sasl.mechanism = GSSAPI
	sasl.oauthbearer.clock.skew.seconds = 30
	sasl.oauthbearer.expected.audience = null
	sasl.oauthbearer.expected.issuer = null
	sasl.oauthbearer.jwks.endpoint.refresh.ms = 3600000
	sasl.oauthbearer.jwks.endpoint.retry.backoff.max.ms = 10000
	sasl.oauthbearer.jwks.endpoint.retry.backoff.ms = 100
	sasl.oauthbearer.jwks.endpoint.url = null
	sasl.oauthbearer.scope.claim.name = scope
	sasl.oauthbearer.sub.claim.name = sub
	sasl.oauthbearer.token.endpoint.url = null
	security.protocol = PLAINTEXT
	security.providers = null
	send.buffer.bytes = 131072
	session.timeout.ms = 45000
	socket.connection.setup.timeout.max.ms = 30000
	socket.connection.setup.timeout.ms = 10000
	ssl.cipher.suites = null
	ssl.enabled.protocols = [TLSv1.2, TLSv1.3]
	ssl.endpoint.identification.algorithm = https
	ssl.engine.factory.class = null
	ssl.key.password = null
	ssl.keymanager.algorithm = SunX509
	ssl.keystore.certificate.chain = null
	ssl.keystore.key = null
	ssl.keystore.location = null
	ssl.keystore.password = null
	ssl.keystore.type = JKS
	ssl.protocol = TLSv1.3
	ssl.provider = null
	ssl.secure.random.implementation = null
	ssl.trustmanager.algorithm = PKIX
	ssl.truststore.certificates = null
	ssl.truststore.location = null
	ssl.truststore.password = null
	ssl.truststore.type = JKS
	value.deserializer = class org.springframework.kafka.support.serializer.ErrorHandlingDeserializer

2025-01-28T02:16:34.156+03:00  INFO 25864 --- [MS_Dossier] [restartedMain] o.a.k.c.t.i.KafkaMetricsCollector        : initializing Kafka metrics collector
2025-01-28T02:16:34.166+03:00  INFO 25864 --- [MS_Dossier] [restartedMain] o.a.kafka.common.utils.AppInfoParser     : Kafka version: 3.7.1
2025-01-28T02:16:34.166+03:00  INFO 25864 --- [MS_Dossier] [restartedMain] o.a.kafka.common.utils.AppInfoParser     : Kafka commitId: e2494e6ffb89f828
2025-01-28T02:16:34.166+03:00  INFO 25864 --- [MS_Dossier] [restartedMain] o.a.kafka.common.utils.AppInfoParser     : Kafka startTimeMs: 1738019794166
2025-01-28T02:16:34.168+03:00  INFO 25864 --- [MS_Dossier] [restartedMain] o.a.k.c.c.internals.LegacyKafkaConsumer  : [Consumer clientId=consumer-MS_Dossier-4, groupId=MS_Dossier] Subscribed to topic(s): statement-denied
2025-01-28T02:16:34.170+03:00  INFO 25864 --- [MS_Dossier] [restartedMain] o.a.k.clients.consumer.ConsumerConfig    : ConsumerConfig values: 
	allow.auto.create.topics = true
	auto.commit.interval.ms = 5000
	auto.include.jmx.reporter = true
	auto.offset.reset = latest
	bootstrap.servers = [localhost:9092]
	check.crcs = true
	client.dns.lookup = use_all_dns_ips
	client.id = consumer-MS_Dossier-5
	client.rack = 
	connections.max.idle.ms = 540000
	default.api.timeout.ms = 60000
	enable.auto.commit = false
	enable.metrics.push = true
	exclude.internal.topics = true
	fetch.max.bytes = 52428800
	fetch.max.wait.ms = 500
	fetch.min.bytes = 1
	group.id = MS_Dossier
	group.instance.id = null
	group.protocol = classic
	group.remote.assignor = null
	heartbeat.interval.ms = 3000
	interceptor.classes = []
	internal.leave.group.on.close = true
	internal.throw.on.fetch.stable.offset.unsupported = false
	isolation.level = read_uncommitted
	key.deserializer = class org.springframework.kafka.support.serializer.ErrorHandlingDeserializer
	max.partition.fetch.bytes = 1048576
	max.poll.interval.ms = 300000
	max.poll.records = 500
	metadata.max.age.ms = 300000
	metric.reporters = []
	metrics.num.samples = 2
	metrics.recording.level = INFO
	metrics.sample.window.ms = 30000
	partition.assignment.strategy = [class org.apache.kafka.clients.consumer.RangeAssignor, class org.apache.kafka.clients.consumer.CooperativeStickyAssignor]
	receive.buffer.bytes = 65536
	reconnect.backoff.max.ms = 1000
	reconnect.backoff.ms = 50
	request.timeout.ms = 30000
	retry.backoff.max.ms = 1000
	retry.backoff.ms = 100
	sasl.client.callback.handler.class = null
	sasl.jaas.config = null
	sasl.kerberos.kinit.cmd = /usr/bin/kinit
	sasl.kerberos.min.time.before.relogin = 60000
	sasl.kerberos.service.name = null
	sasl.kerberos.ticket.renew.jitter = 0.05
	sasl.kerberos.ticket.renew.window.factor = 0.8
	sasl.login.callback.handler.class = null
	sasl.login.class = null
	sasl.login.connect.timeout.ms = null
	sasl.login.read.timeout.ms = null
	sasl.login.refresh.buffer.seconds = 300
	sasl.login.refresh.min.period.seconds = 60
	sasl.login.refresh.window.factor = 0.8
	sasl.login.refresh.window.jitter = 0.05
	sasl.login.retry.backoff.max.ms = 10000
	sasl.login.retry.backoff.ms = 100
	sasl.mechanism = GSSAPI
	sasl.oauthbearer.clock.skew.seconds = 30
	sasl.oauthbearer.expected.audience = null
	sasl.oauthbearer.expected.issuer = null
	sasl.oauthbearer.jwks.endpoint.refresh.ms = 3600000
	sasl.oauthbearer.jwks.endpoint.retry.backoff.max.ms = 10000
	sasl.oauthbearer.jwks.endpoint.retry.backoff.ms = 100
	sasl.oauthbearer.jwks.endpoint.url = null
	sasl.oauthbearer.scope.claim.name = scope
	sasl.oauthbearer.sub.claim.name = sub
	sasl.oauthbearer.token.endpoint.url = null
	security.protocol = PLAINTEXT
	security.providers = null
	send.buffer.bytes = 131072
	session.timeout.ms = 45000
	socket.connection.setup.timeout.max.ms = 30000
	socket.connection.setup.timeout.ms = 10000
	ssl.cipher.suites = null
	ssl.enabled.protocols = [TLSv1.2, TLSv1.3]
	ssl.endpoint.identification.algorithm = https
	ssl.engine.factory.class = null
	ssl.key.password = null
	ssl.keymanager.algorithm = SunX509
	ssl.keystore.certificate.chain = null
	ssl.keystore.key = null
	ssl.keystore.location = null
	ssl.keystore.password = null
	ssl.keystore.type = JKS
	ssl.protocol = TLSv1.3
	ssl.provider = null
	ssl.secure.random.implementation = null
	ssl.trustmanager.algorithm = PKIX
	ssl.truststore.certificates = null
	ssl.truststore.location = null
	ssl.truststore.password = null
	ssl.truststore.type = JKS
	value.deserializer = class org.springframework.kafka.support.serializer.ErrorHandlingDeserializer

2025-01-28T02:16:34.171+03:00  INFO 25864 --- [MS_Dossier] [restartedMain] o.a.k.c.t.i.KafkaMetricsCollector        : initializing Kafka metrics collector
2025-01-28T02:16:34.178+03:00  INFO 25864 --- [MS_Dossier] [restartedMain] o.a.kafka.common.utils.AppInfoParser     : Kafka version: 3.7.1
2025-01-28T02:16:34.178+03:00  INFO 25864 --- [MS_Dossier] [restartedMain] o.a.kafka.common.utils.AppInfoParser     : Kafka commitId: e2494e6ffb89f828
2025-01-28T02:16:34.178+03:00  INFO 25864 --- [MS_Dossier] [restartedMain] o.a.kafka.common.utils.AppInfoParser     : Kafka startTimeMs: 1738019794178
2025-01-28T02:16:34.179+03:00  INFO 25864 --- [MS_Dossier] [restartedMain] o.a.k.c.c.internals.LegacyKafkaConsumer  : [Consumer clientId=consumer-MS_Dossier-5, groupId=MS_Dossier] Subscribed to topic(s): credit-issued
2025-01-28T02:16:34.182+03:00  INFO 25864 --- [MS_Dossier] [restartedMain] o.a.k.clients.consumer.ConsumerConfig    : ConsumerConfig values: 
	allow.auto.create.topics = true
	auto.commit.interval.ms = 5000
	auto.include.jmx.reporter = true
	auto.offset.reset = latest
	bootstrap.servers = [localhost:9092]
	check.crcs = true
	client.dns.lookup = use_all_dns_ips
	client.id = consumer-MS_Dossier-6
	client.rack = 
	connections.max.idle.ms = 540000
	default.api.timeout.ms = 60000
	enable.auto.commit = false
	enable.metrics.push = true
	exclude.internal.topics = true
	fetch.max.bytes = 52428800
	fetch.max.wait.ms = 500
	fetch.min.bytes = 1
	group.id = MS_Dossier
	group.instance.id = null
	group.protocol = classic
	group.remote.assignor = null
	heartbeat.interval.ms = 3000
	interceptor.classes = []
	internal.leave.group.on.close = true
	internal.throw.on.fetch.stable.offset.unsupported = false
	isolation.level = read_uncommitted
	key.deserializer = class org.springframework.kafka.support.serializer.ErrorHandlingDeserializer
	max.partition.fetch.bytes = 1048576
	max.poll.interval.ms = 300000
	max.poll.records = 500
	metadata.max.age.ms = 300000
	metric.reporters = []
	metrics.num.samples = 2
	metrics.recording.level = INFO
	metrics.sample.window.ms = 30000
	partition.assignment.strategy = [class org.apache.kafka.clients.consumer.RangeAssignor, class org.apache.kafka.clients.consumer.CooperativeStickyAssignor]
	receive.buffer.bytes = 65536
	reconnect.backoff.max.ms = 1000
	reconnect.backoff.ms = 50
	request.timeout.ms = 30000
	retry.backoff.max.ms = 1000
	retry.backoff.ms = 100
	sasl.client.callback.handler.class = null
	sasl.jaas.config = null
	sasl.kerberos.kinit.cmd = /usr/bin/kinit
	sasl.kerberos.min.time.before.relogin = 60000
	sasl.kerberos.service.name = null
	sasl.kerberos.ticket.renew.jitter = 0.05
	sasl.kerberos.ticket.renew.window.factor = 0.8
	sasl.login.callback.handler.class = null
	sasl.login.class = null
	sasl.login.connect.timeout.ms = null
	sasl.login.read.timeout.ms = null
	sasl.login.refresh.buffer.seconds = 300
	sasl.login.refresh.min.period.seconds = 60
	sasl.login.refresh.window.factor = 0.8
	sasl.login.refresh.window.jitter = 0.05
	sasl.login.retry.backoff.max.ms = 10000
	sasl.login.retry.backoff.ms = 100
	sasl.mechanism = GSSAPI
	sasl.oauthbearer.clock.skew.seconds = 30
	sasl.oauthbearer.expected.audience = null
	sasl.oauthbearer.expected.issuer = null
	sasl.oauthbearer.jwks.endpoint.refresh.ms = 3600000
	sasl.oauthbearer.jwks.endpoint.retry.backoff.max.ms = 10000
	sasl.oauthbearer.jwks.endpoint.retry.backoff.ms = 100
	sasl.oauthbearer.jwks.endpoint.url = null
	sasl.oauthbearer.scope.claim.name = scope
	sasl.oauthbearer.sub.claim.name = sub
	sasl.oauthbearer.token.endpoint.url = null
	security.protocol = PLAINTEXT
	security.providers = null
	send.buffer.bytes = 131072
	session.timeout.ms = 45000
	socket.connection.setup.timeout.max.ms = 30000
	socket.connection.setup.timeout.ms = 10000
	ssl.cipher.suites = null
	ssl.enabled.protocols = [TLSv1.2, TLSv1.3]
	ssl.endpoint.identification.algorithm = https
	ssl.engine.factory.class = null
	ssl.key.password = null
	ssl.keymanager.algorithm = SunX509
	ssl.keystore.certificate.chain = null
	ssl.keystore.key = null
	ssl.keystore.location = null
	ssl.keystore.password = null
	ssl.keystore.type = JKS
	ssl.protocol = TLSv1.3
	ssl.provider = null
	ssl.secure.random.implementation = null
	ssl.trustmanager.algorithm = PKIX
	ssl.truststore.certificates = null
	ssl.truststore.location = null
	ssl.truststore.password = null
	ssl.truststore.type = JKS
	value.deserializer = class org.springframework.kafka.support.serializer.ErrorHandlingDeserializer

2025-01-28T02:16:34.182+03:00  INFO 25864 --- [MS_Dossier] [restartedMain] o.a.k.c.t.i.KafkaMetricsCollector        : initializing Kafka metrics collector
2025-01-28T02:16:34.191+03:00  INFO 25864 --- [MS_Dossier] [restartedMain] o.a.kafka.common.utils.AppInfoParser     : Kafka version: 3.7.1
2025-01-28T02:16:34.192+03:00  INFO 25864 --- [MS_Dossier] [restartedMain] o.a.kafka.common.utils.AppInfoParser     : Kafka commitId: e2494e6ffb89f828
2025-01-28T02:16:34.192+03:00  INFO 25864 --- [MS_Dossier] [restartedMain] o.a.kafka.common.utils.AppInfoParser     : Kafka startTimeMs: 1738019794191
2025-01-28T02:16:34.192+03:00  INFO 25864 --- [MS_Dossier] [restartedMain] o.a.k.c.c.internals.LegacyKafkaConsumer  : [Consumer clientId=consumer-MS_Dossier-6, groupId=MS_Dossier] Subscribed to topic(s): create-documents
2025-01-28T02:16:34.205+03:00  INFO 25864 --- [MS_Dossier] [restartedMain] ru.dossier.DossierApplication            : Started DossierApplication in 9.747 seconds (process running for 10.956)
2025-01-28T02:16:34.623+03:00  INFO 25864 --- [MS_Dossier] [send-ses-listener-0-C-1] org.apache.kafka.clients.Metadata        : [Consumer clientId=consumer-MS_Dossier-1, groupId=MS_Dossier] Cluster ID: jmhMD_wZQNOR7wW8MvhPGQ
2025-01-28T02:16:34.623+03:00  INFO 25864 --- [MS_Dossier] [credit-issued-listener-0-C-1] org.apache.kafka.clients.Metadata        : [Consumer clientId=consumer-MS_Dossier-5, groupId=MS_Dossier] Cluster ID: jmhMD_wZQNOR7wW8MvhPGQ
2025-01-28T02:16:34.623+03:00  INFO 25864 --- [MS_Dossier] [send-documents-listener-0-C-1] org.apache.kafka.clients.Metadata        : [Consumer clientId=consumer-MS_Dossier-3, groupId=MS_Dossier] Cluster ID: jmhMD_wZQNOR7wW8MvhPGQ
2025-01-28T02:16:34.623+03:00  INFO 25864 --- [MS_Dossier] [finish-registration-listener-0-C-1] org.apache.kafka.clients.Metadata        : [Consumer clientId=consumer-MS_Dossier-2, groupId=MS_Dossier] Cluster ID: jmhMD_wZQNOR7wW8MvhPGQ
2025-01-28T02:16:34.623+03:00  INFO 25864 --- [MS_Dossier] [statement-denied-listener-0-C-1] org.apache.kafka.clients.Metadata        : [Consumer clientId=consumer-MS_Dossier-4, groupId=MS_Dossier] Cluster ID: jmhMD_wZQNOR7wW8MvhPGQ
2025-01-28T02:16:34.623+03:00  INFO 25864 --- [MS_Dossier] [create-documents-listener-0-C-1] org.apache.kafka.clients.Metadata        : [Consumer clientId=consumer-MS_Dossier-6, groupId=MS_Dossier] Cluster ID: jmhMD_wZQNOR7wW8MvhPGQ
2025-01-28T02:16:34.623+03:00  INFO 25864 --- [MS_Dossier] [create-documents-listener-0-C-1] o.a.k.c.c.internals.ConsumerCoordinator  : [Consumer clientId=consumer-MS_Dossier-6, groupId=MS_Dossier] Discovered group coordinator localhost:9092 (id: 2147483646 rack: null)
2025-01-28T02:16:34.623+03:00  INFO 25864 --- [MS_Dossier] [send-documents-listener-0-C-1] o.a.k.c.c.internals.ConsumerCoordinator  : [Consumer clientId=consumer-MS_Dossier-3, groupId=MS_Dossier] Discovered group coordinator localhost:9092 (id: 2147483646 rack: null)
2025-01-28T02:16:34.623+03:00  INFO 25864 --- [MS_Dossier] [credit-issued-listener-0-C-1] o.a.k.c.c.internals.ConsumerCoordinator  : [Consumer clientId=consumer-MS_Dossier-5, groupId=MS_Dossier] Discovered group coordinator localhost:9092 (id: 2147483646 rack: null)
2025-01-28T02:16:34.623+03:00  INFO 25864 --- [MS_Dossier] [send-ses-listener-0-C-1] o.a.k.c.c.internals.ConsumerCoordinator  : [Consumer clientId=consumer-MS_Dossier-1, groupId=MS_Dossier] Discovered group coordinator localhost:9092 (id: 2147483646 rack: null)
2025-01-28T02:16:34.624+03:00  INFO 25864 --- [MS_Dossier] [finish-registration-listener-0-C-1] o.a.k.c.c.internals.ConsumerCoordinator  : [Consumer clientId=consumer-MS_Dossier-2, groupId=MS_Dossier] Discovered group coordinator localhost:9092 (id: 2147483646 rack: null)
2025-01-28T02:16:34.624+03:00  INFO 25864 --- [MS_Dossier] [statement-denied-listener-0-C-1] o.a.k.c.c.internals.ConsumerCoordinator  : [Consumer clientId=consumer-MS_Dossier-4, groupId=MS_Dossier] Discovered group coordinator localhost:9092 (id: 2147483646 rack: null)
2025-01-28T02:16:34.627+03:00  INFO 25864 --- [MS_Dossier] [statement-denied-listener-0-C-1] o.a.k.c.c.internals.ConsumerCoordinator  : [Consumer clientId=consumer-MS_Dossier-4, groupId=MS_Dossier] (Re-)joining group
2025-01-28T02:16:34.627+03:00  INFO 25864 --- [MS_Dossier] [send-ses-listener-0-C-1] o.a.k.c.c.internals.ConsumerCoordinator  : [Consumer clientId=consumer-MS_Dossier-1, groupId=MS_Dossier] (Re-)joining group
2025-01-28T02:16:34.627+03:00  INFO 25864 --- [MS_Dossier] [create-documents-listener-0-C-1] o.a.k.c.c.internals.ConsumerCoordinator  : [Consumer clientId=consumer-MS_Dossier-6, groupId=MS_Dossier] (Re-)joining group
2025-01-28T02:16:34.627+03:00  INFO 25864 --- [MS_Dossier] [send-documents-listener-0-C-1] o.a.k.c.c.internals.ConsumerCoordinator  : [Consumer clientId=consumer-MS_Dossier-3, groupId=MS_Dossier] (Re-)joining group
2025-01-28T02:16:34.627+03:00  INFO 25864 --- [MS_Dossier] [credit-issued-listener-0-C-1] o.a.k.c.c.internals.ConsumerCoordinator  : [Consumer clientId=consumer-MS_Dossier-5, groupId=MS_Dossier] (Re-)joining group
2025-01-28T02:16:34.627+03:00  INFO 25864 --- [MS_Dossier] [finish-registration-listener-0-C-1] o.a.k.c.c.internals.ConsumerCoordinator  : [Consumer clientId=consumer-MS_Dossier-2, groupId=MS_Dossier] (Re-)joining group
2025-01-28T02:16:34.654+03:00  INFO 25864 --- [MS_Dossier] [create-documents-listener-0-C-1] o.a.k.c.c.internals.ConsumerCoordinator  : [Consumer clientId=consumer-MS_Dossier-6, groupId=MS_Dossier] Request joining group due to: need to re-join with the given member-id: consumer-MS_Dossier-6-fd5208e1-1611-4020-b910-b86d2f4538d4
2025-01-28T02:16:34.654+03:00  INFO 25864 --- [MS_Dossier] [send-documents-listener-0-C-1] o.a.k.c.c.internals.ConsumerCoordinator  : [Consumer clientId=consumer-MS_Dossier-3, groupId=MS_Dossier] Request joining group due to: need to re-join with the given member-id: consumer-MS_Dossier-3-459faab6-a2b2-46f4-979e-155e5b5d00dc
2025-01-28T02:16:34.654+03:00  INFO 25864 --- [MS_Dossier] [credit-issued-listener-0-C-1] o.a.k.c.c.internals.ConsumerCoordinator  : [Consumer clientId=consumer-MS_Dossier-5, groupId=MS_Dossier] Request joining group due to: need to re-join with the given member-id: consumer-MS_Dossier-5-6aed4695-cae3-43b1-a4d7-c8c426992783
2025-01-28T02:16:34.654+03:00  INFO 25864 --- [MS_Dossier] [send-ses-listener-0-C-1] o.a.k.c.c.internals.ConsumerCoordinator  : [Consumer clientId=consumer-MS_Dossier-1, groupId=MS_Dossier] Request joining group due to: need to re-join with the given member-id: consumer-MS_Dossier-1-b4353d8d-2381-4db1-ae93-960372b9753a
2025-01-28T02:16:34.654+03:00  INFO 25864 --- [MS_Dossier] [statement-denied-listener-0-C-1] o.a.k.c.c.internals.ConsumerCoordinator  : [Consumer clientId=consumer-MS_Dossier-4, groupId=MS_Dossier] Request joining group due to: need to re-join with the given member-id: consumer-MS_Dossier-4-840c7cd3-9bca-4b18-b8ff-7f05e775ffab
2025-01-28T02:16:34.655+03:00  INFO 25864 --- [MS_Dossier] [statement-denied-listener-0-C-1] o.a.k.c.c.internals.ConsumerCoordinator  : [Consumer clientId=consumer-MS_Dossier-4, groupId=MS_Dossier] (Re-)joining group
2025-01-28T02:16:34.655+03:00  INFO 25864 --- [MS_Dossier] [send-ses-listener-0-C-1] o.a.k.c.c.internals.ConsumerCoordinator  : [Consumer clientId=consumer-MS_Dossier-1, groupId=MS_Dossier] (Re-)joining group
2025-01-28T02:16:34.655+03:00  INFO 25864 --- [MS_Dossier] [send-documents-listener-0-C-1] o.a.k.c.c.internals.ConsumerCoordinator  : [Consumer clientId=consumer-MS_Dossier-3, groupId=MS_Dossier] (Re-)joining group
2025-01-28T02:16:34.654+03:00  INFO 25864 --- [MS_Dossier] [finish-registration-listener-0-C-1] o.a.k.c.c.internals.ConsumerCoordinator  : [Consumer clientId=consumer-MS_Dossier-2, groupId=MS_Dossier] Request joining group due to: need to re-join with the given member-id: consumer-MS_Dossier-2-8e75bdeb-5d9e-4f45-b56e-eee1a6e91cb7
2025-01-28T02:16:34.655+03:00  INFO 25864 --- [MS_Dossier] [create-documents-listener-0-C-1] o.a.k.c.c.internals.ConsumerCoordinator  : [Consumer clientId=consumer-MS_Dossier-6, groupId=MS_Dossier] (Re-)joining group
2025-01-28T02:16:34.656+03:00  INFO 25864 --- [MS_Dossier] [finish-registration-listener-0-C-1] o.a.k.c.c.internals.ConsumerCoordinator  : [Consumer clientId=consumer-MS_Dossier-2, groupId=MS_Dossier] (Re-)joining group
2025-01-28T02:16:34.655+03:00  INFO 25864 --- [MS_Dossier] [credit-issued-listener-0-C-1] o.a.k.c.c.internals.ConsumerCoordinator  : [Consumer clientId=consumer-MS_Dossier-5, groupId=MS_Dossier] (Re-)joining group
2025-01-28T02:16:37.660+03:00  INFO 25864 --- [MS_Dossier] [statement-denied-listener-0-C-1] o.a.k.c.c.internals.ConsumerCoordinator  : [Consumer clientId=consumer-MS_Dossier-4, groupId=MS_Dossier] Successfully joined group with generation Generation{generationId=153, memberId='consumer-MS_Dossier-4-840c7cd3-9bca-4b18-b8ff-7f05e775ffab', protocol='range'}
2025-01-28T02:16:37.660+03:00  INFO 25864 --- [MS_Dossier] [send-documents-listener-0-C-1] o.a.k.c.c.internals.ConsumerCoordinator  : [Consumer clientId=consumer-MS_Dossier-3, groupId=MS_Dossier] Successfully joined group with generation Generation{generationId=153, memberId='consumer-MS_Dossier-3-459faab6-a2b2-46f4-979e-155e5b5d00dc', protocol='range'}
2025-01-28T02:16:37.660+03:00  INFO 25864 --- [MS_Dossier] [finish-registration-listener-0-C-1] o.a.k.c.c.internals.ConsumerCoordinator  : [Consumer clientId=consumer-MS_Dossier-2, groupId=MS_Dossier] Successfully joined group with generation Generation{generationId=153, memberId='consumer-MS_Dossier-2-8e75bdeb-5d9e-4f45-b56e-eee1a6e91cb7', protocol='range'}
2025-01-28T02:16:37.660+03:00  INFO 25864 --- [MS_Dossier] [create-documents-listener-0-C-1] o.a.k.c.c.internals.ConsumerCoordinator  : [Consumer clientId=consumer-MS_Dossier-6, groupId=MS_Dossier] Successfully joined group with generation Generation{generationId=153, memberId='consumer-MS_Dossier-6-fd5208e1-1611-4020-b910-b86d2f4538d4', protocol='range'}
2025-01-28T02:16:37.660+03:00  INFO 25864 --- [MS_Dossier] [send-ses-listener-0-C-1] o.a.k.c.c.internals.ConsumerCoordinator  : [Consumer clientId=consumer-MS_Dossier-1, groupId=MS_Dossier] Successfully joined group with generation Generation{generationId=153, memberId='consumer-MS_Dossier-1-b4353d8d-2381-4db1-ae93-960372b9753a', protocol='range'}
2025-01-28T02:16:37.660+03:00  INFO 25864 --- [MS_Dossier] [credit-issued-listener-0-C-1] o.a.k.c.c.internals.ConsumerCoordinator  : [Consumer clientId=consumer-MS_Dossier-5, groupId=MS_Dossier] Successfully joined group with generation Generation{generationId=153, memberId='consumer-MS_Dossier-5-6aed4695-cae3-43b1-a4d7-c8c426992783', protocol='range'}
2025-01-28T02:16:37.673+03:00  INFO 25864 --- [MS_Dossier] [credit-issued-listener-0-C-1] o.a.k.c.c.internals.ConsumerCoordinator  : [Consumer clientId=consumer-MS_Dossier-5, groupId=MS_Dossier] Finished assignment for group at generation 153: {consumer-MS_Dossier-5-6aed4695-cae3-43b1-a4d7-c8c426992783=Assignment(partitions=[credit-issued-0]), consumer-MS_Dossier-1-b4353d8d-2381-4db1-ae93-960372b9753a=Assignment(partitions=[send-ses-0]), consumer-MS_Dossier-6-fd5208e1-1611-4020-b910-b86d2f4538d4=Assignment(partitions=[create-documents-0]), consumer-MS_Dossier-2-8e75bdeb-5d9e-4f45-b56e-eee1a6e91cb7=Assignment(partitions=[finish-registration-0]), consumer-MS_Dossier-4-840c7cd3-9bca-4b18-b8ff-7f05e775ffab=Assignment(partitions=[statement-denied-0]), consumer-MS_Dossier-3-459faab6-a2b2-46f4-979e-155e5b5d00dc=Assignment(partitions=[send-documents-0])}
2025-01-28T02:16:37.679+03:00  INFO 25864 --- [MS_Dossier] [send-documents-listener-0-C-1] o.a.k.c.c.internals.ConsumerCoordinator  : [Consumer clientId=consumer-MS_Dossier-3, groupId=MS_Dossier] Successfully synced group in generation Generation{generationId=153, memberId='consumer-MS_Dossier-3-459faab6-a2b2-46f4-979e-155e5b5d00dc', protocol='range'}
2025-01-28T02:16:37.679+03:00  INFO 25864 --- [MS_Dossier] [send-ses-listener-0-C-1] o.a.k.c.c.internals.ConsumerCoordinator  : [Consumer clientId=consumer-MS_Dossier-1, groupId=MS_Dossier] Successfully synced group in generation Generation{generationId=153, memberId='consumer-MS_Dossier-1-b4353d8d-2381-4db1-ae93-960372b9753a', protocol='range'}
2025-01-28T02:16:37.679+03:00  INFO 25864 --- [MS_Dossier] [finish-registration-listener-0-C-1] o.a.k.c.c.internals.ConsumerCoordinator  : [Consumer clientId=consumer-MS_Dossier-2, groupId=MS_Dossier] Successfully synced group in generation Generation{generationId=153, memberId='consumer-MS_Dossier-2-8e75bdeb-5d9e-4f45-b56e-eee1a6e91cb7', protocol='range'}
2025-01-28T02:16:37.679+03:00  INFO 25864 --- [MS_Dossier] [credit-issued-listener-0-C-1] o.a.k.c.c.internals.ConsumerCoordinator  : [Consumer clientId=consumer-MS_Dossier-5, groupId=MS_Dossier] Successfully synced group in generation Generation{generationId=153, memberId='consumer-MS_Dossier-5-6aed4695-cae3-43b1-a4d7-c8c426992783', protocol='range'}
2025-01-28T02:16:37.679+03:00  INFO 25864 --- [MS_Dossier] [create-documents-listener-0-C-1] o.a.k.c.c.internals.ConsumerCoordinator  : [Consumer clientId=consumer-MS_Dossier-6, groupId=MS_Dossier] Successfully synced group in generation Generation{generationId=153, memberId='consumer-MS_Dossier-6-fd5208e1-1611-4020-b910-b86d2f4538d4', protocol='range'}
2025-01-28T02:16:37.679+03:00  INFO 25864 --- [MS_Dossier] [statement-denied-listener-0-C-1] o.a.k.c.c.internals.ConsumerCoordinator  : [Consumer clientId=consumer-MS_Dossier-4, groupId=MS_Dossier] Successfully synced group in generation Generation{generationId=153, memberId='consumer-MS_Dossier-4-840c7cd3-9bca-4b18-b8ff-7f05e775ffab', protocol='range'}
2025-01-28T02:16:37.679+03:00  INFO 25864 --- [MS_Dossier] [finish-registration-listener-0-C-1] o.a.k.c.c.internals.ConsumerCoordinator  : [Consumer clientId=consumer-MS_Dossier-2, groupId=MS_Dossier] Notifying assignor about the new Assignment(partitions=[finish-registration-0])
2025-01-28T02:16:37.679+03:00  INFO 25864 --- [MS_Dossier] [send-documents-listener-0-C-1] o.a.k.c.c.internals.ConsumerCoordinator  : [Consumer clientId=consumer-MS_Dossier-3, groupId=MS_Dossier] Notifying assignor about the new Assignment(partitions=[send-documents-0])
2025-01-28T02:16:37.679+03:00  INFO 25864 --- [MS_Dossier] [create-documents-listener-0-C-1] o.a.k.c.c.internals.ConsumerCoordinator  : [Consumer clientId=consumer-MS_Dossier-6, groupId=MS_Dossier] Notifying assignor about the new Assignment(partitions=[create-documents-0])
2025-01-28T02:16:37.679+03:00  INFO 25864 --- [MS_Dossier] [send-ses-listener-0-C-1] o.a.k.c.c.internals.ConsumerCoordinator  : [Consumer clientId=consumer-MS_Dossier-1, groupId=MS_Dossier] Notifying assignor about the new Assignment(partitions=[send-ses-0])
2025-01-28T02:16:37.679+03:00  INFO 25864 --- [MS_Dossier] [credit-issued-listener-0-C-1] o.a.k.c.c.internals.ConsumerCoordinator  : [Consumer clientId=consumer-MS_Dossier-5, groupId=MS_Dossier] Notifying assignor about the new Assignment(partitions=[credit-issued-0])
2025-01-28T02:16:37.679+03:00  INFO 25864 --- [MS_Dossier] [statement-denied-listener-0-C-1] o.a.k.c.c.internals.ConsumerCoordinator  : [Consumer clientId=consumer-MS_Dossier-4, groupId=MS_Dossier] Notifying assignor about the new Assignment(partitions=[statement-denied-0])
2025-01-28T02:16:37.683+03:00  INFO 25864 --- [MS_Dossier] [finish-registration-listener-0-C-1] k.c.c.i.ConsumerRebalanceListenerInvoker : [Consumer clientId=consumer-MS_Dossier-2, groupId=MS_Dossier] Adding newly assigned partitions: finish-registration-0
2025-01-28T02:16:37.683+03:00  INFO 25864 --- [MS_Dossier] [send-ses-listener-0-C-1] k.c.c.i.ConsumerRebalanceListenerInvoker : [Consumer clientId=consumer-MS_Dossier-1, groupId=MS_Dossier] Adding newly assigned partitions: send-ses-0
2025-01-28T02:16:37.683+03:00  INFO 25864 --- [MS_Dossier] [credit-issued-listener-0-C-1] k.c.c.i.ConsumerRebalanceListenerInvoker : [Consumer clientId=consumer-MS_Dossier-5, groupId=MS_Dossier] Adding newly assigned partitions: credit-issued-0
2025-01-28T02:16:37.683+03:00  INFO 25864 --- [MS_Dossier] [create-documents-listener-0-C-1] k.c.c.i.ConsumerRebalanceListenerInvoker : [Consumer clientId=consumer-MS_Dossier-6, groupId=MS_Dossier] Adding newly assigned partitions: create-documents-0
2025-01-28T02:16:37.683+03:00  INFO 25864 --- [MS_Dossier] [statement-denied-listener-0-C-1] k.c.c.i.ConsumerRebalanceListenerInvoker : [Consumer clientId=consumer-MS_Dossier-4, groupId=MS_Dossier] Adding newly assigned partitions: statement-denied-0
2025-01-28T02:16:37.683+03:00  INFO 25864 --- [MS_Dossier] [send-documents-listener-0-C-1] k.c.c.i.ConsumerRebalanceListenerInvoker : [Consumer clientId=consumer-MS_Dossier-3, groupId=MS_Dossier] Adding newly assigned partitions: send-documents-0
2025-01-28T02:16:37.698+03:00  INFO 25864 --- [MS_Dossier] [send-ses-listener-0-C-1] o.a.k.c.c.internals.ConsumerUtils        : Setting offset for partition send-ses-0 to the committed offset FetchPosition{offset=3, offsetEpoch=Optional.empty, currentLeader=LeaderAndEpoch{leader=Optional[localhost:9092 (id: 1 rack: null)], epoch=0}}
2025-01-28T02:16:37.698+03:00  INFO 25864 --- [MS_Dossier] [send-documents-listener-0-C-1] o.a.k.c.c.internals.ConsumerUtils        : Setting offset for partition send-documents-0 to the committed offset FetchPosition{offset=22, offsetEpoch=Optional.empty, currentLeader=LeaderAndEpoch{leader=Optional[localhost:9092 (id: 1 rack: null)], epoch=0}}
2025-01-28T02:16:37.698+03:00  INFO 25864 --- [MS_Dossier] [create-documents-listener-0-C-1] o.a.k.c.c.internals.ConsumerUtils        : Setting offset for partition create-documents-0 to the committed offset FetchPosition{offset=2, offsetEpoch=Optional.empty, currentLeader=LeaderAndEpoch{leader=Optional[localhost:9092 (id: 1 rack: null)], epoch=0}}
2025-01-28T02:16:37.698+03:00  INFO 25864 --- [MS_Dossier] [credit-issued-listener-0-C-1] o.a.k.c.c.internals.ConsumerUtils        : Setting offset for partition credit-issued-0 to the committed offset FetchPosition{offset=1, offsetEpoch=Optional.empty, currentLeader=LeaderAndEpoch{leader=Optional[localhost:9092 (id: 1 rack: null)], epoch=0}}
2025-01-28T02:16:37.698+03:00  INFO 25864 --- [MS_Dossier] [statement-denied-listener-0-C-1] o.a.k.c.c.internals.ConsumerUtils        : Setting offset for partition statement-denied-0 to the committed offset FetchPosition{offset=7, offsetEpoch=Optional.empty, currentLeader=LeaderAndEpoch{leader=Optional[localhost:9092 (id: 1 rack: null)], epoch=0}}
2025-01-28T02:16:37.698+03:00  INFO 25864 --- [MS_Dossier] [finish-registration-listener-0-C-1] o.a.k.c.c.internals.ConsumerUtils        : Setting offset for partition finish-registration-0 to the committed offset FetchPosition{offset=6, offsetEpoch=Optional.empty, currentLeader=LeaderAndEpoch{leader=Optional[localhost:9092 (id: 1 rack: null)], epoch=0}}
2025-01-28T02:16:37.700+03:00  INFO 25864 --- [MS_Dossier] [create-documents-listener-0-C-1] o.s.k.l.KafkaMessageListenerContainer    : MS_Dossier: partitions assigned: [create-documents-0]
2025-01-28T02:16:37.700+03:00  INFO 25864 --- [MS_Dossier] [credit-issued-listener-0-C-1] o.s.k.l.KafkaMessageListenerContainer    : MS_Dossier: partitions assigned: [credit-issued-0]
2025-01-28T02:16:37.700+03:00  INFO 25864 --- [MS_Dossier] [statement-denied-listener-0-C-1] o.s.k.l.KafkaMessageListenerContainer    : MS_Dossier: partitions assigned: [statement-denied-0]
2025-01-28T02:16:37.700+03:00  INFO 25864 --- [MS_Dossier] [send-ses-listener-0-C-1] o.s.k.l.KafkaMessageListenerContainer    : MS_Dossier: partitions assigned: [send-ses-0]
2025-01-28T02:16:37.700+03:00  INFO 25864 --- [MS_Dossier] [finish-registration-listener-0-C-1] o.s.k.l.KafkaMessageListenerContainer    : MS_Dossier: partitions assigned: [finish-registration-0]
2025-01-28T02:16:37.700+03:00  INFO 25864 --- [MS_Dossier] [send-documents-listener-0-C-1] o.s.k.l.KafkaMessageListenerContainer    : MS_Dossier: partitions assigned: [send-documents-0]
2025-01-28T02:20:34.436+03:00  INFO 25864 --- [MS_Dossier] [send-ses-listener-0-C-1] k.c.c.i.ConsumerRebalanceListenerInvoker : [Consumer clientId=consumer-MS_Dossier-1, groupId=MS_Dossier] Revoke previously assigned partitions send-ses-0
2025-01-28T02:20:34.437+03:00  INFO 25864 --- [MS_Dossier] [credit-issued-listener-0-C-1] k.c.c.i.ConsumerRebalanceListenerInvoker : [Consumer clientId=consumer-MS_Dossier-5, groupId=MS_Dossier] Revoke previously assigned partitions credit-issued-0
2025-01-28T02:20:34.437+03:00  INFO 25864 --- [MS_Dossier] [statement-denied-listener-0-C-1] k.c.c.i.ConsumerRebalanceListenerInvoker : [Consumer clientId=consumer-MS_Dossier-4, groupId=MS_Dossier] Revoke previously assigned partitions statement-denied-0
2025-01-28T02:20:34.436+03:00  INFO 25864 --- [MS_Dossier] [finish-registration-listener-0-C-1] k.c.c.i.ConsumerRebalanceListenerInvoker : [Consumer clientId=consumer-MS_Dossier-2, groupId=MS_Dossier] Revoke previously assigned partitions finish-registration-0
2025-01-28T02:20:34.438+03:00  INFO 25864 --- [MS_Dossier] [send-ses-listener-0-C-1] o.s.k.l.KafkaMessageListenerContainer    : MS_Dossier: partitions revoked: [send-ses-0]
2025-01-28T02:20:34.438+03:00  INFO 25864 --- [MS_Dossier] [finish-registration-listener-0-C-1] o.s.k.l.KafkaMessageListenerContainer    : MS_Dossier: partitions revoked: [finish-registration-0]
2025-01-28T02:20:34.438+03:00  INFO 25864 --- [MS_Dossier] [credit-issued-listener-0-C-1] o.s.k.l.KafkaMessageListenerContainer    : MS_Dossier: partitions revoked: [credit-issued-0]
2025-01-28T02:20:34.438+03:00  INFO 25864 --- [MS_Dossier] [statement-denied-listener-0-C-1] o.s.k.l.KafkaMessageListenerContainer    : MS_Dossier: partitions revoked: [statement-denied-0]
2025-01-28T02:20:34.439+03:00  INFO 25864 --- [MS_Dossier] [statement-denied-listener-0-C-1] o.a.k.c.c.internals.ConsumerCoordinator  : [Consumer clientId=consumer-MS_Dossier-4, groupId=MS_Dossier] Member consumer-MS_Dossier-4-840c7cd3-9bca-4b18-b8ff-7f05e775ffab sending LeaveGroup request to coordinator localhost:9092 (id: 2147483646 rack: null) due to the consumer unsubscribed from all topics
2025-01-28T02:20:34.439+03:00  INFO 25864 --- [MS_Dossier] [credit-issued-listener-0-C-1] o.a.k.c.c.internals.ConsumerCoordinator  : [Consumer clientId=consumer-MS_Dossier-5, groupId=MS_Dossier] Member consumer-MS_Dossier-5-6aed4695-cae3-43b1-a4d7-c8c426992783 sending LeaveGroup request to coordinator localhost:9092 (id: 2147483646 rack: null) due to the consumer unsubscribed from all topics
2025-01-28T02:20:34.439+03:00  INFO 25864 --- [MS_Dossier] [statement-denied-listener-0-C-1] o.a.k.c.c.internals.ConsumerCoordinator  : [Consumer clientId=consumer-MS_Dossier-4, groupId=MS_Dossier] Resetting generation and member id due to: consumer pro-actively leaving the group
2025-01-28T02:20:34.439+03:00  INFO 25864 --- [MS_Dossier] [credit-issued-listener-0-C-1] o.a.k.c.c.internals.ConsumerCoordinator  : [Consumer clientId=consumer-MS_Dossier-5, groupId=MS_Dossier] Resetting generation and member id due to: consumer pro-actively leaving the group
2025-01-28T02:20:34.439+03:00  INFO 25864 --- [MS_Dossier] [statement-denied-listener-0-C-1] o.a.k.c.c.internals.ConsumerCoordinator  : [Consumer clientId=consumer-MS_Dossier-4, groupId=MS_Dossier] Request joining group due to: consumer pro-actively leaving the group
2025-01-28T02:20:34.439+03:00  INFO 25864 --- [MS_Dossier] [credit-issued-listener-0-C-1] o.a.k.c.c.internals.ConsumerCoordinator  : [Consumer clientId=consumer-MS_Dossier-5, groupId=MS_Dossier] Request joining group due to: consumer pro-actively leaving the group
2025-01-28T02:20:34.439+03:00  INFO 25864 --- [MS_Dossier] [statement-denied-listener-0-C-1] o.a.k.c.c.internals.LegacyKafkaConsumer  : [Consumer clientId=consumer-MS_Dossier-4, groupId=MS_Dossier] Unsubscribed all topics or patterns and assigned partitions
2025-01-28T02:20:34.439+03:00  INFO 25864 --- [MS_Dossier] [credit-issued-listener-0-C-1] o.a.k.c.c.internals.LegacyKafkaConsumer  : [Consumer clientId=consumer-MS_Dossier-5, groupId=MS_Dossier] Unsubscribed all topics or patterns and assigned partitions
2025-01-28T02:20:34.439+03:00  INFO 25864 --- [MS_Dossier] [send-ses-listener-0-C-1] o.a.k.c.c.internals.ConsumerCoordinator  : [Consumer clientId=consumer-MS_Dossier-1, groupId=MS_Dossier] Member consumer-MS_Dossier-1-b4353d8d-2381-4db1-ae93-960372b9753a sending LeaveGroup request to coordinator localhost:9092 (id: 2147483646 rack: null) due to the consumer unsubscribed from all topics
2025-01-28T02:20:34.439+03:00  INFO 25864 --- [MS_Dossier] [finish-registration-listener-0-C-1] o.a.k.c.c.internals.ConsumerCoordinator  : [Consumer clientId=consumer-MS_Dossier-2, groupId=MS_Dossier] Member consumer-MS_Dossier-2-8e75bdeb-5d9e-4f45-b56e-eee1a6e91cb7 sending LeaveGroup request to coordinator localhost:9092 (id: 2147483646 rack: null) due to the consumer unsubscribed from all topics
2025-01-28T02:20:34.439+03:00  INFO 25864 --- [MS_Dossier] [send-ses-listener-0-C-1] o.a.k.c.c.internals.ConsumerCoordinator  : [Consumer clientId=consumer-MS_Dossier-1, groupId=MS_Dossier] Resetting generation and member id due to: consumer pro-actively leaving the group
2025-01-28T02:20:34.439+03:00  INFO 25864 --- [MS_Dossier] [send-ses-listener-0-C-1] o.a.k.c.c.internals.ConsumerCoordinator  : [Consumer clientId=consumer-MS_Dossier-1, groupId=MS_Dossier] Request joining group due to: consumer pro-actively leaving the group
2025-01-28T02:20:34.439+03:00  INFO 25864 --- [MS_Dossier] [finish-registration-listener-0-C-1] o.a.k.c.c.internals.ConsumerCoordinator  : [Consumer clientId=consumer-MS_Dossier-2, groupId=MS_Dossier] Resetting generation and member id due to: consumer pro-actively leaving the group
2025-01-28T02:20:34.439+03:00  INFO 25864 --- [MS_Dossier] [send-ses-listener-0-C-1] o.a.k.c.c.internals.LegacyKafkaConsumer  : [Consumer clientId=consumer-MS_Dossier-1, groupId=MS_Dossier] Unsubscribed all topics or patterns and assigned partitions
2025-01-28T02:20:34.440+03:00  INFO 25864 --- [MS_Dossier] [finish-registration-listener-0-C-1] o.a.k.c.c.internals.ConsumerCoordinator  : [Consumer clientId=consumer-MS_Dossier-2, groupId=MS_Dossier] Request joining group due to: consumer pro-actively leaving the group
2025-01-28T02:20:34.440+03:00  INFO 25864 --- [MS_Dossier] [finish-registration-listener-0-C-1] o.a.k.c.c.internals.LegacyKafkaConsumer  : [Consumer clientId=consumer-MS_Dossier-2, groupId=MS_Dossier] Unsubscribed all topics or patterns and assigned partitions
2025-01-28T02:20:34.440+03:00  INFO 25864 --- [MS_Dossier] [send-documents-listener-0-C-1] k.c.c.i.ConsumerRebalanceListenerInvoker : [Consumer clientId=consumer-MS_Dossier-3, groupId=MS_Dossier] Revoke previously assigned partitions send-documents-0
2025-01-28T02:20:34.440+03:00  INFO 25864 --- [MS_Dossier] [create-documents-listener-0-C-1] k.c.c.i.ConsumerRebalanceListenerInvoker : [Consumer clientId=consumer-MS_Dossier-6, groupId=MS_Dossier] Revoke previously assigned partitions create-documents-0
2025-01-28T02:20:34.440+03:00  INFO 25864 --- [MS_Dossier] [send-documents-listener-0-C-1] o.s.k.l.KafkaMessageListenerContainer    : MS_Dossier: partitions revoked: [send-documents-0]
2025-01-28T02:20:34.441+03:00  INFO 25864 --- [MS_Dossier] [create-documents-listener-0-C-1] o.s.k.l.KafkaMessageListenerContainer    : MS_Dossier: partitions revoked: [create-documents-0]
2025-01-28T02:20:34.441+03:00  INFO 25864 --- [MS_Dossier] [send-documents-listener-0-C-1] o.a.k.c.c.internals.ConsumerCoordinator  : [Consumer clientId=consumer-MS_Dossier-3, groupId=MS_Dossier] Member consumer-MS_Dossier-3-459faab6-a2b2-46f4-979e-155e5b5d00dc sending LeaveGroup request to coordinator localhost:9092 (id: 2147483646 rack: null) due to the consumer unsubscribed from all topics
2025-01-28T02:20:34.441+03:00  INFO 25864 --- [MS_Dossier] [create-documents-listener-0-C-1] o.a.k.c.c.internals.ConsumerCoordinator  : [Consumer clientId=consumer-MS_Dossier-6, groupId=MS_Dossier] Member consumer-MS_Dossier-6-fd5208e1-1611-4020-b910-b86d2f4538d4 sending LeaveGroup request to coordinator localhost:9092 (id: 2147483646 rack: null) due to the consumer unsubscribed from all topics
2025-01-28T02:20:34.441+03:00  INFO 25864 --- [MS_Dossier] [create-documents-listener-0-C-1] o.a.k.c.c.internals.ConsumerCoordinator  : [Consumer clientId=consumer-MS_Dossier-6, groupId=MS_Dossier] Resetting generation and member id due to: consumer pro-actively leaving the group
2025-01-28T02:20:34.441+03:00  INFO 25864 --- [MS_Dossier] [send-documents-listener-0-C-1] o.a.k.c.c.internals.ConsumerCoordinator  : [Consumer clientId=consumer-MS_Dossier-3, groupId=MS_Dossier] Resetting generation and member id due to: consumer pro-actively leaving the group
2025-01-28T02:20:34.441+03:00  INFO 25864 --- [MS_Dossier] [create-documents-listener-0-C-1] o.a.k.c.c.internals.ConsumerCoordinator  : [Consumer clientId=consumer-MS_Dossier-6, groupId=MS_Dossier] Request joining group due to: consumer pro-actively leaving the group
2025-01-28T02:20:34.441+03:00  INFO 25864 --- [MS_Dossier] [send-documents-listener-0-C-1] o.a.k.c.c.internals.ConsumerCoordinator  : [Consumer clientId=consumer-MS_Dossier-3, groupId=MS_Dossier] Request joining group due to: consumer pro-actively leaving the group
2025-01-28T02:20:34.441+03:00  INFO 25864 --- [MS_Dossier] [create-documents-listener-0-C-1] o.a.k.c.c.internals.LegacyKafkaConsumer  : [Consumer clientId=consumer-MS_Dossier-6, groupId=MS_Dossier] Unsubscribed all topics or patterns and assigned partitions
2025-01-28T02:20:34.441+03:00  INFO 25864 --- [MS_Dossier] [send-documents-listener-0-C-1] o.a.k.c.c.internals.LegacyKafkaConsumer  : [Consumer clientId=consumer-MS_Dossier-3, groupId=MS_Dossier] Unsubscribed all topics or patterns and assigned partitions
2025-01-28T02:20:34.443+03:00  INFO 25864 --- [MS_Dossier] [send-documents-listener-0-C-1] o.a.k.c.c.internals.ConsumerCoordinator  : [Consumer clientId=consumer-MS_Dossier-3, groupId=MS_Dossier] Resetting generation and member id due to: consumer pro-actively leaving the group
2025-01-28T02:20:34.443+03:00  INFO 25864 --- [MS_Dossier] [send-ses-listener-0-C-1] o.a.k.c.c.internals.ConsumerCoordinator  : [Consumer clientId=consumer-MS_Dossier-1, groupId=MS_Dossier] Resetting generation and member id due to: consumer pro-actively leaving the group
2025-01-28T02:20:34.443+03:00  INFO 25864 --- [MS_Dossier] [finish-registration-listener-0-C-1] o.a.k.c.c.internals.ConsumerCoordinator  : [Consumer clientId=consumer-MS_Dossier-2, groupId=MS_Dossier] Resetting generation and member id due to: consumer pro-actively leaving the group
2025-01-28T02:20:34.443+03:00  INFO 25864 --- [MS_Dossier] [send-documents-listener-0-C-1] o.a.k.c.c.internals.ConsumerCoordinator  : [Consumer clientId=consumer-MS_Dossier-3, groupId=MS_Dossier] Request joining group due to: consumer pro-actively leaving the group
2025-01-28T02:20:34.443+03:00  INFO 25864 --- [MS_Dossier] [create-documents-listener-0-C-1] o.a.k.c.c.internals.ConsumerCoordinator  : [Consumer clientId=consumer-MS_Dossier-6, groupId=MS_Dossier] Resetting generation and member id due to: consumer pro-actively leaving the group
2025-01-28T02:20:34.443+03:00  INFO 25864 --- [MS_Dossier] [send-ses-listener-0-C-1] o.a.k.c.c.internals.ConsumerCoordinator  : [Consumer clientId=consumer-MS_Dossier-1, groupId=MS_Dossier] Request joining group due to: consumer pro-actively leaving the group
2025-01-28T02:20:34.443+03:00  INFO 25864 --- [MS_Dossier] [finish-registration-listener-0-C-1] o.a.k.c.c.internals.ConsumerCoordinator  : [Consumer clientId=consumer-MS_Dossier-2, groupId=MS_Dossier] Request joining group due to: consumer pro-actively leaving the group
2025-01-28T02:20:34.443+03:00  INFO 25864 --- [MS_Dossier] [create-documents-listener-0-C-1] o.a.k.c.c.internals.ConsumerCoordinator  : [Consumer clientId=consumer-MS_Dossier-6, groupId=MS_Dossier] Request joining group due to: consumer pro-actively leaving the group
2025-01-28T02:20:34.443+03:00  INFO 25864 --- [MS_Dossier] [credit-issued-listener-0-C-1] o.a.k.c.c.internals.ConsumerCoordinator  : [Consumer clientId=consumer-MS_Dossier-5, groupId=MS_Dossier] Resetting generation and member id due to: consumer pro-actively leaving the group
2025-01-28T02:20:34.443+03:00  INFO 25864 --- [MS_Dossier] [credit-issued-listener-0-C-1] o.a.k.c.c.internals.ConsumerCoordinator  : [Consumer clientId=consumer-MS_Dossier-5, groupId=MS_Dossier] Request joining group due to: consumer pro-actively leaving the group
2025-01-28T02:20:34.443+03:00  INFO 25864 --- [MS_Dossier] [statement-denied-listener-0-C-1] o.a.k.c.c.internals.ConsumerCoordinator  : [Consumer clientId=consumer-MS_Dossier-4, groupId=MS_Dossier] Resetting generation and member id due to: consumer pro-actively leaving the group
2025-01-28T02:20:34.443+03:00  INFO 25864 --- [MS_Dossier] [statement-denied-listener-0-C-1] o.a.k.c.c.internals.ConsumerCoordinator  : [Consumer clientId=consumer-MS_Dossier-4, groupId=MS_Dossier] Request joining group due to: consumer pro-actively leaving the group
2025-01-28T02:20:34.661+03:00  INFO 25864 --- [MS_Dossier] [credit-issued-listener-0-C-1] o.apache.kafka.common.metrics.Metrics    : Metrics scheduler closed
2025-01-28T02:20:34.661+03:00  INFO 25864 --- [MS_Dossier] [credit-issued-listener-0-C-1] o.apache.kafka.common.metrics.Metrics    : Closing reporter org.apache.kafka.common.metrics.JmxReporter
2025-01-28T02:20:34.661+03:00  INFO 25864 --- [MS_Dossier] [send-documents-listener-0-C-1] o.apache.kafka.common.metrics.Metrics    : Metrics scheduler closed
2025-01-28T02:20:34.661+03:00  INFO 25864 --- [MS_Dossier] [send-documents-listener-0-C-1] o.apache.kafka.common.metrics.Metrics    : Closing reporter org.apache.kafka.common.metrics.JmxReporter
2025-01-28T02:20:34.661+03:00  INFO 25864 --- [MS_Dossier] [credit-issued-listener-0-C-1] o.apache.kafka.common.metrics.Metrics    : Closing reporter org.apache.kafka.common.telemetry.internals.ClientTelemetryReporter
2025-01-28T02:20:34.661+03:00  INFO 25864 --- [MS_Dossier] [send-documents-listener-0-C-1] o.apache.kafka.common.metrics.Metrics    : Closing reporter org.apache.kafka.common.telemetry.internals.ClientTelemetryReporter
2025-01-28T02:20:34.662+03:00  INFO 25864 --- [MS_Dossier] [credit-issued-listener-0-C-1] o.apache.kafka.common.metrics.Metrics    : Metrics reporters closed
2025-01-28T02:20:34.662+03:00  INFO 25864 --- [MS_Dossier] [send-documents-listener-0-C-1] o.apache.kafka.common.metrics.Metrics    : Metrics reporters closed
2025-01-28T02:20:34.662+03:00  INFO 25864 --- [MS_Dossier] [finish-registration-listener-0-C-1] o.apache.kafka.common.metrics.Metrics    : Metrics scheduler closed
2025-01-28T02:20:34.662+03:00  INFO 25864 --- [MS_Dossier] [finish-registration-listener-0-C-1] o.apache.kafka.common.metrics.Metrics    : Closing reporter org.apache.kafka.common.metrics.JmxReporter
2025-01-28T02:20:34.662+03:00  INFO 25864 --- [MS_Dossier] [finish-registration-listener-0-C-1] o.apache.kafka.common.metrics.Metrics    : Closing reporter org.apache.kafka.common.telemetry.internals.ClientTelemetryReporter
2025-01-28T02:20:34.662+03:00  INFO 25864 --- [MS_Dossier] [finish-registration-listener-0-C-1] o.apache.kafka.common.metrics.Metrics    : Metrics reporters closed
2025-01-28T02:20:34.662+03:00  INFO 25864 --- [MS_Dossier] [send-ses-listener-0-C-1] o.apache.kafka.common.metrics.Metrics    : Metrics scheduler closed
2025-01-28T02:20:34.662+03:00  INFO 25864 --- [MS_Dossier] [create-documents-listener-0-C-1] o.apache.kafka.common.metrics.Metrics    : Metrics scheduler closed
2025-01-28T02:20:34.662+03:00  INFO 25864 --- [MS_Dossier] [send-ses-listener-0-C-1] o.apache.kafka.common.metrics.Metrics    : Closing reporter org.apache.kafka.common.metrics.JmxReporter
2025-01-28T02:20:34.662+03:00  INFO 25864 --- [MS_Dossier] [statement-denied-listener-0-C-1] o.apache.kafka.common.metrics.Metrics    : Metrics scheduler closed
2025-01-28T02:20:34.662+03:00  INFO 25864 --- [MS_Dossier] [create-documents-listener-0-C-1] o.apache.kafka.common.metrics.Metrics    : Closing reporter org.apache.kafka.common.metrics.JmxReporter
2025-01-28T02:20:34.662+03:00  INFO 25864 --- [MS_Dossier] [send-ses-listener-0-C-1] o.apache.kafka.common.metrics.Metrics    : Closing reporter org.apache.kafka.common.telemetry.internals.ClientTelemetryReporter
2025-01-28T02:20:34.662+03:00  INFO 25864 --- [MS_Dossier] [send-ses-listener-0-C-1] o.apache.kafka.common.metrics.Metrics    : Metrics reporters closed
2025-01-28T02:20:34.662+03:00  INFO 25864 --- [MS_Dossier] [statement-denied-listener-0-C-1] o.apache.kafka.common.metrics.Metrics    : Closing reporter org.apache.kafka.common.metrics.JmxReporter
2025-01-28T02:20:34.662+03:00  INFO 25864 --- [MS_Dossier] [create-documents-listener-0-C-1] o.apache.kafka.common.metrics.Metrics    : Closing reporter org.apache.kafka.common.telemetry.internals.ClientTelemetryReporter
2025-01-28T02:20:34.663+03:00  INFO 25864 --- [MS_Dossier] [create-documents-listener-0-C-1] o.apache.kafka.common.metrics.Metrics    : Metrics reporters closed
2025-01-28T02:20:34.663+03:00  INFO 25864 --- [MS_Dossier] [statement-denied-listener-0-C-1] o.apache.kafka.common.metrics.Metrics    : Closing reporter org.apache.kafka.common.telemetry.internals.ClientTelemetryReporter
2025-01-28T02:20:34.663+03:00  INFO 25864 --- [MS_Dossier] [statement-denied-listener-0-C-1] o.apache.kafka.common.metrics.Metrics    : Metrics reporters closed
2025-01-28T02:20:34.671+03:00  INFO 25864 --- [MS_Dossier] [statement-denied-listener-0-C-1] o.a.kafka.common.utils.AppInfoParser     : App info kafka.consumer for consumer-MS_Dossier-4 unregistered
2025-01-28T02:20:34.672+03:00  INFO 25864 --- [MS_Dossier] [statement-denied-listener-0-C-1] o.s.k.l.KafkaMessageListenerContainer    : MS_Dossier: Consumer stopped
2025-01-28T02:20:34.674+03:00  INFO 25864 --- [MS_Dossier] [create-documents-listener-0-C-1] o.a.kafka.common.utils.AppInfoParser     : App info kafka.consumer for consumer-MS_Dossier-6 unregistered
2025-01-28T02:20:34.674+03:00  INFO 25864 --- [MS_Dossier] [create-documents-listener-0-C-1] o.s.k.l.KafkaMessageListenerContainer    : MS_Dossier: Consumer stopped
2025-01-28T02:20:34.674+03:00  INFO 25864 --- [MS_Dossier] [finish-registration-listener-0-C-1] o.a.kafka.common.utils.AppInfoParser     : App info kafka.consumer for consumer-MS_Dossier-2 unregistered
2025-01-28T02:20:34.674+03:00  INFO 25864 --- [MS_Dossier] [finish-registration-listener-0-C-1] o.s.k.l.KafkaMessageListenerContainer    : MS_Dossier: Consumer stopped
2025-01-28T02:20:34.674+03:00  INFO 25864 --- [MS_Dossier] [send-documents-listener-0-C-1] o.a.kafka.common.utils.AppInfoParser     : App info kafka.consumer for consumer-MS_Dossier-3 unregistered
2025-01-28T02:20:34.674+03:00  INFO 25864 --- [MS_Dossier] [send-documents-listener-0-C-1] o.s.k.l.KafkaMessageListenerContainer    : MS_Dossier: Consumer stopped
2025-01-28T02:20:34.675+03:00  INFO 25864 --- [MS_Dossier] [send-ses-listener-0-C-1] o.a.kafka.common.utils.AppInfoParser     : App info kafka.consumer for consumer-MS_Dossier-1 unregistered
2025-01-28T02:20:34.675+03:00  INFO 25864 --- [MS_Dossier] [send-ses-listener-0-C-1] o.s.k.l.KafkaMessageListenerContainer    : MS_Dossier: Consumer stopped
2025-01-28T02:20:34.675+03:00  INFO 25864 --- [MS_Dossier] [credit-issued-listener-0-C-1] o.a.kafka.common.utils.AppInfoParser     : App info kafka.consumer for consumer-MS_Dossier-5 unregistered
2025-01-28T02:20:34.676+03:00  INFO 25864 --- [MS_Dossier] [credit-issued-listener-0-C-1] o.s.k.l.KafkaMessageListenerContainer    : MS_Dossier: Consumer stopped
2025-01-28T02:20:34.726+03:00  INFO 25864 --- [MS_Dossier] [SpringApplicationShutdownHook] j.LocalContainerEntityManagerFactoryBean : Closing JPA EntityManagerFactory for persistence unit 'default'
2025-01-28T02:20:34.734+03:00  WARN 25864 --- [MS_Dossier] [SpringApplicationShutdownHook] o.s.b.f.support.DisposableBeanAdapter    : Invocation of destroy method failed on bean with name 'inMemoryDatabaseShutdownExecutor': org.h2.jdbc.JdbcSQLNonTransientConnectionException: База данных уже закрыта (чтобы отключить автоматическое закрытие базы данных при останове JVM, добавьте ";DB_CLOSE_ON_EXIT=FALSE" в URL)
Database is already closed (to disable automatic closing at VM shutdown, add ";DB_CLOSE_ON_EXIT=FALSE" to the db URL) [90121-224]
2025-01-28T02:20:34.734+03:00  INFO 25864 --- [MS_Dossier] [SpringApplicationShutdownHook] com.zaxxer.hikari.HikariDataSource       : HikariPool-1 - Shutdown initiated...
2025-01-28T02:20:34.736+03:00  INFO 25864 --- [MS_Dossier] [SpringApplicationShutdownHook] com.zaxxer.hikari.HikariDataSource       : HikariPool-1 - Shutdown completed.
2025-01-29T12:39:25.560+03:00  INFO 2996 --- [MS_Dossier] [restartedMain] ru.dossier.DossierApplication            : Starting DossierApplication using Java 21.0.2 with PID 2996 (D:\Проекты\NeoFlex\Calculator_Neoflex\MS_Dossier\target\classes started by Admin in D:\Проекты\NeoFlex\Calculator_Neoflex)
2025-01-29T12:39:25.562+03:00  INFO 2996 --- [MS_Dossier] [restartedMain] ru.dossier.DossierApplication            : The following 1 profile is active: "profile"
2025-01-29T12:39:25.614+03:00  INFO 2996 --- [MS_Dossier] [restartedMain] o.s.b.devtools.restart.ChangeableUrls    : The Class-Path manifest attribute in C:\Users\Admin\.m2\repository\io\github\cdimascio\java-dotenv\5.2.2\java-dotenv-5.2.2.jar referenced one or more files that do not exist: file:/C:/Users/Admin/.m2/repository/io/github/cdimascio/java-dotenv/5.2.2/kotlin-stdlib-1.4.0.jar,file:/C:/Users/Admin/.m2/repository/io/github/cdimascio/java-dotenv/5.2.2/kotlin-stdlib-common-1.4.0.jar,file:/C:/Users/Admin/.m2/repository/io/github/cdimascio/java-dotenv/5.2.2/annotations-13.0.jar
2025-01-29T12:39:25.614+03:00  INFO 2996 --- [MS_Dossier] [restartedMain] .e.DevToolsPropertyDefaultsPostProcessor : Devtools property defaults active! Set 'spring.devtools.add-properties' to 'false' to disable
2025-01-29T12:39:25.614+03:00  INFO 2996 --- [MS_Dossier] [restartedMain] .e.DevToolsPropertyDefaultsPostProcessor : For additional web related logging consider setting the 'logging.level.web' property to 'DEBUG'
2025-01-29T12:39:26.653+03:00  INFO 2996 --- [MS_Dossier] [restartedMain] .s.d.r.c.RepositoryConfigurationDelegate : Bootstrapping Spring Data JPA repositories in DEFAULT mode.
2025-01-29T12:39:26.676+03:00  INFO 2996 --- [MS_Dossier] [restartedMain] .s.d.r.c.RepositoryConfigurationDelegate : Finished Spring Data repository scanning in 14 ms. Found 0 JPA repository interfaces.
2025-01-29T12:39:26.948+03:00  INFO 2996 --- [MS_Dossier] [restartedMain] o.s.cloud.context.scope.GenericScope     : BeanFactory id=6df98712-6c8c-3142-9150-b4e7bed87ceb
2025-01-29T12:39:27.744+03:00  INFO 2996 --- [MS_Dossier] [restartedMain] o.s.b.w.embedded.tomcat.TomcatWebServer  : Tomcat initialized with port 8083 (http)
2025-01-29T12:39:27.762+03:00  INFO 2996 --- [MS_Dossier] [restartedMain] o.apache.catalina.core.StandardService   : Starting service [Tomcat]
2025-01-29T12:39:27.763+03:00  INFO 2996 --- [MS_Dossier] [restartedMain] o.apache.catalina.core.StandardEngine    : Starting Servlet engine: [Apache Tomcat/10.1.31]
2025-01-29T12:39:27.845+03:00  INFO 2996 --- [MS_Dossier] [restartedMain] o.a.c.c.C.[Tomcat].[localhost].[/]       : Initializing Spring embedded WebApplicationContext
2025-01-29T12:39:27.846+03:00  INFO 2996 --- [MS_Dossier] [restartedMain] w.s.c.ServletWebServerApplicationContext : Root WebApplicationContext: initialization completed in 2231 ms
2025-01-29T12:39:27.875+03:00  INFO 2996 --- [MS_Dossier] [restartedMain] com.zaxxer.hikari.HikariDataSource       : HikariPool-1 - Starting...
2025-01-29T12:39:28.177+03:00  INFO 2996 --- [MS_Dossier] [restartedMain] com.zaxxer.hikari.pool.HikariPool        : HikariPool-1 - Added connection conn0: url=jdbc:h2:mem:b2639f3b-83a3-4c77-bd24-f8d7e8fec198 user=SA
2025-01-29T12:39:28.180+03:00  INFO 2996 --- [MS_Dossier] [restartedMain] com.zaxxer.hikari.HikariDataSource       : HikariPool-1 - Start completed.
2025-01-29T12:39:28.194+03:00  INFO 2996 --- [MS_Dossier] [restartedMain] o.s.b.a.h2.H2ConsoleAutoConfiguration    : H2 console available at '/h2-console'. Database available at 'jdbc:h2:mem:b2639f3b-83a3-4c77-bd24-f8d7e8fec198'
2025-01-29T12:39:28.362+03:00  INFO 2996 --- [MS_Dossier] [restartedMain] o.hibernate.jpa.internal.util.LogHelper  : HHH000204: Processing PersistenceUnitInfo [name: default]
2025-01-29T12:39:28.457+03:00  INFO 2996 --- [MS_Dossier] [restartedMain] org.hibernate.Version                    : HHH000412: Hibernate ORM core version 6.5.3.Final
2025-01-29T12:39:28.500+03:00  INFO 2996 --- [MS_Dossier] [restartedMain] o.h.c.internal.RegionFactoryInitiator    : HHH000026: Second-level cache disabled
2025-01-29T12:39:28.912+03:00  INFO 2996 --- [MS_Dossier] [restartedMain] o.s.o.j.p.SpringPersistenceUnitInfo      : No LoadTimeWeaver setup: ignoring JPA class transformer
2025-01-29T12:39:29.524+03:00  INFO 2996 --- [MS_Dossier] [restartedMain] o.h.e.t.j.p.i.JtaPlatformInitiator       : HHH000489: No JTA platform available (set 'hibernate.transaction.jta.platform' to enable JTA platform integration)
2025-01-29T12:39:29.531+03:00  INFO 2996 --- [MS_Dossier] [restartedMain] j.LocalContainerEntityManagerFactoryBean : Initialized JPA EntityManagerFactory for persistence unit 'default'
2025-01-29T12:39:29.738+03:00  WARN 2996 --- [MS_Dossier] [restartedMain] JpaBaseConfiguration$JpaWebConfiguration : spring.jpa.open-in-view is enabled by default. Therefore, database queries may be performed during view rendering. Explicitly configure spring.jpa.open-in-view to disable this warning
2025-01-29T12:39:30.460+03:00  WARN 2996 --- [MS_Dossier] [restartedMain] o.s.b.d.a.OptionalLiveReloadServer       : Unable to start LiveReload server
2025-01-29T12:39:31.485+03:00  INFO 2996 --- [MS_Dossier] [restartedMain] o.s.cloud.commons.util.InetUtils         : Cannot determine local hostname
2025-01-29T12:39:31.643+03:00  INFO 2996 --- [MS_Dossier] [restartedMain] o.s.b.w.embedded.tomcat.TomcatWebServer  : Tomcat started on port 8083 (http) with context path '/'
2025-01-29T12:39:32.664+03:00  INFO 2996 --- [MS_Dossier] [restartedMain] o.s.cloud.commons.util.InetUtils         : Cannot determine local hostname
2025-01-29T12:39:32.763+03:00  INFO 2996 --- [MS_Dossier] [restartedMain] o.a.k.clients.consumer.ConsumerConfig    : ConsumerConfig values: 
	allow.auto.create.topics = true
	auto.commit.interval.ms = 5000
	auto.include.jmx.reporter = true
	auto.offset.reset = earliest
	bootstrap.servers = [localhost:9092]
	check.crcs = true
	client.dns.lookup = use_all_dns_ips
	client.id = consumer-MS_Dossier-1
	client.rack = 
	connections.max.idle.ms = 540000
	default.api.timeout.ms = 60000
	enable.auto.commit = false
	enable.metrics.push = true
	exclude.internal.topics = true
	fetch.max.bytes = 52428800
	fetch.max.wait.ms = 500
	fetch.min.bytes = 1
	group.id = MS_Dossier
	group.instance.id = null
	group.protocol = classic
	group.remote.assignor = null
	heartbeat.interval.ms = 3000
	interceptor.classes = []
	internal.leave.group.on.close = true
	internal.throw.on.fetch.stable.offset.unsupported = false
	isolation.level = read_uncommitted
	key.deserializer = class org.apache.kafka.common.serialization.StringDeserializer
	max.partition.fetch.bytes = 1048576
	max.poll.interval.ms = 300000
	max.poll.records = 500
	metadata.max.age.ms = 300000
	metric.reporters = []
	metrics.num.samples = 2
	metrics.recording.level = INFO
	metrics.sample.window.ms = 30000
	partition.assignment.strategy = [class org.apache.kafka.clients.consumer.RangeAssignor, class org.apache.kafka.clients.consumer.CooperativeStickyAssignor]
	receive.buffer.bytes = 65536
	reconnect.backoff.max.ms = 1000
	reconnect.backoff.ms = 50
	request.timeout.ms = 30000
	retry.backoff.max.ms = 1000
	retry.backoff.ms = 100
	sasl.client.callback.handler.class = null
	sasl.jaas.config = null
	sasl.kerberos.kinit.cmd = /usr/bin/kinit
	sasl.kerberos.min.time.before.relogin = 60000
	sasl.kerberos.service.name = null
	sasl.kerberos.ticket.renew.jitter = 0.05
	sasl.kerberos.ticket.renew.window.factor = 0.8
	sasl.login.callback.handler.class = null
	sasl.login.class = null
	sasl.login.connect.timeout.ms = null
	sasl.login.read.timeout.ms = null
	sasl.login.refresh.buffer.seconds = 300
	sasl.login.refresh.min.period.seconds = 60
	sasl.login.refresh.window.factor = 0.8
	sasl.login.refresh.window.jitter = 0.05
	sasl.login.retry.backoff.max.ms = 10000
	sasl.login.retry.backoff.ms = 100
	sasl.mechanism = GSSAPI
	sasl.oauthbearer.clock.skew.seconds = 30
	sasl.oauthbearer.expected.audience = null
	sasl.oauthbearer.expected.issuer = null
	sasl.oauthbearer.jwks.endpoint.refresh.ms = 3600000
	sasl.oauthbearer.jwks.endpoint.retry.backoff.max.ms = 10000
	sasl.oauthbearer.jwks.endpoint.retry.backoff.ms = 100
	sasl.oauthbearer.jwks.endpoint.url = null
	sasl.oauthbearer.scope.claim.name = scope
	sasl.oauthbearer.sub.claim.name = sub
	sasl.oauthbearer.token.endpoint.url = null
	security.protocol = PLAINTEXT
	security.providers = null
	send.buffer.bytes = 131072
	session.timeout.ms = 45000
	socket.connection.setup.timeout.max.ms = 30000
	socket.connection.setup.timeout.ms = 10000
	ssl.cipher.suites = null
	ssl.enabled.protocols = [TLSv1.2, TLSv1.3]
	ssl.endpoint.identification.algorithm = https
	ssl.engine.factory.class = null
	ssl.key.password = null
	ssl.keymanager.algorithm = SunX509
	ssl.keystore.certificate.chain = null
	ssl.keystore.key = null
	ssl.keystore.location = null
	ssl.keystore.password = null
	ssl.keystore.type = JKS
	ssl.protocol = TLSv1.3
	ssl.provider = null
	ssl.secure.random.implementation = null
	ssl.trustmanager.algorithm = PKIX
	ssl.truststore.certificates = null
	ssl.truststore.location = null
	ssl.truststore.password = null
	ssl.truststore.type = JKS
	value.deserializer = class org.springframework.kafka.support.serializer.JsonDeserializer

2025-01-29T12:39:32.867+03:00  INFO 2996 --- [MS_Dossier] [restartedMain] o.a.k.c.t.i.KafkaMetricsCollector        : initializing Kafka metrics collector
2025-01-29T12:39:33.230+03:00  INFO 2996 --- [MS_Dossier] [restartedMain] o.a.kafka.common.utils.AppInfoParser     : Kafka version: 3.7.1
2025-01-29T12:39:33.231+03:00  INFO 2996 --- [MS_Dossier] [restartedMain] o.a.kafka.common.utils.AppInfoParser     : Kafka commitId: e2494e6ffb89f828
2025-01-29T12:39:33.231+03:00  INFO 2996 --- [MS_Dossier] [restartedMain] o.a.kafka.common.utils.AppInfoParser     : Kafka startTimeMs: 1738143573224
2025-01-29T12:39:33.239+03:00  INFO 2996 --- [MS_Dossier] [restartedMain] o.a.k.c.c.internals.LegacyKafkaConsumer  : [Consumer clientId=consumer-MS_Dossier-1, groupId=MS_Dossier] Subscribed to topic(s): send-ses
2025-01-29T12:39:33.251+03:00  INFO 2996 --- [MS_Dossier] [restartedMain] o.a.k.clients.consumer.ConsumerConfig    : ConsumerConfig values: 
	allow.auto.create.topics = true
	auto.commit.interval.ms = 5000
	auto.include.jmx.reporter = true
	auto.offset.reset = earliest
	bootstrap.servers = [localhost:9092]
	check.crcs = true
	client.dns.lookup = use_all_dns_ips
	client.id = consumer-MS_Dossier-2
	client.rack = 
	connections.max.idle.ms = 540000
	default.api.timeout.ms = 60000
	enable.auto.commit = false
	enable.metrics.push = true
	exclude.internal.topics = true
	fetch.max.bytes = 52428800
	fetch.max.wait.ms = 500
	fetch.min.bytes = 1
	group.id = MS_Dossier
	group.instance.id = null
	group.protocol = classic
	group.remote.assignor = null
	heartbeat.interval.ms = 3000
	interceptor.classes = []
	internal.leave.group.on.close = true
	internal.throw.on.fetch.stable.offset.unsupported = false
	isolation.level = read_uncommitted
	key.deserializer = class org.apache.kafka.common.serialization.StringDeserializer
	max.partition.fetch.bytes = 1048576
	max.poll.interval.ms = 300000
	max.poll.records = 500
	metadata.max.age.ms = 300000
	metric.reporters = []
	metrics.num.samples = 2
	metrics.recording.level = INFO
	metrics.sample.window.ms = 30000
	partition.assignment.strategy = [class org.apache.kafka.clients.consumer.RangeAssignor, class org.apache.kafka.clients.consumer.CooperativeStickyAssignor]
	receive.buffer.bytes = 65536
	reconnect.backoff.max.ms = 1000
	reconnect.backoff.ms = 50
	request.timeout.ms = 30000
	retry.backoff.max.ms = 1000
	retry.backoff.ms = 100
	sasl.client.callback.handler.class = null
	sasl.jaas.config = null
	sasl.kerberos.kinit.cmd = /usr/bin/kinit
	sasl.kerberos.min.time.before.relogin = 60000
	sasl.kerberos.service.name = null
	sasl.kerberos.ticket.renew.jitter = 0.05
	sasl.kerberos.ticket.renew.window.factor = 0.8
	sasl.login.callback.handler.class = null
	sasl.login.class = null
	sasl.login.connect.timeout.ms = null
	sasl.login.read.timeout.ms = null
	sasl.login.refresh.buffer.seconds = 300
	sasl.login.refresh.min.period.seconds = 60
	sasl.login.refresh.window.factor = 0.8
	sasl.login.refresh.window.jitter = 0.05
	sasl.login.retry.backoff.max.ms = 10000
	sasl.login.retry.backoff.ms = 100
	sasl.mechanism = GSSAPI
	sasl.oauthbearer.clock.skew.seconds = 30
	sasl.oauthbearer.expected.audience = null
	sasl.oauthbearer.expected.issuer = null
	sasl.oauthbearer.jwks.endpoint.refresh.ms = 3600000
	sasl.oauthbearer.jwks.endpoint.retry.backoff.max.ms = 10000
	sasl.oauthbearer.jwks.endpoint.retry.backoff.ms = 100
	sasl.oauthbearer.jwks.endpoint.url = null
	sasl.oauthbearer.scope.claim.name = scope
	sasl.oauthbearer.sub.claim.name = sub
	sasl.oauthbearer.token.endpoint.url = null
	security.protocol = PLAINTEXT
	security.providers = null
	send.buffer.bytes = 131072
	session.timeout.ms = 45000
	socket.connection.setup.timeout.max.ms = 30000
	socket.connection.setup.timeout.ms = 10000
	ssl.cipher.suites = null
	ssl.enabled.protocols = [TLSv1.2, TLSv1.3]
	ssl.endpoint.identification.algorithm = https
	ssl.engine.factory.class = null
	ssl.key.password = null
	ssl.keymanager.algorithm = SunX509
	ssl.keystore.certificate.chain = null
	ssl.keystore.key = null
	ssl.keystore.location = null
	ssl.keystore.password = null
	ssl.keystore.type = JKS
	ssl.protocol = TLSv1.3
	ssl.provider = null
	ssl.secure.random.implementation = null
	ssl.trustmanager.algorithm = PKIX
	ssl.truststore.certificates = null
	ssl.truststore.location = null
	ssl.truststore.password = null
	ssl.truststore.type = JKS
	value.deserializer = class org.springframework.kafka.support.serializer.JsonDeserializer

2025-01-29T12:39:33.252+03:00  INFO 2996 --- [MS_Dossier] [restartedMain] o.a.k.c.t.i.KafkaMetricsCollector        : initializing Kafka metrics collector
2025-01-29T12:39:33.261+03:00  INFO 2996 --- [MS_Dossier] [restartedMain] o.a.kafka.common.utils.AppInfoParser     : Kafka version: 3.7.1
2025-01-29T12:39:33.263+03:00  INFO 2996 --- [MS_Dossier] [restartedMain] o.a.kafka.common.utils.AppInfoParser     : Kafka commitId: e2494e6ffb89f828
2025-01-29T12:39:33.264+03:00  INFO 2996 --- [MS_Dossier] [restartedMain] o.a.kafka.common.utils.AppInfoParser     : Kafka startTimeMs: 1738143573261
2025-01-29T12:39:33.264+03:00  INFO 2996 --- [MS_Dossier] [restartedMain] o.a.k.c.c.internals.LegacyKafkaConsumer  : [Consumer clientId=consumer-MS_Dossier-2, groupId=MS_Dossier] Subscribed to topic(s): finish-registration
2025-01-29T12:39:33.266+03:00  INFO 2996 --- [MS_Dossier] [restartedMain] o.a.k.clients.consumer.ConsumerConfig    : ConsumerConfig values: 
	allow.auto.create.topics = true
	auto.commit.interval.ms = 5000
	auto.include.jmx.reporter = true
	auto.offset.reset = earliest
	bootstrap.servers = [localhost:9092]
	check.crcs = true
	client.dns.lookup = use_all_dns_ips
	client.id = consumer-MS_Dossier-3
	client.rack = 
	connections.max.idle.ms = 540000
	default.api.timeout.ms = 60000
	enable.auto.commit = false
	enable.metrics.push = true
	exclude.internal.topics = true
	fetch.max.bytes = 52428800
	fetch.max.wait.ms = 500
	fetch.min.bytes = 1
	group.id = MS_Dossier
	group.instance.id = null
	group.protocol = classic
	group.remote.assignor = null
	heartbeat.interval.ms = 3000
	interceptor.classes = []
	internal.leave.group.on.close = true
	internal.throw.on.fetch.stable.offset.unsupported = false
	isolation.level = read_uncommitted
	key.deserializer = class org.apache.kafka.common.serialization.StringDeserializer
	max.partition.fetch.bytes = 1048576
	max.poll.interval.ms = 300000
	max.poll.records = 500
	metadata.max.age.ms = 300000
	metric.reporters = []
	metrics.num.samples = 2
	metrics.recording.level = INFO
	metrics.sample.window.ms = 30000
	partition.assignment.strategy = [class org.apache.kafka.clients.consumer.RangeAssignor, class org.apache.kafka.clients.consumer.CooperativeStickyAssignor]
	receive.buffer.bytes = 65536
	reconnect.backoff.max.ms = 1000
	reconnect.backoff.ms = 50
	request.timeout.ms = 30000
	retry.backoff.max.ms = 1000
	retry.backoff.ms = 100
	sasl.client.callback.handler.class = null
	sasl.jaas.config = null
	sasl.kerberos.kinit.cmd = /usr/bin/kinit
	sasl.kerberos.min.time.before.relogin = 60000
	sasl.kerberos.service.name = null
	sasl.kerberos.ticket.renew.jitter = 0.05
	sasl.kerberos.ticket.renew.window.factor = 0.8
	sasl.login.callback.handler.class = null
	sasl.login.class = null
	sasl.login.connect.timeout.ms = null
	sasl.login.read.timeout.ms = null
	sasl.login.refresh.buffer.seconds = 300
	sasl.login.refresh.min.period.seconds = 60
	sasl.login.refresh.window.factor = 0.8
	sasl.login.refresh.window.jitter = 0.05
	sasl.login.retry.backoff.max.ms = 10000
	sasl.login.retry.backoff.ms = 100
	sasl.mechanism = GSSAPI
	sasl.oauthbearer.clock.skew.seconds = 30
	sasl.oauthbearer.expected.audience = null
	sasl.oauthbearer.expected.issuer = null
	sasl.oauthbearer.jwks.endpoint.refresh.ms = 3600000
	sasl.oauthbearer.jwks.endpoint.retry.backoff.max.ms = 10000
	sasl.oauthbearer.jwks.endpoint.retry.backoff.ms = 100
	sasl.oauthbearer.jwks.endpoint.url = null
	sasl.oauthbearer.scope.claim.name = scope
	sasl.oauthbearer.sub.claim.name = sub
	sasl.oauthbearer.token.endpoint.url = null
	security.protocol = PLAINTEXT
	security.providers = null
	send.buffer.bytes = 131072
	session.timeout.ms = 45000
	socket.connection.setup.timeout.max.ms = 30000
	socket.connection.setup.timeout.ms = 10000
	ssl.cipher.suites = null
	ssl.enabled.protocols = [TLSv1.2, TLSv1.3]
	ssl.endpoint.identification.algorithm = https
	ssl.engine.factory.class = null
	ssl.key.password = null
	ssl.keymanager.algorithm = SunX509
	ssl.keystore.certificate.chain = null
	ssl.keystore.key = null
	ssl.keystore.location = null
	ssl.keystore.password = null
	ssl.keystore.type = JKS
	ssl.protocol = TLSv1.3
	ssl.provider = null
	ssl.secure.random.implementation = null
	ssl.trustmanager.algorithm = PKIX
	ssl.truststore.certificates = null
	ssl.truststore.location = null
	ssl.truststore.password = null
	ssl.truststore.type = JKS
	value.deserializer = class org.springframework.kafka.support.serializer.JsonDeserializer

2025-01-29T12:39:33.267+03:00  INFO 2996 --- [MS_Dossier] [restartedMain] o.a.k.c.t.i.KafkaMetricsCollector        : initializing Kafka metrics collector
2025-01-29T12:39:33.282+03:00  INFO 2996 --- [MS_Dossier] [restartedMain] o.a.kafka.common.utils.AppInfoParser     : Kafka version: 3.7.1
2025-01-29T12:39:33.283+03:00  INFO 2996 --- [MS_Dossier] [restartedMain] o.a.kafka.common.utils.AppInfoParser     : Kafka commitId: e2494e6ffb89f828
2025-01-29T12:39:33.283+03:00  INFO 2996 --- [MS_Dossier] [restartedMain] o.a.kafka.common.utils.AppInfoParser     : Kafka startTimeMs: 1738143573282
2025-01-29T12:39:33.283+03:00  INFO 2996 --- [MS_Dossier] [restartedMain] o.a.k.c.c.internals.LegacyKafkaConsumer  : [Consumer clientId=consumer-MS_Dossier-3, groupId=MS_Dossier] Subscribed to topic(s): send-documents
2025-01-29T12:39:33.285+03:00  INFO 2996 --- [MS_Dossier] [restartedMain] o.a.k.clients.consumer.ConsumerConfig    : ConsumerConfig values: 
	allow.auto.create.topics = true
	auto.commit.interval.ms = 5000
	auto.include.jmx.reporter = true
	auto.offset.reset = earliest
	bootstrap.servers = [localhost:9092]
	check.crcs = true
	client.dns.lookup = use_all_dns_ips
	client.id = consumer-MS_Dossier-4
	client.rack = 
	connections.max.idle.ms = 540000
	default.api.timeout.ms = 60000
	enable.auto.commit = false
	enable.metrics.push = true
	exclude.internal.topics = true
	fetch.max.bytes = 52428800
	fetch.max.wait.ms = 500
	fetch.min.bytes = 1
	group.id = MS_Dossier
	group.instance.id = null
	group.protocol = classic
	group.remote.assignor = null
	heartbeat.interval.ms = 3000
	interceptor.classes = []
	internal.leave.group.on.close = true
	internal.throw.on.fetch.stable.offset.unsupported = false
	isolation.level = read_uncommitted
	key.deserializer = class org.apache.kafka.common.serialization.StringDeserializer
	max.partition.fetch.bytes = 1048576
	max.poll.interval.ms = 300000
	max.poll.records = 500
	metadata.max.age.ms = 300000
	metric.reporters = []
	metrics.num.samples = 2
	metrics.recording.level = INFO
	metrics.sample.window.ms = 30000
	partition.assignment.strategy = [class org.apache.kafka.clients.consumer.RangeAssignor, class org.apache.kafka.clients.consumer.CooperativeStickyAssignor]
	receive.buffer.bytes = 65536
	reconnect.backoff.max.ms = 1000
	reconnect.backoff.ms = 50
	request.timeout.ms = 30000
	retry.backoff.max.ms = 1000
	retry.backoff.ms = 100
	sasl.client.callback.handler.class = null
	sasl.jaas.config = null
	sasl.kerberos.kinit.cmd = /usr/bin/kinit
	sasl.kerberos.min.time.before.relogin = 60000
	sasl.kerberos.service.name = null
	sasl.kerberos.ticket.renew.jitter = 0.05
	sasl.kerberos.ticket.renew.window.factor = 0.8
	sasl.login.callback.handler.class = null
	sasl.login.class = null
	sasl.login.connect.timeout.ms = null
	sasl.login.read.timeout.ms = null
	sasl.login.refresh.buffer.seconds = 300
	sasl.login.refresh.min.period.seconds = 60
	sasl.login.refresh.window.factor = 0.8
	sasl.login.refresh.window.jitter = 0.05
	sasl.login.retry.backoff.max.ms = 10000
	sasl.login.retry.backoff.ms = 100
	sasl.mechanism = GSSAPI
	sasl.oauthbearer.clock.skew.seconds = 30
	sasl.oauthbearer.expected.audience = null
	sasl.oauthbearer.expected.issuer = null
	sasl.oauthbearer.jwks.endpoint.refresh.ms = 3600000
	sasl.oauthbearer.jwks.endpoint.retry.backoff.max.ms = 10000
	sasl.oauthbearer.jwks.endpoint.retry.backoff.ms = 100
	sasl.oauthbearer.jwks.endpoint.url = null
	sasl.oauthbearer.scope.claim.name = scope
	sasl.oauthbearer.sub.claim.name = sub
	sasl.oauthbearer.token.endpoint.url = null
	security.protocol = PLAINTEXT
	security.providers = null
	send.buffer.bytes = 131072
	session.timeout.ms = 45000
	socket.connection.setup.timeout.max.ms = 30000
	socket.connection.setup.timeout.ms = 10000
	ssl.cipher.suites = null
	ssl.enabled.protocols = [TLSv1.2, TLSv1.3]
	ssl.endpoint.identification.algorithm = https
	ssl.engine.factory.class = null
	ssl.key.password = null
	ssl.keymanager.algorithm = SunX509
	ssl.keystore.certificate.chain = null
	ssl.keystore.key = null
	ssl.keystore.location = null
	ssl.keystore.password = null
	ssl.keystore.type = JKS
	ssl.protocol = TLSv1.3
	ssl.provider = null
	ssl.secure.random.implementation = null
	ssl.trustmanager.algorithm = PKIX
	ssl.truststore.certificates = null
	ssl.truststore.location = null
	ssl.truststore.password = null
	ssl.truststore.type = JKS
	value.deserializer = class org.springframework.kafka.support.serializer.JsonDeserializer

2025-01-29T12:39:33.286+03:00  INFO 2996 --- [MS_Dossier] [restartedMain] o.a.k.c.t.i.KafkaMetricsCollector        : initializing Kafka metrics collector
2025-01-29T12:39:33.294+03:00  INFO 2996 --- [MS_Dossier] [restartedMain] o.a.kafka.common.utils.AppInfoParser     : Kafka version: 3.7.1
2025-01-29T12:39:33.295+03:00  INFO 2996 --- [MS_Dossier] [restartedMain] o.a.kafka.common.utils.AppInfoParser     : Kafka commitId: e2494e6ffb89f828
2025-01-29T12:39:33.295+03:00  INFO 2996 --- [MS_Dossier] [restartedMain] o.a.kafka.common.utils.AppInfoParser     : Kafka startTimeMs: 1738143573294
2025-01-29T12:39:33.295+03:00  INFO 2996 --- [MS_Dossier] [restartedMain] o.a.k.c.c.internals.LegacyKafkaConsumer  : [Consumer clientId=consumer-MS_Dossier-4, groupId=MS_Dossier] Subscribed to topic(s): statement-denied
2025-01-29T12:39:33.297+03:00  INFO 2996 --- [MS_Dossier] [restartedMain] o.a.k.clients.consumer.ConsumerConfig    : ConsumerConfig values: 
	allow.auto.create.topics = true
	auto.commit.interval.ms = 5000
	auto.include.jmx.reporter = true
	auto.offset.reset = earliest
	bootstrap.servers = [localhost:9092]
	check.crcs = true
	client.dns.lookup = use_all_dns_ips
	client.id = consumer-MS_Dossier-5
	client.rack = 
	connections.max.idle.ms = 540000
	default.api.timeout.ms = 60000
	enable.auto.commit = false
	enable.metrics.push = true
	exclude.internal.topics = true
	fetch.max.bytes = 52428800
	fetch.max.wait.ms = 500
	fetch.min.bytes = 1
	group.id = MS_Dossier
	group.instance.id = null
	group.protocol = classic
	group.remote.assignor = null
	heartbeat.interval.ms = 3000
	interceptor.classes = []
	internal.leave.group.on.close = true
	internal.throw.on.fetch.stable.offset.unsupported = false
	isolation.level = read_uncommitted
	key.deserializer = class org.apache.kafka.common.serialization.StringDeserializer
	max.partition.fetch.bytes = 1048576
	max.poll.interval.ms = 300000
	max.poll.records = 500
	metadata.max.age.ms = 300000
	metric.reporters = []
	metrics.num.samples = 2
	metrics.recording.level = INFO
	metrics.sample.window.ms = 30000
	partition.assignment.strategy = [class org.apache.kafka.clients.consumer.RangeAssignor, class org.apache.kafka.clients.consumer.CooperativeStickyAssignor]
	receive.buffer.bytes = 65536
	reconnect.backoff.max.ms = 1000
	reconnect.backoff.ms = 50
	request.timeout.ms = 30000
	retry.backoff.max.ms = 1000
	retry.backoff.ms = 100
	sasl.client.callback.handler.class = null
	sasl.jaas.config = null
	sasl.kerberos.kinit.cmd = /usr/bin/kinit
	sasl.kerberos.min.time.before.relogin = 60000
	sasl.kerberos.service.name = null
	sasl.kerberos.ticket.renew.jitter = 0.05
	sasl.kerberos.ticket.renew.window.factor = 0.8
	sasl.login.callback.handler.class = null
	sasl.login.class = null
	sasl.login.connect.timeout.ms = null
	sasl.login.read.timeout.ms = null
	sasl.login.refresh.buffer.seconds = 300
	sasl.login.refresh.min.period.seconds = 60
	sasl.login.refresh.window.factor = 0.8
	sasl.login.refresh.window.jitter = 0.05
	sasl.login.retry.backoff.max.ms = 10000
	sasl.login.retry.backoff.ms = 100
	sasl.mechanism = GSSAPI
	sasl.oauthbearer.clock.skew.seconds = 30
	sasl.oauthbearer.expected.audience = null
	sasl.oauthbearer.expected.issuer = null
	sasl.oauthbearer.jwks.endpoint.refresh.ms = 3600000
	sasl.oauthbearer.jwks.endpoint.retry.backoff.max.ms = 10000
	sasl.oauthbearer.jwks.endpoint.retry.backoff.ms = 100
	sasl.oauthbearer.jwks.endpoint.url = null
	sasl.oauthbearer.scope.claim.name = scope
	sasl.oauthbearer.sub.claim.name = sub
	sasl.oauthbearer.token.endpoint.url = null
	security.protocol = PLAINTEXT
	security.providers = null
	send.buffer.bytes = 131072
	session.timeout.ms = 45000
	socket.connection.setup.timeout.max.ms = 30000
	socket.connection.setup.timeout.ms = 10000
	ssl.cipher.suites = null
	ssl.enabled.protocols = [TLSv1.2, TLSv1.3]
	ssl.endpoint.identification.algorithm = https
	ssl.engine.factory.class = null
	ssl.key.password = null
	ssl.keymanager.algorithm = SunX509
	ssl.keystore.certificate.chain = null
	ssl.keystore.key = null
	ssl.keystore.location = null
	ssl.keystore.password = null
	ssl.keystore.type = JKS
	ssl.protocol = TLSv1.3
	ssl.provider = null
	ssl.secure.random.implementation = null
	ssl.trustmanager.algorithm = PKIX
	ssl.truststore.certificates = null
	ssl.truststore.location = null
	ssl.truststore.password = null
	ssl.truststore.type = JKS
	value.deserializer = class org.springframework.kafka.support.serializer.JsonDeserializer

2025-01-29T12:39:33.298+03:00  INFO 2996 --- [MS_Dossier] [restartedMain] o.a.k.c.t.i.KafkaMetricsCollector        : initializing Kafka metrics collector
2025-01-29T12:39:33.309+03:00  INFO 2996 --- [MS_Dossier] [restartedMain] o.a.kafka.common.utils.AppInfoParser     : Kafka version: 3.7.1
2025-01-29T12:39:33.309+03:00  INFO 2996 --- [MS_Dossier] [restartedMain] o.a.kafka.common.utils.AppInfoParser     : Kafka commitId: e2494e6ffb89f828
2025-01-29T12:39:33.309+03:00  INFO 2996 --- [MS_Dossier] [restartedMain] o.a.kafka.common.utils.AppInfoParser     : Kafka startTimeMs: 1738143573309
2025-01-29T12:39:33.309+03:00  INFO 2996 --- [MS_Dossier] [restartedMain] o.a.k.c.c.internals.LegacyKafkaConsumer  : [Consumer clientId=consumer-MS_Dossier-5, groupId=MS_Dossier] Subscribed to topic(s): credit-issued
2025-01-29T12:39:33.312+03:00  INFO 2996 --- [MS_Dossier] [restartedMain] o.a.k.clients.consumer.ConsumerConfig    : ConsumerConfig values: 
	allow.auto.create.topics = true
	auto.commit.interval.ms = 5000
	auto.include.jmx.reporter = true
	auto.offset.reset = earliest
	bootstrap.servers = [localhost:9092]
	check.crcs = true
	client.dns.lookup = use_all_dns_ips
	client.id = consumer-MS_Dossier-6
	client.rack = 
	connections.max.idle.ms = 540000
	default.api.timeout.ms = 60000
	enable.auto.commit = false
	enable.metrics.push = true
	exclude.internal.topics = true
	fetch.max.bytes = 52428800
	fetch.max.wait.ms = 500
	fetch.min.bytes = 1
	group.id = MS_Dossier
	group.instance.id = null
	group.protocol = classic
	group.remote.assignor = null
	heartbeat.interval.ms = 3000
	interceptor.classes = []
	internal.leave.group.on.close = true
	internal.throw.on.fetch.stable.offset.unsupported = false
	isolation.level = read_uncommitted
	key.deserializer = class org.apache.kafka.common.serialization.StringDeserializer
	max.partition.fetch.bytes = 1048576
	max.poll.interval.ms = 300000
	max.poll.records = 500
	metadata.max.age.ms = 300000
	metric.reporters = []
	metrics.num.samples = 2
	metrics.recording.level = INFO
	metrics.sample.window.ms = 30000
	partition.assignment.strategy = [class org.apache.kafka.clients.consumer.RangeAssignor, class org.apache.kafka.clients.consumer.CooperativeStickyAssignor]
	receive.buffer.bytes = 65536
	reconnect.backoff.max.ms = 1000
	reconnect.backoff.ms = 50
	request.timeout.ms = 30000
	retry.backoff.max.ms = 1000
	retry.backoff.ms = 100
	sasl.client.callback.handler.class = null
	sasl.jaas.config = null
	sasl.kerberos.kinit.cmd = /usr/bin/kinit
	sasl.kerberos.min.time.before.relogin = 60000
	sasl.kerberos.service.name = null
	sasl.kerberos.ticket.renew.jitter = 0.05
	sasl.kerberos.ticket.renew.window.factor = 0.8
	sasl.login.callback.handler.class = null
	sasl.login.class = null
	sasl.login.connect.timeout.ms = null
	sasl.login.read.timeout.ms = null
	sasl.login.refresh.buffer.seconds = 300
	sasl.login.refresh.min.period.seconds = 60
	sasl.login.refresh.window.factor = 0.8
	sasl.login.refresh.window.jitter = 0.05
	sasl.login.retry.backoff.max.ms = 10000
	sasl.login.retry.backoff.ms = 100
	sasl.mechanism = GSSAPI
	sasl.oauthbearer.clock.skew.seconds = 30
	sasl.oauthbearer.expected.audience = null
	sasl.oauthbearer.expected.issuer = null
	sasl.oauthbearer.jwks.endpoint.refresh.ms = 3600000
	sasl.oauthbearer.jwks.endpoint.retry.backoff.max.ms = 10000
	sasl.oauthbearer.jwks.endpoint.retry.backoff.ms = 100
	sasl.oauthbearer.jwks.endpoint.url = null
	sasl.oauthbearer.scope.claim.name = scope
	sasl.oauthbearer.sub.claim.name = sub
	sasl.oauthbearer.token.endpoint.url = null
	security.protocol = PLAINTEXT
	security.providers = null
	send.buffer.bytes = 131072
	session.timeout.ms = 45000
	socket.connection.setup.timeout.max.ms = 30000
	socket.connection.setup.timeout.ms = 10000
	ssl.cipher.suites = null
	ssl.enabled.protocols = [TLSv1.2, TLSv1.3]
	ssl.endpoint.identification.algorithm = https
	ssl.engine.factory.class = null
	ssl.key.password = null
	ssl.keymanager.algorithm = SunX509
	ssl.keystore.certificate.chain = null
	ssl.keystore.key = null
	ssl.keystore.location = null
	ssl.keystore.password = null
	ssl.keystore.type = JKS
	ssl.protocol = TLSv1.3
	ssl.provider = null
	ssl.secure.random.implementation = null
	ssl.trustmanager.algorithm = PKIX
	ssl.truststore.certificates = null
	ssl.truststore.location = null
	ssl.truststore.password = null
	ssl.truststore.type = JKS
	value.deserializer = class org.springframework.kafka.support.serializer.JsonDeserializer

2025-01-29T12:39:33.312+03:00  INFO 2996 --- [MS_Dossier] [restartedMain] o.a.k.c.t.i.KafkaMetricsCollector        : initializing Kafka metrics collector
2025-01-29T12:39:33.319+03:00  INFO 2996 --- [MS_Dossier] [restartedMain] o.a.kafka.common.utils.AppInfoParser     : Kafka version: 3.7.1
2025-01-29T12:39:33.319+03:00  INFO 2996 --- [MS_Dossier] [restartedMain] o.a.kafka.common.utils.AppInfoParser     : Kafka commitId: e2494e6ffb89f828
2025-01-29T12:39:33.320+03:00  INFO 2996 --- [MS_Dossier] [restartedMain] o.a.kafka.common.utils.AppInfoParser     : Kafka startTimeMs: 1738143573319
2025-01-29T12:39:33.320+03:00  INFO 2996 --- [MS_Dossier] [restartedMain] o.a.k.c.c.internals.LegacyKafkaConsumer  : [Consumer clientId=consumer-MS_Dossier-6, groupId=MS_Dossier] Subscribed to topic(s): create-documents
2025-01-29T12:39:33.331+03:00  INFO 2996 --- [MS_Dossier] [restartedMain] ru.dossier.DossierApplication            : Started DossierApplication in 9.411 seconds (process running for 10.386)
2025-01-29T12:39:33.998+03:00  INFO 2996 --- [MS_Dossier] [create-documents-listener-0-C-1] org.apache.kafka.clients.NetworkClient   : [Consumer clientId=consumer-MS_Dossier-6, groupId=MS_Dossier] Node -1 disconnected.
2025-01-29T12:39:33.998+03:00  INFO 2996 --- [MS_Dossier] [credit-issued-listener-0-C-1] org.apache.kafka.clients.NetworkClient   : [Consumer clientId=consumer-MS_Dossier-5, groupId=MS_Dossier] Node -1 disconnected.
2025-01-29T12:39:33.999+03:00  INFO 2996 --- [MS_Dossier] [send-documents-listener-0-C-1] org.apache.kafka.clients.NetworkClient   : [Consumer clientId=consumer-MS_Dossier-3, groupId=MS_Dossier] Node -1 disconnected.
2025-01-29T12:39:33.999+03:00  INFO 2996 --- [MS_Dossier] [statement-denied-listener-0-C-1] org.apache.kafka.clients.NetworkClient   : [Consumer clientId=consumer-MS_Dossier-4, groupId=MS_Dossier] Node -1 disconnected.
2025-01-29T12:39:33.999+03:00  INFO 2996 --- [MS_Dossier] [send-ses-listener-0-C-1] org.apache.kafka.clients.NetworkClient   : [Consumer clientId=consumer-MS_Dossier-1, groupId=MS_Dossier] Node -1 disconnected.
2025-01-29T12:39:33.999+03:00  INFO 2996 --- [MS_Dossier] [finish-registration-listener-0-C-1] org.apache.kafka.clients.NetworkClient   : [Consumer clientId=consumer-MS_Dossier-2, groupId=MS_Dossier] Node -1 disconnected.
2025-01-29T12:39:34.031+03:00  WARN 2996 --- [MS_Dossier] [statement-denied-listener-0-C-1] org.apache.kafka.clients.NetworkClient   : [Consumer clientId=consumer-MS_Dossier-4, groupId=MS_Dossier] Connection to node -1 (localhost/127.0.0.1:9092) could not be established. Node may not be available.
2025-01-29T12:39:34.032+03:00  WARN 2996 --- [MS_Dossier] [statement-denied-listener-0-C-1] org.apache.kafka.clients.NetworkClient   : [Consumer clientId=consumer-MS_Dossier-4, groupId=MS_Dossier] Bootstrap broker localhost:9092 (id: -1 rack: null) disconnected
2025-01-29T12:39:34.031+03:00  WARN 2996 --- [MS_Dossier] [finish-registration-listener-0-C-1] org.apache.kafka.clients.NetworkClient   : [Consumer clientId=consumer-MS_Dossier-2, groupId=MS_Dossier] Connection to node -1 (localhost/127.0.0.1:9092) could not be established. Node may not be available.
2025-01-29T12:39:34.033+03:00  WARN 2996 --- [MS_Dossier] [create-documents-listener-0-C-1] org.apache.kafka.clients.NetworkClient   : [Consumer clientId=consumer-MS_Dossier-6, groupId=MS_Dossier] Connection to node -1 (localhost/127.0.0.1:9092) could not be established. Node may not be available.
2025-01-29T12:39:34.033+03:00  WARN 2996 --- [MS_Dossier] [create-documents-listener-0-C-1] org.apache.kafka.clients.NetworkClient   : [Consumer clientId=consumer-MS_Dossier-6, groupId=MS_Dossier] Bootstrap broker localhost:9092 (id: -1 rack: null) disconnected
2025-01-29T12:39:34.034+03:00  WARN 2996 --- [MS_Dossier] [finish-registration-listener-0-C-1] org.apache.kafka.clients.NetworkClient   : [Consumer clientId=consumer-MS_Dossier-2, groupId=MS_Dossier] Bootstrap broker localhost:9092 (id: -1 rack: null) disconnected
2025-01-29T12:39:34.034+03:00  WARN 2996 --- [MS_Dossier] [credit-issued-listener-0-C-1] org.apache.kafka.clients.NetworkClient   : [Consumer clientId=consumer-MS_Dossier-5, groupId=MS_Dossier] Connection to node -1 (localhost/127.0.0.1:9092) could not be established. Node may not be available.
2025-01-29T12:39:34.034+03:00  WARN 2996 --- [MS_Dossier] [credit-issued-listener-0-C-1] org.apache.kafka.clients.NetworkClient   : [Consumer clientId=consumer-MS_Dossier-5, groupId=MS_Dossier] Bootstrap broker localhost:9092 (id: -1 rack: null) disconnected
2025-01-29T12:39:34.034+03:00  WARN 2996 --- [MS_Dossier] [send-documents-listener-0-C-1] org.apache.kafka.clients.NetworkClient   : [Consumer clientId=consumer-MS_Dossier-3, groupId=MS_Dossier] Connection to node -1 (localhost/127.0.0.1:9092) could not be established. Node may not be available.
2025-01-29T12:39:34.035+03:00  WARN 2996 --- [MS_Dossier] [send-documents-listener-0-C-1] org.apache.kafka.clients.NetworkClient   : [Consumer clientId=consumer-MS_Dossier-3, groupId=MS_Dossier] Bootstrap broker localhost:9092 (id: -1 rack: null) disconnected
2025-01-29T12:39:34.035+03:00  WARN 2996 --- [MS_Dossier] [send-ses-listener-0-C-1] org.apache.kafka.clients.NetworkClient   : [Consumer clientId=consumer-MS_Dossier-1, groupId=MS_Dossier] Connection to node -1 (localhost/127.0.0.1:9092) could not be established. Node may not be available.
2025-01-29T12:39:34.035+03:00  WARN 2996 --- [MS_Dossier] [send-ses-listener-0-C-1] org.apache.kafka.clients.NetworkClient   : [Consumer clientId=consumer-MS_Dossier-1, groupId=MS_Dossier] Bootstrap broker localhost:9092 (id: -1 rack: null) disconnected
2025-01-29T12:39:34.122+03:00  INFO 2996 --- [MS_Dossier] [finish-registration-listener-0-C-1] org.apache.kafka.clients.NetworkClient   : [Consumer clientId=consumer-MS_Dossier-2, groupId=MS_Dossier] Node -1 disconnected.
2025-01-29T12:39:34.123+03:00  WARN 2996 --- [MS_Dossier] [finish-registration-listener-0-C-1] org.apache.kafka.clients.NetworkClient   : [Consumer clientId=consumer-MS_Dossier-2, groupId=MS_Dossier] Connection to node -1 (localhost/127.0.0.1:9092) could not be established. Node may not be available.
2025-01-29T12:39:34.123+03:00  WARN 2996 --- [MS_Dossier] [finish-registration-listener-0-C-1] org.apache.kafka.clients.NetworkClient   : [Consumer clientId=consumer-MS_Dossier-2, groupId=MS_Dossier] Bootstrap broker localhost:9092 (id: -1 rack: null) disconnected
2025-01-29T12:39:34.133+03:00  INFO 2996 --- [MS_Dossier] [send-ses-listener-0-C-1] org.apache.kafka.clients.NetworkClient   : [Consumer clientId=consumer-MS_Dossier-1, groupId=MS_Dossier] Node -1 disconnected.
2025-01-29T12:39:34.133+03:00  WARN 2996 --- [MS_Dossier] [send-ses-listener-0-C-1] org.apache.kafka.clients.NetworkClient   : [Consumer clientId=consumer-MS_Dossier-1, groupId=MS_Dossier] Connection to node -1 (localhost/127.0.0.1:9092) could not be established. Node may not be available.
2025-01-29T12:39:34.133+03:00  WARN 2996 --- [MS_Dossier] [send-ses-listener-0-C-1] org.apache.kafka.clients.NetworkClient   : [Consumer clientId=consumer-MS_Dossier-1, groupId=MS_Dossier] Bootstrap broker localhost:9092 (id: -1 rack: null) disconnected
2025-01-29T12:39:34.151+03:00  INFO 2996 --- [MS_Dossier] [create-documents-listener-0-C-1] org.apache.kafka.clients.NetworkClient   : [Consumer clientId=consumer-MS_Dossier-6, groupId=MS_Dossier] Node -1 disconnected.
2025-01-29T12:39:34.151+03:00  WARN 2996 --- [MS_Dossier] [create-documents-listener-0-C-1] org.apache.kafka.clients.NetworkClient   : [Consumer clientId=consumer-MS_Dossier-6, groupId=MS_Dossier] Connection to node -1 (localhost/127.0.0.1:9092) could not be established. Node may not be available.
2025-01-29T12:39:34.151+03:00  WARN 2996 --- [MS_Dossier] [create-documents-listener-0-C-1] org.apache.kafka.clients.NetworkClient   : [Consumer clientId=consumer-MS_Dossier-6, groupId=MS_Dossier] Bootstrap broker localhost:9092 (id: -1 rack: null) disconnected
2025-01-29T12:39:34.155+03:00  INFO 2996 --- [MS_Dossier] [send-documents-listener-0-C-1] org.apache.kafka.clients.NetworkClient   : [Consumer clientId=consumer-MS_Dossier-3, groupId=MS_Dossier] Node -1 disconnected.
2025-01-29T12:39:34.155+03:00  INFO 2996 --- [MS_Dossier] [statement-denied-listener-0-C-1] org.apache.kafka.clients.NetworkClient   : [Consumer clientId=consumer-MS_Dossier-4, groupId=MS_Dossier] Node -1 disconnected.
2025-01-29T12:39:34.155+03:00  WARN 2996 --- [MS_Dossier] [send-documents-listener-0-C-1] org.apache.kafka.clients.NetworkClient   : [Consumer clientId=consumer-MS_Dossier-3, groupId=MS_Dossier] Connection to node -1 (localhost/127.0.0.1:9092) could not be established. Node may not be available.
2025-01-29T12:39:34.155+03:00  WARN 2996 --- [MS_Dossier] [send-documents-listener-0-C-1] org.apache.kafka.clients.NetworkClient   : [Consumer clientId=consumer-MS_Dossier-3, groupId=MS_Dossier] Bootstrap broker localhost:9092 (id: -1 rack: null) disconnected
2025-01-29T12:39:34.156+03:00  WARN 2996 --- [MS_Dossier] [statement-denied-listener-0-C-1] org.apache.kafka.clients.NetworkClient   : [Consumer clientId=consumer-MS_Dossier-4, groupId=MS_Dossier] Connection to node -1 (localhost/127.0.0.1:9092) could not be established. Node may not be available.
2025-01-29T12:39:34.156+03:00  WARN 2996 --- [MS_Dossier] [statement-denied-listener-0-C-1] org.apache.kafka.clients.NetworkClient   : [Consumer clientId=consumer-MS_Dossier-4, groupId=MS_Dossier] Bootstrap broker localhost:9092 (id: -1 rack: null) disconnected
2025-01-29T12:39:34.158+03:00  INFO 2996 --- [MS_Dossier] [credit-issued-listener-0-C-1] org.apache.kafka.clients.NetworkClient   : [Consumer clientId=consumer-MS_Dossier-5, groupId=MS_Dossier] Node -1 disconnected.
2025-01-29T12:39:34.158+03:00  WARN 2996 --- [MS_Dossier] [credit-issued-listener-0-C-1] org.apache.kafka.clients.NetworkClient   : [Consumer clientId=consumer-MS_Dossier-5, groupId=MS_Dossier] Connection to node -1 (localhost/127.0.0.1:9092) could not be established. Node may not be available.
2025-01-29T12:39:34.158+03:00  WARN 2996 --- [MS_Dossier] [credit-issued-listener-0-C-1] org.apache.kafka.clients.NetworkClient   : [Consumer clientId=consumer-MS_Dossier-5, groupId=MS_Dossier] Bootstrap broker localhost:9092 (id: -1 rack: null) disconnected
2025-01-29T12:39:34.229+03:00  INFO 2996 --- [MS_Dossier] [finish-registration-listener-0-C-1] org.apache.kafka.clients.NetworkClient   : [Consumer clientId=consumer-MS_Dossier-2, groupId=MS_Dossier] Node -1 disconnected.
2025-01-29T12:39:34.229+03:00  WARN 2996 --- [MS_Dossier] [finish-registration-listener-0-C-1] org.apache.kafka.clients.NetworkClient   : [Consumer clientId=consumer-MS_Dossier-2, groupId=MS_Dossier] Connection to node -1 (localhost/127.0.0.1:9092) could not be established. Node may not be available.
2025-01-29T12:39:34.229+03:00  WARN 2996 --- [MS_Dossier] [finish-registration-listener-0-C-1] org.apache.kafka.clients.NetworkClient   : [Consumer clientId=consumer-MS_Dossier-2, groupId=MS_Dossier] Bootstrap broker localhost:9092 (id: -1 rack: null) disconnected
2025-01-29T12:39:34.244+03:00  INFO 2996 --- [MS_Dossier] [send-ses-listener-0-C-1] org.apache.kafka.clients.NetworkClient   : [Consumer clientId=consumer-MS_Dossier-1, groupId=MS_Dossier] Node -1 disconnected.
2025-01-29T12:39:34.244+03:00  WARN 2996 --- [MS_Dossier] [send-ses-listener-0-C-1] org.apache.kafka.clients.NetworkClient   : [Consumer clientId=consumer-MS_Dossier-1, groupId=MS_Dossier] Connection to node -1 (localhost/127.0.0.1:9092) could not be established. Node may not be available.
2025-01-29T12:39:34.244+03:00  WARN 2996 --- [MS_Dossier] [send-ses-listener-0-C-1] org.apache.kafka.clients.NetworkClient   : [Consumer clientId=consumer-MS_Dossier-1, groupId=MS_Dossier] Bootstrap broker localhost:9092 (id: -1 rack: null) disconnected
2025-01-29T12:39:34.259+03:00  INFO 2996 --- [MS_Dossier] [send-documents-listener-0-C-1] org.apache.kafka.clients.NetworkClient   : [Consumer clientId=consumer-MS_Dossier-3, groupId=MS_Dossier] Node -1 disconnected.
2025-01-29T12:39:34.260+03:00  WARN 2996 --- [MS_Dossier] [send-documents-listener-0-C-1] org.apache.kafka.clients.NetworkClient   : [Consumer clientId=consumer-MS_Dossier-3, groupId=MS_Dossier] Connection to node -1 (localhost/127.0.0.1:9092) could not be established. Node may not be available.
2025-01-29T12:39:34.260+03:00  WARN 2996 --- [MS_Dossier] [send-documents-listener-0-C-1] org.apache.kafka.clients.NetworkClient   : [Consumer clientId=consumer-MS_Dossier-3, groupId=MS_Dossier] Bootstrap broker localhost:9092 (id: -1 rack: null) disconnected
2025-01-29T12:39:34.277+03:00  INFO 2996 --- [MS_Dossier] [credit-issued-listener-0-C-1] org.apache.kafka.clients.NetworkClient   : [Consumer clientId=consumer-MS_Dossier-5, groupId=MS_Dossier] Node -1 disconnected.
2025-01-29T12:39:34.278+03:00  WARN 2996 --- [MS_Dossier] [credit-issued-listener-0-C-1] org.apache.kafka.clients.NetworkClient   : [Consumer clientId=consumer-MS_Dossier-5, groupId=MS_Dossier] Connection to node -1 (localhost/127.0.0.1:9092) could not be established. Node may not be available.
2025-01-29T12:39:34.278+03:00  WARN 2996 --- [MS_Dossier] [credit-issued-listener-0-C-1] org.apache.kafka.clients.NetworkClient   : [Consumer clientId=consumer-MS_Dossier-5, groupId=MS_Dossier] Bootstrap broker localhost:9092 (id: -1 rack: null) disconnected
2025-01-29T12:39:34.322+03:00  INFO 2996 --- [MS_Dossier] [statement-denied-listener-0-C-1] org.apache.kafka.clients.NetworkClient   : [Consumer clientId=consumer-MS_Dossier-4, groupId=MS_Dossier] Node -1 disconnected.
2025-01-29T12:39:34.322+03:00  INFO 2996 --- [MS_Dossier] [create-documents-listener-0-C-1] org.apache.kafka.clients.NetworkClient   : [Consumer clientId=consumer-MS_Dossier-6, groupId=MS_Dossier] Node -1 disconnected.
2025-01-29T12:39:34.322+03:00  WARN 2996 --- [MS_Dossier] [create-documents-listener-0-C-1] org.apache.kafka.clients.NetworkClient   : [Consumer clientId=consumer-MS_Dossier-6, groupId=MS_Dossier] Connection to node -1 (localhost/127.0.0.1:9092) could not be established. Node may not be available.
2025-01-29T12:39:34.322+03:00  WARN 2996 --- [MS_Dossier] [statement-denied-listener-0-C-1] org.apache.kafka.clients.NetworkClient   : [Consumer clientId=consumer-MS_Dossier-4, groupId=MS_Dossier] Connection to node -1 (localhost/127.0.0.1:9092) could not be established. Node may not be available.
2025-01-29T12:39:34.322+03:00  WARN 2996 --- [MS_Dossier] [create-documents-listener-0-C-1] org.apache.kafka.clients.NetworkClient   : [Consumer clientId=consumer-MS_Dossier-6, groupId=MS_Dossier] Bootstrap broker localhost:9092 (id: -1 rack: null) disconnected
2025-01-29T12:39:34.322+03:00  WARN 2996 --- [MS_Dossier] [statement-denied-listener-0-C-1] org.apache.kafka.clients.NetworkClient   : [Consumer clientId=consumer-MS_Dossier-4, groupId=MS_Dossier] Bootstrap broker localhost:9092 (id: -1 rack: null) disconnected
2025-01-29T12:39:34.460+03:00  INFO 2996 --- [MS_Dossier] [send-ses-listener-0-C-1] org.apache.kafka.clients.NetworkClient   : [Consumer clientId=consumer-MS_Dossier-1, groupId=MS_Dossier] Node -1 disconnected.
2025-01-29T12:39:34.460+03:00  WARN 2996 --- [MS_Dossier] [send-ses-listener-0-C-1] org.apache.kafka.clients.NetworkClient   : [Consumer clientId=consumer-MS_Dossier-1, groupId=MS_Dossier] Connection to node -1 (localhost/127.0.0.1:9092) could not be established. Node may not be available.
2025-01-29T12:39:34.460+03:00  WARN 2996 --- [MS_Dossier] [send-ses-listener-0-C-1] org.apache.kafka.clients.NetworkClient   : [Consumer clientId=consumer-MS_Dossier-1, groupId=MS_Dossier] Bootstrap broker localhost:9092 (id: -1 rack: null) disconnected
2025-01-29T12:39:34.460+03:00  INFO 2996 --- [MS_Dossier] [send-documents-listener-0-C-1] org.apache.kafka.clients.NetworkClient   : [Consumer clientId=consumer-MS_Dossier-3, groupId=MS_Dossier] Node -1 disconnected.
2025-01-29T12:39:34.460+03:00  WARN 2996 --- [MS_Dossier] [send-documents-listener-0-C-1] org.apache.kafka.clients.NetworkClient   : [Consumer clientId=consumer-MS_Dossier-3, groupId=MS_Dossier] Connection to node -1 (localhost/127.0.0.1:9092) could not be established. Node may not be available.
2025-01-29T12:39:34.460+03:00  WARN 2996 --- [MS_Dossier] [send-documents-listener-0-C-1] org.apache.kafka.clients.NetworkClient   : [Consumer clientId=consumer-MS_Dossier-3, groupId=MS_Dossier] Bootstrap broker localhost:9092 (id: -1 rack: null) disconnected
2025-01-29T12:39:34.492+03:00  INFO 2996 --- [MS_Dossier] [finish-registration-listener-0-C-1] org.apache.kafka.clients.NetworkClient   : [Consumer clientId=consumer-MS_Dossier-2, groupId=MS_Dossier] Node -1 disconnected.
2025-01-29T12:39:34.492+03:00  WARN 2996 --- [MS_Dossier] [finish-registration-listener-0-C-1] org.apache.kafka.clients.NetworkClient   : [Consumer clientId=consumer-MS_Dossier-2, groupId=MS_Dossier] Connection to node -1 (localhost/127.0.0.1:9092) could not be established. Node may not be available.
2025-01-29T12:39:34.493+03:00  WARN 2996 --- [MS_Dossier] [finish-registration-listener-0-C-1] org.apache.kafka.clients.NetworkClient   : [Consumer clientId=consumer-MS_Dossier-2, groupId=MS_Dossier] Bootstrap broker localhost:9092 (id: -1 rack: null) disconnected
2025-01-29T12:39:34.522+03:00  INFO 2996 --- [MS_Dossier] [credit-issued-listener-0-C-1] org.apache.kafka.clients.NetworkClient   : [Consumer clientId=consumer-MS_Dossier-5, groupId=MS_Dossier] Node -1 disconnected.
2025-01-29T12:39:34.523+03:00  WARN 2996 --- [MS_Dossier] [credit-issued-listener-0-C-1] org.apache.kafka.clients.NetworkClient   : [Consumer clientId=consumer-MS_Dossier-5, groupId=MS_Dossier] Connection to node -1 (localhost/127.0.0.1:9092) could not be established. Node may not be available.
2025-01-29T12:39:34.523+03:00  WARN 2996 --- [MS_Dossier] [credit-issued-listener-0-C-1] org.apache.kafka.clients.NetworkClient   : [Consumer clientId=consumer-MS_Dossier-5, groupId=MS_Dossier] Bootstrap broker localhost:9092 (id: -1 rack: null) disconnected
2025-01-29T12:39:34.569+03:00  INFO 2996 --- [MS_Dossier] [statement-denied-listener-0-C-1] org.apache.kafka.clients.NetworkClient   : [Consumer clientId=consumer-MS_Dossier-4, groupId=MS_Dossier] Node -1 disconnected.
2025-01-29T12:39:34.569+03:00  WARN 2996 --- [MS_Dossier] [statement-denied-listener-0-C-1] org.apache.kafka.clients.NetworkClient   : [Consumer clientId=consumer-MS_Dossier-4, groupId=MS_Dossier] Connection to node -1 (localhost/127.0.0.1:9092) could not be established. Node may not be available.
2025-01-29T12:39:34.569+03:00  WARN 2996 --- [MS_Dossier] [statement-denied-listener-0-C-1] org.apache.kafka.clients.NetworkClient   : [Consumer clientId=consumer-MS_Dossier-4, groupId=MS_Dossier] Bootstrap broker localhost:9092 (id: -1 rack: null) disconnected
2025-01-29T12:39:34.569+03:00  INFO 2996 --- [MS_Dossier] [create-documents-listener-0-C-1] org.apache.kafka.clients.NetworkClient   : [Consumer clientId=consumer-MS_Dossier-6, groupId=MS_Dossier] Node -1 disconnected.
2025-01-29T12:39:34.569+03:00  WARN 2996 --- [MS_Dossier] [create-documents-listener-0-C-1] org.apache.kafka.clients.NetworkClient   : [Consumer clientId=consumer-MS_Dossier-6, groupId=MS_Dossier] Connection to node -1 (localhost/127.0.0.1:9092) could not be established. Node may not be available.
2025-01-29T12:39:34.569+03:00  WARN 2996 --- [MS_Dossier] [create-documents-listener-0-C-1] org.apache.kafka.clients.NetworkClient   : [Consumer clientId=consumer-MS_Dossier-6, groupId=MS_Dossier] Bootstrap broker localhost:9092 (id: -1 rack: null) disconnected
2025-01-29T12:39:34.799+03:00  INFO 2996 --- [MS_Dossier] [send-documents-listener-0-C-1] org.apache.kafka.clients.NetworkClient   : [Consumer clientId=consumer-MS_Dossier-3, groupId=MS_Dossier] Node -1 disconnected.
2025-01-29T12:39:34.800+03:00  WARN 2996 --- [MS_Dossier] [send-documents-listener-0-C-1] org.apache.kafka.clients.NetworkClient   : [Consumer clientId=consumer-MS_Dossier-3, groupId=MS_Dossier] Connection to node -1 (localhost/127.0.0.1:9092) could not be established. Node may not be available.
2025-01-29T12:39:34.800+03:00  WARN 2996 --- [MS_Dossier] [send-documents-listener-0-C-1] org.apache.kafka.clients.NetworkClient   : [Consumer clientId=consumer-MS_Dossier-3, groupId=MS_Dossier] Bootstrap broker localhost:9092 (id: -1 rack: null) disconnected
2025-01-29T12:39:34.894+03:00  INFO 2996 --- [MS_Dossier] [credit-issued-listener-0-C-1] org.apache.kafka.clients.NetworkClient   : [Consumer clientId=consumer-MS_Dossier-5, groupId=MS_Dossier] Node -1 disconnected.
2025-01-29T12:39:34.894+03:00  WARN 2996 --- [MS_Dossier] [credit-issued-listener-0-C-1] org.apache.kafka.clients.NetworkClient   : [Consumer clientId=consumer-MS_Dossier-5, groupId=MS_Dossier] Connection to node -1 (localhost/127.0.0.1:9092) could not be established. Node may not be available.
2025-01-29T12:39:34.894+03:00  WARN 2996 --- [MS_Dossier] [credit-issued-listener-0-C-1] org.apache.kafka.clients.NetworkClient   : [Consumer clientId=consumer-MS_Dossier-5, groupId=MS_Dossier] Bootstrap broker localhost:9092 (id: -1 rack: null) disconnected
2025-01-29T12:39:34.971+03:00  INFO 2996 --- [MS_Dossier] [send-ses-listener-0-C-1] org.apache.kafka.clients.NetworkClient   : [Consumer clientId=consumer-MS_Dossier-1, groupId=MS_Dossier] Node -1 disconnected.
2025-01-29T12:39:34.972+03:00  WARN 2996 --- [MS_Dossier] [send-ses-listener-0-C-1] org.apache.kafka.clients.NetworkClient   : [Consumer clientId=consumer-MS_Dossier-1, groupId=MS_Dossier] Connection to node -1 (localhost/127.0.0.1:9092) could not be established. Node may not be available.
2025-01-29T12:39:34.972+03:00  WARN 2996 --- [MS_Dossier] [send-ses-listener-0-C-1] org.apache.kafka.clients.NetworkClient   : [Consumer clientId=consumer-MS_Dossier-1, groupId=MS_Dossier] Bootstrap broker localhost:9092 (id: -1 rack: null) disconnected
2025-01-29T12:39:34.972+03:00  INFO 2996 --- [MS_Dossier] [statement-denied-listener-0-C-1] org.apache.kafka.clients.NetworkClient   : [Consumer clientId=consumer-MS_Dossier-4, groupId=MS_Dossier] Node -1 disconnected.
2025-01-29T12:39:34.972+03:00  WARN 2996 --- [MS_Dossier] [statement-denied-listener-0-C-1] org.apache.kafka.clients.NetworkClient   : [Consumer clientId=consumer-MS_Dossier-4, groupId=MS_Dossier] Connection to node -1 (localhost/127.0.0.1:9092) could not be established. Node may not be available.
2025-01-29T12:39:34.972+03:00  WARN 2996 --- [MS_Dossier] [statement-denied-listener-0-C-1] org.apache.kafka.clients.NetworkClient   : [Consumer clientId=consumer-MS_Dossier-4, groupId=MS_Dossier] Bootstrap broker localhost:9092 (id: -1 rack: null) disconnected
2025-01-29T12:39:34.972+03:00  INFO 2996 --- [MS_Dossier] [finish-registration-listener-0-C-1] org.apache.kafka.clients.NetworkClient   : [Consumer clientId=consumer-MS_Dossier-2, groupId=MS_Dossier] Node -1 disconnected.
2025-01-29T12:39:34.972+03:00  WARN 2996 --- [MS_Dossier] [finish-registration-listener-0-C-1] org.apache.kafka.clients.NetworkClient   : [Consumer clientId=consumer-MS_Dossier-2, groupId=MS_Dossier] Connection to node -1 (localhost/127.0.0.1:9092) could not be established. Node may not be available.
2025-01-29T12:39:34.972+03:00  WARN 2996 --- [MS_Dossier] [finish-registration-listener-0-C-1] org.apache.kafka.clients.NetworkClient   : [Consumer clientId=consumer-MS_Dossier-2, groupId=MS_Dossier] Bootstrap broker localhost:9092 (id: -1 rack: null) disconnected
2025-01-29T12:39:35.002+03:00  INFO 2996 --- [MS_Dossier] [create-documents-listener-0-C-1] org.apache.kafka.clients.NetworkClient   : [Consumer clientId=consumer-MS_Dossier-6, groupId=MS_Dossier] Node -1 disconnected.
2025-01-29T12:39:35.003+03:00  WARN 2996 --- [MS_Dossier] [create-documents-listener-0-C-1] org.apache.kafka.clients.NetworkClient   : [Consumer clientId=consumer-MS_Dossier-6, groupId=MS_Dossier] Connection to node -1 (localhost/127.0.0.1:9092) could not be established. Node may not be available.
2025-01-29T12:39:35.003+03:00  WARN 2996 --- [MS_Dossier] [create-documents-listener-0-C-1] org.apache.kafka.clients.NetworkClient   : [Consumer clientId=consumer-MS_Dossier-6, groupId=MS_Dossier] Bootstrap broker localhost:9092 (id: -1 rack: null) disconnected
2025-01-29T12:39:35.511+03:00  INFO 2996 --- [MS_Dossier] [send-documents-listener-0-C-1] org.apache.kafka.clients.NetworkClient   : [Consumer clientId=consumer-MS_Dossier-3, groupId=MS_Dossier] Node -1 disconnected.
2025-01-29T12:39:35.512+03:00  WARN 2996 --- [MS_Dossier] [send-documents-listener-0-C-1] org.apache.kafka.clients.NetworkClient   : [Consumer clientId=consumer-MS_Dossier-3, groupId=MS_Dossier] Connection to node -1 (localhost/127.0.0.1:9092) could not be established. Node may not be available.
2025-01-29T12:39:35.512+03:00  WARN 2996 --- [MS_Dossier] [send-documents-listener-0-C-1] org.apache.kafka.clients.NetworkClient   : [Consumer clientId=consumer-MS_Dossier-3, groupId=MS_Dossier] Bootstrap broker localhost:9092 (id: -1 rack: null) disconnected
2025-01-29T12:39:35.695+03:00  INFO 2996 --- [MS_Dossier] [finish-registration-listener-0-C-1] org.apache.kafka.clients.NetworkClient   : [Consumer clientId=consumer-MS_Dossier-2, groupId=MS_Dossier] Node -1 disconnected.
2025-01-29T12:39:35.695+03:00  INFO 2996 --- [MS_Dossier] [credit-issued-listener-0-C-1] org.apache.kafka.clients.NetworkClient   : [Consumer clientId=consumer-MS_Dossier-5, groupId=MS_Dossier] Node -1 disconnected.
2025-01-29T12:39:35.695+03:00  WARN 2996 --- [MS_Dossier] [finish-registration-listener-0-C-1] org.apache.kafka.clients.NetworkClient   : [Consumer clientId=consumer-MS_Dossier-2, groupId=MS_Dossier] Connection to node -1 (localhost/127.0.0.1:9092) could not be established. Node may not be available.
2025-01-29T12:39:35.695+03:00  WARN 2996 --- [MS_Dossier] [credit-issued-listener-0-C-1] org.apache.kafka.clients.NetworkClient   : [Consumer clientId=consumer-MS_Dossier-5, groupId=MS_Dossier] Connection to node -1 (localhost/127.0.0.1:9092) could not be established. Node may not be available.
2025-01-29T12:39:35.695+03:00  WARN 2996 --- [MS_Dossier] [credit-issued-listener-0-C-1] org.apache.kafka.clients.NetworkClient   : [Consumer clientId=consumer-MS_Dossier-5, groupId=MS_Dossier] Bootstrap broker localhost:9092 (id: -1 rack: null) disconnected
2025-01-29T12:39:35.695+03:00  WARN 2996 --- [MS_Dossier] [finish-registration-listener-0-C-1] org.apache.kafka.clients.NetworkClient   : [Consumer clientId=consumer-MS_Dossier-2, groupId=MS_Dossier] Bootstrap broker localhost:9092 (id: -1 rack: null) disconnected
2025-01-29T12:39:35.709+03:00  INFO 2996 --- [MS_Dossier] [send-ses-listener-0-C-1] org.apache.kafka.clients.NetworkClient   : [Consumer clientId=consumer-MS_Dossier-1, groupId=MS_Dossier] Node -1 disconnected.
2025-01-29T12:39:35.709+03:00  INFO 2996 --- [MS_Dossier] [create-documents-listener-0-C-1] org.apache.kafka.clients.NetworkClient   : [Consumer clientId=consumer-MS_Dossier-6, groupId=MS_Dossier] Node -1 disconnected.
2025-01-29T12:39:35.709+03:00  WARN 2996 --- [MS_Dossier] [send-ses-listener-0-C-1] org.apache.kafka.clients.NetworkClient   : [Consumer clientId=consumer-MS_Dossier-1, groupId=MS_Dossier] Connection to node -1 (localhost/127.0.0.1:9092) could not be established. Node may not be available.
2025-01-29T12:39:35.709+03:00  WARN 2996 --- [MS_Dossier] [create-documents-listener-0-C-1] org.apache.kafka.clients.NetworkClient   : [Consumer clientId=consumer-MS_Dossier-6, groupId=MS_Dossier] Connection to node -1 (localhost/127.0.0.1:9092) could not be established. Node may not be available.
2025-01-29T12:39:35.709+03:00  WARN 2996 --- [MS_Dossier] [send-ses-listener-0-C-1] org.apache.kafka.clients.NetworkClient   : [Consumer clientId=consumer-MS_Dossier-1, groupId=MS_Dossier] Bootstrap broker localhost:9092 (id: -1 rack: null) disconnected
2025-01-29T12:39:35.709+03:00  WARN 2996 --- [MS_Dossier] [create-documents-listener-0-C-1] org.apache.kafka.clients.NetworkClient   : [Consumer clientId=consumer-MS_Dossier-6, groupId=MS_Dossier] Bootstrap broker localhost:9092 (id: -1 rack: null) disconnected
2025-01-29T12:39:35.758+03:00  INFO 2996 --- [MS_Dossier] [statement-denied-listener-0-C-1] org.apache.kafka.clients.NetworkClient   : [Consumer clientId=consumer-MS_Dossier-4, groupId=MS_Dossier] Node -1 disconnected.
2025-01-29T12:39:35.758+03:00  WARN 2996 --- [MS_Dossier] [statement-denied-listener-0-C-1] org.apache.kafka.clients.NetworkClient   : [Consumer clientId=consumer-MS_Dossier-4, groupId=MS_Dossier] Connection to node -1 (localhost/127.0.0.1:9092) could not be established. Node may not be available.
2025-01-29T12:39:35.758+03:00  WARN 2996 --- [MS_Dossier] [statement-denied-listener-0-C-1] org.apache.kafka.clients.NetworkClient   : [Consumer clientId=consumer-MS_Dossier-4, groupId=MS_Dossier] Bootstrap broker localhost:9092 (id: -1 rack: null) disconnected
2025-01-29T12:39:36.410+03:00  INFO 2996 --- [MS_Dossier] [send-documents-listener-0-C-1] org.apache.kafka.clients.NetworkClient   : [Consumer clientId=consumer-MS_Dossier-3, groupId=MS_Dossier] Node -1 disconnected.
2025-01-29T12:39:36.410+03:00  WARN 2996 --- [MS_Dossier] [send-documents-listener-0-C-1] org.apache.kafka.clients.NetworkClient   : [Consumer clientId=consumer-MS_Dossier-3, groupId=MS_Dossier] Connection to node -1 (localhost/127.0.0.1:9092) could not be established. Node may not be available.
2025-01-29T12:39:36.410+03:00  WARN 2996 --- [MS_Dossier] [send-documents-listener-0-C-1] org.apache.kafka.clients.NetworkClient   : [Consumer clientId=consumer-MS_Dossier-3, groupId=MS_Dossier] Bootstrap broker localhost:9092 (id: -1 rack: null) disconnected
2025-01-29T12:39:36.563+03:00  INFO 2996 --- [MS_Dossier] [credit-issued-listener-0-C-1] org.apache.kafka.clients.NetworkClient   : [Consumer clientId=consumer-MS_Dossier-5, groupId=MS_Dossier] Node -1 disconnected.
2025-01-29T12:39:36.563+03:00  WARN 2996 --- [MS_Dossier] [credit-issued-listener-0-C-1] org.apache.kafka.clients.NetworkClient   : [Consumer clientId=consumer-MS_Dossier-5, groupId=MS_Dossier] Connection to node -1 (localhost/127.0.0.1:9092) could not be established. Node may not be available.
2025-01-29T12:39:36.563+03:00  WARN 2996 --- [MS_Dossier] [credit-issued-listener-0-C-1] org.apache.kafka.clients.NetworkClient   : [Consumer clientId=consumer-MS_Dossier-5, groupId=MS_Dossier] Bootstrap broker localhost:9092 (id: -1 rack: null) disconnected
2025-01-29T12:39:36.624+03:00  INFO 2996 --- [MS_Dossier] [finish-registration-listener-0-C-1] org.apache.kafka.clients.NetworkClient   : [Consumer clientId=consumer-MS_Dossier-2, groupId=MS_Dossier] Node -1 disconnected.
2025-01-29T12:39:36.625+03:00  WARN 2996 --- [MS_Dossier] [finish-registration-listener-0-C-1] org.apache.kafka.clients.NetworkClient   : [Consumer clientId=consumer-MS_Dossier-2, groupId=MS_Dossier] Connection to node -1 (localhost/127.0.0.1:9092) could not be established. Node may not be available.
2025-01-29T12:39:36.625+03:00  WARN 2996 --- [MS_Dossier] [finish-registration-listener-0-C-1] org.apache.kafka.clients.NetworkClient   : [Consumer clientId=consumer-MS_Dossier-2, groupId=MS_Dossier] Bootstrap broker localhost:9092 (id: -1 rack: null) disconnected
2025-01-29T12:39:36.761+03:00  INFO 2996 --- [MS_Dossier] [send-ses-listener-0-C-1] org.apache.kafka.clients.NetworkClient   : [Consumer clientId=consumer-MS_Dossier-1, groupId=MS_Dossier] Node -1 disconnected.
2025-01-29T12:39:36.761+03:00  INFO 2996 --- [MS_Dossier] [create-documents-listener-0-C-1] org.apache.kafka.clients.NetworkClient   : [Consumer clientId=consumer-MS_Dossier-6, groupId=MS_Dossier] Node -1 disconnected.
2025-01-29T12:39:36.762+03:00  WARN 2996 --- [MS_Dossier] [send-ses-listener-0-C-1] org.apache.kafka.clients.NetworkClient   : [Consumer clientId=consumer-MS_Dossier-1, groupId=MS_Dossier] Connection to node -1 (localhost/127.0.0.1:9092) could not be established. Node may not be available.
2025-01-29T12:39:36.762+03:00  WARN 2996 --- [MS_Dossier] [create-documents-listener-0-C-1] org.apache.kafka.clients.NetworkClient   : [Consumer clientId=consumer-MS_Dossier-6, groupId=MS_Dossier] Connection to node -1 (localhost/127.0.0.1:9092) could not be established. Node may not be available.
2025-01-29T12:39:36.762+03:00  WARN 2996 --- [MS_Dossier] [create-documents-listener-0-C-1] org.apache.kafka.clients.NetworkClient   : [Consumer clientId=consumer-MS_Dossier-6, groupId=MS_Dossier] Bootstrap broker localhost:9092 (id: -1 rack: null) disconnected
2025-01-29T12:39:36.762+03:00  WARN 2996 --- [MS_Dossier] [send-ses-listener-0-C-1] org.apache.kafka.clients.NetworkClient   : [Consumer clientId=consumer-MS_Dossier-1, groupId=MS_Dossier] Bootstrap broker localhost:9092 (id: -1 rack: null) disconnected
2025-01-29T12:39:36.807+03:00  INFO 2996 --- [MS_Dossier] [statement-denied-listener-0-C-1] org.apache.kafka.clients.NetworkClient   : [Consumer clientId=consumer-MS_Dossier-4, groupId=MS_Dossier] Node -1 disconnected.
2025-01-29T12:39:36.808+03:00  WARN 2996 --- [MS_Dossier] [statement-denied-listener-0-C-1] org.apache.kafka.clients.NetworkClient   : [Consumer clientId=consumer-MS_Dossier-4, groupId=MS_Dossier] Connection to node -1 (localhost/127.0.0.1:9092) could not be established. Node may not be available.
2025-01-29T12:39:36.808+03:00  WARN 2996 --- [MS_Dossier] [statement-denied-listener-0-C-1] org.apache.kafka.clients.NetworkClient   : [Consumer clientId=consumer-MS_Dossier-4, groupId=MS_Dossier] Bootstrap broker localhost:9092 (id: -1 rack: null) disconnected
2025-01-29T12:39:37.418+03:00  INFO 2996 --- [MS_Dossier] [send-documents-listener-0-C-1] org.apache.kafka.clients.NetworkClient   : [Consumer clientId=consumer-MS_Dossier-3, groupId=MS_Dossier] Node -1 disconnected.
2025-01-29T12:39:37.419+03:00  WARN 2996 --- [MS_Dossier] [send-documents-listener-0-C-1] org.apache.kafka.clients.NetworkClient   : [Consumer clientId=consumer-MS_Dossier-3, groupId=MS_Dossier] Connection to node -1 (localhost/127.0.0.1:9092) could not be established. Node may not be available.
2025-01-29T12:39:37.419+03:00  WARN 2996 --- [MS_Dossier] [send-documents-listener-0-C-1] org.apache.kafka.clients.NetworkClient   : [Consumer clientId=consumer-MS_Dossier-3, groupId=MS_Dossier] Bootstrap broker localhost:9092 (id: -1 rack: null) disconnected
2025-01-29T12:39:37.570+03:00  INFO 2996 --- [MS_Dossier] [credit-issued-listener-0-C-1] org.apache.kafka.clients.NetworkClient   : [Consumer clientId=consumer-MS_Dossier-5, groupId=MS_Dossier] Node -1 disconnected.
2025-01-29T12:39:37.570+03:00  WARN 2996 --- [MS_Dossier] [credit-issued-listener-0-C-1] org.apache.kafka.clients.NetworkClient   : [Consumer clientId=consumer-MS_Dossier-5, groupId=MS_Dossier] Connection to node -1 (localhost/127.0.0.1:9092) could not be established. Node may not be available.
2025-01-29T12:39:37.570+03:00  WARN 2996 --- [MS_Dossier] [credit-issued-listener-0-C-1] org.apache.kafka.clients.NetworkClient   : [Consumer clientId=consumer-MS_Dossier-5, groupId=MS_Dossier] Bootstrap broker localhost:9092 (id: -1 rack: null) disconnected
2025-01-29T12:39:37.600+03:00  INFO 2996 --- [MS_Dossier] [send-ses-listener-0-C-1] org.apache.kafka.clients.NetworkClient   : [Consumer clientId=consumer-MS_Dossier-1, groupId=MS_Dossier] Node -1 disconnected.
2025-01-29T12:39:37.601+03:00  WARN 2996 --- [MS_Dossier] [send-ses-listener-0-C-1] org.apache.kafka.clients.NetworkClient   : [Consumer clientId=consumer-MS_Dossier-1, groupId=MS_Dossier] Connection to node -1 (localhost/127.0.0.1:9092) could not be established. Node may not be available.
2025-01-29T12:39:37.601+03:00  WARN 2996 --- [MS_Dossier] [send-ses-listener-0-C-1] org.apache.kafka.clients.NetworkClient   : [Consumer clientId=consumer-MS_Dossier-1, groupId=MS_Dossier] Bootstrap broker localhost:9092 (id: -1 rack: null) disconnected
2025-01-29T12:39:37.633+03:00  INFO 2996 --- [MS_Dossier] [finish-registration-listener-0-C-1] org.apache.kafka.clients.NetworkClient   : [Consumer clientId=consumer-MS_Dossier-2, groupId=MS_Dossier] Node -1 disconnected.
2025-01-29T12:39:37.633+03:00  INFO 2996 --- [MS_Dossier] [create-documents-listener-0-C-1] org.apache.kafka.clients.NetworkClient   : [Consumer clientId=consumer-MS_Dossier-6, groupId=MS_Dossier] Node -1 disconnected.
2025-01-29T12:39:37.633+03:00  WARN 2996 --- [MS_Dossier] [create-documents-listener-0-C-1] org.apache.kafka.clients.NetworkClient   : [Consumer clientId=consumer-MS_Dossier-6, groupId=MS_Dossier] Connection to node -1 (localhost/127.0.0.1:9092) could not be established. Node may not be available.
2025-01-29T12:39:37.633+03:00  WARN 2996 --- [MS_Dossier] [finish-registration-listener-0-C-1] org.apache.kafka.clients.NetworkClient   : [Consumer clientId=consumer-MS_Dossier-2, groupId=MS_Dossier] Connection to node -1 (localhost/127.0.0.1:9092) could not be established. Node may not be available.
2025-01-29T12:39:37.633+03:00  WARN 2996 --- [MS_Dossier] [create-documents-listener-0-C-1] org.apache.kafka.clients.NetworkClient   : [Consumer clientId=consumer-MS_Dossier-6, groupId=MS_Dossier] Bootstrap broker localhost:9092 (id: -1 rack: null) disconnected
2025-01-29T12:39:37.633+03:00  WARN 2996 --- [MS_Dossier] [finish-registration-listener-0-C-1] org.apache.kafka.clients.NetworkClient   : [Consumer clientId=consumer-MS_Dossier-2, groupId=MS_Dossier] Bootstrap broker localhost:9092 (id: -1 rack: null) disconnected
2025-01-29T12:39:37.803+03:00  INFO 2996 --- [MS_Dossier] [statement-denied-listener-0-C-1] org.apache.kafka.clients.NetworkClient   : [Consumer clientId=consumer-MS_Dossier-4, groupId=MS_Dossier] Node -1 disconnected.
2025-01-29T12:39:37.803+03:00  WARN 2996 --- [MS_Dossier] [statement-denied-listener-0-C-1] org.apache.kafka.clients.NetworkClient   : [Consumer clientId=consumer-MS_Dossier-4, groupId=MS_Dossier] Connection to node -1 (localhost/127.0.0.1:9092) could not be established. Node may not be available.
2025-01-29T12:39:37.804+03:00  WARN 2996 --- [MS_Dossier] [statement-denied-listener-0-C-1] org.apache.kafka.clients.NetworkClient   : [Consumer clientId=consumer-MS_Dossier-4, groupId=MS_Dossier] Bootstrap broker localhost:9092 (id: -1 rack: null) disconnected
2025-01-29T12:39:38.396+03:00  INFO 2996 --- [MS_Dossier] [send-documents-listener-0-C-1] org.apache.kafka.clients.NetworkClient   : [Consumer clientId=consumer-MS_Dossier-3, groupId=MS_Dossier] Node -1 disconnected.
2025-01-29T12:39:38.397+03:00  WARN 2996 --- [MS_Dossier] [send-documents-listener-0-C-1] org.apache.kafka.clients.NetworkClient   : [Consumer clientId=consumer-MS_Dossier-3, groupId=MS_Dossier] Connection to node -1 (localhost/127.0.0.1:9092) could not be established. Node may not be available.
2025-01-29T12:39:38.397+03:00  WARN 2996 --- [MS_Dossier] [send-documents-listener-0-C-1] org.apache.kafka.clients.NetworkClient   : [Consumer clientId=consumer-MS_Dossier-3, groupId=MS_Dossier] Bootstrap broker localhost:9092 (id: -1 rack: null) disconnected
2025-01-29T12:39:38.474+03:00  INFO 2996 --- [MS_Dossier] [finish-registration-listener-0-C-1] org.apache.kafka.clients.NetworkClient   : [Consumer clientId=consumer-MS_Dossier-2, groupId=MS_Dossier] Node -1 disconnected.
2025-01-29T12:39:38.474+03:00  WARN 2996 --- [MS_Dossier] [finish-registration-listener-0-C-1] org.apache.kafka.clients.NetworkClient   : [Consumer clientId=consumer-MS_Dossier-2, groupId=MS_Dossier] Connection to node -1 (localhost/127.0.0.1:9092) could not be established. Node may not be available.
2025-01-29T12:39:38.474+03:00  WARN 2996 --- [MS_Dossier] [finish-registration-listener-0-C-1] org.apache.kafka.clients.NetworkClient   : [Consumer clientId=consumer-MS_Dossier-2, groupId=MS_Dossier] Bootstrap broker localhost:9092 (id: -1 rack: null) disconnected
2025-01-29T12:39:38.581+03:00  INFO 2996 --- [MS_Dossier] [credit-issued-listener-0-C-1] org.apache.kafka.clients.NetworkClient   : [Consumer clientId=consumer-MS_Dossier-5, groupId=MS_Dossier] Node -1 disconnected.
2025-01-29T12:39:38.582+03:00  WARN 2996 --- [MS_Dossier] [credit-issued-listener-0-C-1] org.apache.kafka.clients.NetworkClient   : [Consumer clientId=consumer-MS_Dossier-5, groupId=MS_Dossier] Connection to node -1 (localhost/127.0.0.1:9092) could not be established. Node may not be available.
2025-01-29T12:39:38.582+03:00  WARN 2996 --- [MS_Dossier] [credit-issued-listener-0-C-1] org.apache.kafka.clients.NetworkClient   : [Consumer clientId=consumer-MS_Dossier-5, groupId=MS_Dossier] Bootstrap broker localhost:9092 (id: -1 rack: null) disconnected
2025-01-29T12:39:38.596+03:00  INFO 2996 --- [MS_Dossier] [create-documents-listener-0-C-1] org.apache.kafka.clients.NetworkClient   : [Consumer clientId=consumer-MS_Dossier-6, groupId=MS_Dossier] Node -1 disconnected.
2025-01-29T12:39:38.597+03:00  WARN 2996 --- [MS_Dossier] [create-documents-listener-0-C-1] org.apache.kafka.clients.NetworkClient   : [Consumer clientId=consumer-MS_Dossier-6, groupId=MS_Dossier] Connection to node -1 (localhost/127.0.0.1:9092) could not be established. Node may not be available.
2025-01-29T12:39:38.597+03:00  WARN 2996 --- [MS_Dossier] [create-documents-listener-0-C-1] org.apache.kafka.clients.NetworkClient   : [Consumer clientId=consumer-MS_Dossier-6, groupId=MS_Dossier] Bootstrap broker localhost:9092 (id: -1 rack: null) disconnected
2025-01-29T12:39:38.644+03:00  INFO 2996 --- [MS_Dossier] [send-ses-listener-0-C-1] org.apache.kafka.clients.NetworkClient   : [Consumer clientId=consumer-MS_Dossier-1, groupId=MS_Dossier] Node -1 disconnected.
2025-01-29T12:39:38.644+03:00  WARN 2996 --- [MS_Dossier] [send-ses-listener-0-C-1] org.apache.kafka.clients.NetworkClient   : [Consumer clientId=consumer-MS_Dossier-1, groupId=MS_Dossier] Connection to node -1 (localhost/127.0.0.1:9092) could not be established. Node may not be available.
2025-01-29T12:39:38.644+03:00  WARN 2996 --- [MS_Dossier] [send-ses-listener-0-C-1] org.apache.kafka.clients.NetworkClient   : [Consumer clientId=consumer-MS_Dossier-1, groupId=MS_Dossier] Bootstrap broker localhost:9092 (id: -1 rack: null) disconnected
2025-01-29T12:39:38.768+03:00  INFO 2996 --- [MS_Dossier] [statement-denied-listener-0-C-1] org.apache.kafka.clients.NetworkClient   : [Consumer clientId=consumer-MS_Dossier-4, groupId=MS_Dossier] Node -1 disconnected.
2025-01-29T12:39:38.769+03:00  WARN 2996 --- [MS_Dossier] [statement-denied-listener-0-C-1] org.apache.kafka.clients.NetworkClient   : [Consumer clientId=consumer-MS_Dossier-4, groupId=MS_Dossier] Connection to node -1 (localhost/127.0.0.1:9092) could not be established. Node may not be available.
2025-01-29T12:39:38.769+03:00  WARN 2996 --- [MS_Dossier] [statement-denied-listener-0-C-1] org.apache.kafka.clients.NetworkClient   : [Consumer clientId=consumer-MS_Dossier-4, groupId=MS_Dossier] Bootstrap broker localhost:9092 (id: -1 rack: null) disconnected
2025-01-29T12:39:39.413+03:00  INFO 2996 --- [MS_Dossier] [send-documents-listener-0-C-1] org.apache.kafka.clients.NetworkClient   : [Consumer clientId=consumer-MS_Dossier-3, groupId=MS_Dossier] Node -1 disconnected.
2025-01-29T12:39:39.414+03:00  WARN 2996 --- [MS_Dossier] [send-documents-listener-0-C-1] org.apache.kafka.clients.NetworkClient   : [Consumer clientId=consumer-MS_Dossier-3, groupId=MS_Dossier] Connection to node -1 (localhost/127.0.0.1:9092) could not be established. Node may not be available.
2025-01-29T12:39:39.414+03:00  WARN 2996 --- [MS_Dossier] [send-documents-listener-0-C-1] org.apache.kafka.clients.NetworkClient   : [Consumer clientId=consumer-MS_Dossier-3, groupId=MS_Dossier] Bootstrap broker localhost:9092 (id: -1 rack: null) disconnected
2025-01-29T12:39:39.481+03:00  INFO 2996 --- [MS_Dossier] [finish-registration-listener-0-C-1] org.apache.kafka.clients.NetworkClient   : [Consumer clientId=consumer-MS_Dossier-2, groupId=MS_Dossier] Node -1 disconnected.
2025-01-29T12:39:39.482+03:00  WARN 2996 --- [MS_Dossier] [finish-registration-listener-0-C-1] org.apache.kafka.clients.NetworkClient   : [Consumer clientId=consumer-MS_Dossier-2, groupId=MS_Dossier] Connection to node -1 (localhost/127.0.0.1:9092) could not be established. Node may not be available.
2025-01-29T12:39:39.482+03:00  WARN 2996 --- [MS_Dossier] [finish-registration-listener-0-C-1] org.apache.kafka.clients.NetworkClient   : [Consumer clientId=consumer-MS_Dossier-2, groupId=MS_Dossier] Bootstrap broker localhost:9092 (id: -1 rack: null) disconnected
2025-01-29T12:39:39.587+03:00  INFO 2996 --- [MS_Dossier] [credit-issued-listener-0-C-1] org.apache.kafka.clients.NetworkClient   : [Consumer clientId=consumer-MS_Dossier-5, groupId=MS_Dossier] Node -1 disconnected.
2025-01-29T12:39:39.588+03:00  WARN 2996 --- [MS_Dossier] [credit-issued-listener-0-C-1] org.apache.kafka.clients.NetworkClient   : [Consumer clientId=consumer-MS_Dossier-5, groupId=MS_Dossier] Connection to node -1 (localhost/127.0.0.1:9092) could not be established. Node may not be available.
2025-01-29T12:39:39.588+03:00  WARN 2996 --- [MS_Dossier] [credit-issued-listener-0-C-1] org.apache.kafka.clients.NetworkClient   : [Consumer clientId=consumer-MS_Dossier-5, groupId=MS_Dossier] Bootstrap broker localhost:9092 (id: -1 rack: null) disconnected
2025-01-29T12:39:39.603+03:00  INFO 2996 --- [MS_Dossier] [create-documents-listener-0-C-1] org.apache.kafka.clients.NetworkClient   : [Consumer clientId=consumer-MS_Dossier-6, groupId=MS_Dossier] Node -1 disconnected.
2025-01-29T12:39:39.603+03:00  WARN 2996 --- [MS_Dossier] [create-documents-listener-0-C-1] org.apache.kafka.clients.NetworkClient   : [Consumer clientId=consumer-MS_Dossier-6, groupId=MS_Dossier] Connection to node -1 (localhost/127.0.0.1:9092) could not be established. Node may not be available.
2025-01-29T12:39:39.603+03:00  WARN 2996 --- [MS_Dossier] [create-documents-listener-0-C-1] org.apache.kafka.clients.NetworkClient   : [Consumer clientId=consumer-MS_Dossier-6, groupId=MS_Dossier] Bootstrap broker localhost:9092 (id: -1 rack: null) disconnected
2025-01-29T12:39:39.621+03:00  INFO 2996 --- [MS_Dossier] [send-ses-listener-0-C-1] org.apache.kafka.clients.NetworkClient   : [Consumer clientId=consumer-MS_Dossier-1, groupId=MS_Dossier] Node -1 disconnected.
2025-01-29T12:39:39.621+03:00  WARN 2996 --- [MS_Dossier] [send-ses-listener-0-C-1] org.apache.kafka.clients.NetworkClient   : [Consumer clientId=consumer-MS_Dossier-1, groupId=MS_Dossier] Connection to node -1 (localhost/127.0.0.1:9092) could not be established. Node may not be available.
2025-01-29T12:39:39.621+03:00  WARN 2996 --- [MS_Dossier] [send-ses-listener-0-C-1] org.apache.kafka.clients.NetworkClient   : [Consumer clientId=consumer-MS_Dossier-1, groupId=MS_Dossier] Bootstrap broker localhost:9092 (id: -1 rack: null) disconnected
2025-01-29T12:39:39.757+03:00  INFO 2996 --- [MS_Dossier] [statement-denied-listener-0-C-1] org.apache.kafka.clients.NetworkClient   : [Consumer clientId=consumer-MS_Dossier-4, groupId=MS_Dossier] Node -1 disconnected.
2025-01-29T12:39:39.757+03:00  WARN 2996 --- [MS_Dossier] [statement-denied-listener-0-C-1] org.apache.kafka.clients.NetworkClient   : [Consumer clientId=consumer-MS_Dossier-4, groupId=MS_Dossier] Connection to node -1 (localhost/127.0.0.1:9092) could not be established. Node may not be available.
2025-01-29T12:39:39.757+03:00  WARN 2996 --- [MS_Dossier] [statement-denied-listener-0-C-1] org.apache.kafka.clients.NetworkClient   : [Consumer clientId=consumer-MS_Dossier-4, groupId=MS_Dossier] Bootstrap broker localhost:9092 (id: -1 rack: null) disconnected
2025-01-29T12:39:40.471+03:00  INFO 2996 --- [MS_Dossier] [send-documents-listener-0-C-1] org.apache.kafka.clients.NetworkClient   : [Consumer clientId=consumer-MS_Dossier-3, groupId=MS_Dossier] Node -1 disconnected.
2025-01-29T12:39:40.471+03:00  WARN 2996 --- [MS_Dossier] [send-documents-listener-0-C-1] org.apache.kafka.clients.NetworkClient   : [Consumer clientId=consumer-MS_Dossier-3, groupId=MS_Dossier] Connection to node -1 (localhost/127.0.0.1:9092) could not be established. Node may not be available.
2025-01-29T12:39:40.471+03:00  WARN 2996 --- [MS_Dossier] [send-documents-listener-0-C-1] org.apache.kafka.clients.NetworkClient   : [Consumer clientId=consumer-MS_Dossier-3, groupId=MS_Dossier] Bootstrap broker localhost:9092 (id: -1 rack: null) disconnected
2025-01-29T12:39:40.518+03:00  INFO 2996 --- [MS_Dossier] [credit-issued-listener-0-C-1] org.apache.kafka.clients.NetworkClient   : [Consumer clientId=consumer-MS_Dossier-5, groupId=MS_Dossier] Node -1 disconnected.
2025-01-29T12:39:40.518+03:00  WARN 2996 --- [MS_Dossier] [credit-issued-listener-0-C-1] org.apache.kafka.clients.NetworkClient   : [Consumer clientId=consumer-MS_Dossier-5, groupId=MS_Dossier] Connection to node -1 (localhost/127.0.0.1:9092) could not be established. Node may not be available.
2025-01-29T12:39:40.518+03:00  WARN 2996 --- [MS_Dossier] [credit-issued-listener-0-C-1] org.apache.kafka.clients.NetworkClient   : [Consumer clientId=consumer-MS_Dossier-5, groupId=MS_Dossier] Bootstrap broker localhost:9092 (id: -1 rack: null) disconnected
2025-01-29T12:39:40.533+03:00  INFO 2996 --- [MS_Dossier] [finish-registration-listener-0-C-1] org.apache.kafka.clients.NetworkClient   : [Consumer clientId=consumer-MS_Dossier-2, groupId=MS_Dossier] Node -1 disconnected.
2025-01-29T12:39:40.534+03:00  WARN 2996 --- [MS_Dossier] [finish-registration-listener-0-C-1] org.apache.kafka.clients.NetworkClient   : [Consumer clientId=consumer-MS_Dossier-2, groupId=MS_Dossier] Connection to node -1 (localhost/127.0.0.1:9092) could not be established. Node may not be available.
2025-01-29T12:39:40.534+03:00  WARN 2996 --- [MS_Dossier] [finish-registration-listener-0-C-1] org.apache.kafka.clients.NetworkClient   : [Consumer clientId=consumer-MS_Dossier-2, groupId=MS_Dossier] Bootstrap broker localhost:9092 (id: -1 rack: null) disconnected
2025-01-29T12:39:40.610+03:00  INFO 2996 --- [MS_Dossier] [send-ses-listener-0-C-1] org.apache.kafka.clients.NetworkClient   : [Consumer clientId=consumer-MS_Dossier-1, groupId=MS_Dossier] Node -1 disconnected.
2025-01-29T12:39:40.610+03:00  WARN 2996 --- [MS_Dossier] [send-ses-listener-0-C-1] org.apache.kafka.clients.NetworkClient   : [Consumer clientId=consumer-MS_Dossier-1, groupId=MS_Dossier] Connection to node -1 (localhost/127.0.0.1:9092) could not be established. Node may not be available.
2025-01-29T12:39:40.610+03:00  WARN 2996 --- [MS_Dossier] [send-ses-listener-0-C-1] org.apache.kafka.clients.NetworkClient   : [Consumer clientId=consumer-MS_Dossier-1, groupId=MS_Dossier] Bootstrap broker localhost:9092 (id: -1 rack: null) disconnected
2025-01-29T12:39:40.625+03:00  INFO 2996 --- [MS_Dossier] [statement-denied-listener-0-C-1] org.apache.kafka.clients.NetworkClient   : [Consumer clientId=consumer-MS_Dossier-4, groupId=MS_Dossier] Node -1 disconnected.
2025-01-29T12:39:40.626+03:00  WARN 2996 --- [MS_Dossier] [statement-denied-listener-0-C-1] org.apache.kafka.clients.NetworkClient   : [Consumer clientId=consumer-MS_Dossier-4, groupId=MS_Dossier] Connection to node -1 (localhost/127.0.0.1:9092) could not be established. Node may not be available.
2025-01-29T12:39:40.626+03:00  WARN 2996 --- [MS_Dossier] [statement-denied-listener-0-C-1] org.apache.kafka.clients.NetworkClient   : [Consumer clientId=consumer-MS_Dossier-4, groupId=MS_Dossier] Bootstrap broker localhost:9092 (id: -1 rack: null) disconnected
2025-01-29T12:39:40.643+03:00  INFO 2996 --- [MS_Dossier] [create-documents-listener-0-C-1] org.apache.kafka.clients.NetworkClient   : [Consumer clientId=consumer-MS_Dossier-6, groupId=MS_Dossier] Node -1 disconnected.
2025-01-29T12:39:40.643+03:00  WARN 2996 --- [MS_Dossier] [create-documents-listener-0-C-1] org.apache.kafka.clients.NetworkClient   : [Consumer clientId=consumer-MS_Dossier-6, groupId=MS_Dossier] Connection to node -1 (localhost/127.0.0.1:9092) could not be established. Node may not be available.
2025-01-29T12:39:40.643+03:00  WARN 2996 --- [MS_Dossier] [create-documents-listener-0-C-1] org.apache.kafka.clients.NetworkClient   : [Consumer clientId=consumer-MS_Dossier-6, groupId=MS_Dossier] Bootstrap broker localhost:9092 (id: -1 rack: null) disconnected
2025-01-29T12:39:41.494+03:00  INFO 2996 --- [MS_Dossier] [send-documents-listener-0-C-1] org.apache.kafka.clients.NetworkClient   : [Consumer clientId=consumer-MS_Dossier-3, groupId=MS_Dossier] Node -1 disconnected.
2025-01-29T12:39:41.495+03:00  WARN 2996 --- [MS_Dossier] [send-documents-listener-0-C-1] org.apache.kafka.clients.NetworkClient   : [Consumer clientId=consumer-MS_Dossier-3, groupId=MS_Dossier] Connection to node -1 (localhost/127.0.0.1:9092) could not be established. Node may not be available.
2025-01-29T12:39:41.495+03:00  WARN 2996 --- [MS_Dossier] [send-documents-listener-0-C-1] org.apache.kafka.clients.NetworkClient   : [Consumer clientId=consumer-MS_Dossier-3, groupId=MS_Dossier] Bootstrap broker localhost:9092 (id: -1 rack: null) disconnected
2025-01-29T12:39:41.498+03:00  INFO 2996 --- [MS_Dossier] [credit-issued-listener-0-C-1] org.apache.kafka.clients.NetworkClient   : [Consumer clientId=consumer-MS_Dossier-5, groupId=MS_Dossier] Node -1 disconnected.
2025-01-29T12:39:41.498+03:00  WARN 2996 --- [MS_Dossier] [credit-issued-listener-0-C-1] org.apache.kafka.clients.NetworkClient   : [Consumer clientId=consumer-MS_Dossier-5, groupId=MS_Dossier] Connection to node -1 (localhost/127.0.0.1:9092) could not be established. Node may not be available.
2025-01-29T12:39:41.498+03:00  WARN 2996 --- [MS_Dossier] [credit-issued-listener-0-C-1] org.apache.kafka.clients.NetworkClient   : [Consumer clientId=consumer-MS_Dossier-5, groupId=MS_Dossier] Bootstrap broker localhost:9092 (id: -1 rack: null) disconnected
2025-01-29T12:39:41.538+03:00  INFO 2996 --- [MS_Dossier] [finish-registration-listener-0-C-1] org.apache.kafka.clients.NetworkClient   : [Consumer clientId=consumer-MS_Dossier-2, groupId=MS_Dossier] Node -1 disconnected.
2025-01-29T12:39:41.538+03:00  WARN 2996 --- [MS_Dossier] [finish-registration-listener-0-C-1] org.apache.kafka.clients.NetworkClient   : [Consumer clientId=consumer-MS_Dossier-2, groupId=MS_Dossier] Connection to node -1 (localhost/127.0.0.1:9092) could not be established. Node may not be available.
2025-01-29T12:39:41.538+03:00  WARN 2996 --- [MS_Dossier] [finish-registration-listener-0-C-1] org.apache.kafka.clients.NetworkClient   : [Consumer clientId=consumer-MS_Dossier-2, groupId=MS_Dossier] Bootstrap broker localhost:9092 (id: -1 rack: null) disconnected
2025-01-29T12:39:41.609+03:00  INFO 2996 --- [MS_Dossier] [send-ses-listener-0-C-1] org.apache.kafka.clients.NetworkClient   : [Consumer clientId=consumer-MS_Dossier-1, groupId=MS_Dossier] Node -1 disconnected.
2025-01-29T12:39:41.609+03:00  WARN 2996 --- [MS_Dossier] [send-ses-listener-0-C-1] org.apache.kafka.clients.NetworkClient   : [Consumer clientId=consumer-MS_Dossier-1, groupId=MS_Dossier] Connection to node -1 (localhost/127.0.0.1:9092) could not be established. Node may not be available.
2025-01-29T12:39:41.609+03:00  WARN 2996 --- [MS_Dossier] [send-ses-listener-0-C-1] org.apache.kafka.clients.NetworkClient   : [Consumer clientId=consumer-MS_Dossier-1, groupId=MS_Dossier] Bootstrap broker localhost:9092 (id: -1 rack: null) disconnected
2025-01-29T12:39:41.621+03:00  INFO 2996 --- [MS_Dossier] [create-documents-listener-0-C-1] org.apache.kafka.clients.NetworkClient   : [Consumer clientId=consumer-MS_Dossier-6, groupId=MS_Dossier] Node -1 disconnected.
2025-01-29T12:39:41.621+03:00  WARN 2996 --- [MS_Dossier] [create-documents-listener-0-C-1] org.apache.kafka.clients.NetworkClient   : [Consumer clientId=consumer-MS_Dossier-6, groupId=MS_Dossier] Connection to node -1 (localhost/127.0.0.1:9092) could not be established. Node may not be available.
2025-01-29T12:39:41.621+03:00  WARN 2996 --- [MS_Dossier] [create-documents-listener-0-C-1] org.apache.kafka.clients.NetworkClient   : [Consumer clientId=consumer-MS_Dossier-6, groupId=MS_Dossier] Bootstrap broker localhost:9092 (id: -1 rack: null) disconnected
2025-01-29T12:39:41.626+03:00  INFO 2996 --- [MS_Dossier] [statement-denied-listener-0-C-1] org.apache.kafka.clients.NetworkClient   : [Consumer clientId=consumer-MS_Dossier-4, groupId=MS_Dossier] Node -1 disconnected.
2025-01-29T12:39:41.628+03:00  WARN 2996 --- [MS_Dossier] [statement-denied-listener-0-C-1] org.apache.kafka.clients.NetworkClient   : [Consumer clientId=consumer-MS_Dossier-4, groupId=MS_Dossier] Connection to node -1 (localhost/127.0.0.1:9092) could not be established. Node may not be available.
2025-01-29T12:39:41.628+03:00  WARN 2996 --- [MS_Dossier] [statement-denied-listener-0-C-1] org.apache.kafka.clients.NetworkClient   : [Consumer clientId=consumer-MS_Dossier-4, groupId=MS_Dossier] Bootstrap broker localhost:9092 (id: -1 rack: null) disconnected
2025-01-29T12:39:42.409+03:00  INFO 2996 --- [MS_Dossier] [finish-registration-listener-0-C-1] org.apache.kafka.clients.NetworkClient   : [Consumer clientId=consumer-MS_Dossier-2, groupId=MS_Dossier] Node -1 disconnected.
2025-01-29T12:39:42.409+03:00  WARN 2996 --- [MS_Dossier] [finish-registration-listener-0-C-1] org.apache.kafka.clients.NetworkClient   : [Consumer clientId=consumer-MS_Dossier-2, groupId=MS_Dossier] Connection to node -1 (localhost/127.0.0.1:9092) could not be established. Node may not be available.
2025-01-29T12:39:42.409+03:00  WARN 2996 --- [MS_Dossier] [finish-registration-listener-0-C-1] org.apache.kafka.clients.NetworkClient   : [Consumer clientId=consumer-MS_Dossier-2, groupId=MS_Dossier] Bootstrap broker localhost:9092 (id: -1 rack: null) disconnected
2025-01-29T12:39:42.513+03:00  INFO 2996 --- [MS_Dossier] [credit-issued-listener-0-C-1] org.apache.kafka.clients.NetworkClient   : [Consumer clientId=consumer-MS_Dossier-5, groupId=MS_Dossier] Node -1 disconnected.
2025-01-29T12:39:42.513+03:00  WARN 2996 --- [MS_Dossier] [credit-issued-listener-0-C-1] org.apache.kafka.clients.NetworkClient   : [Consumer clientId=consumer-MS_Dossier-5, groupId=MS_Dossier] Connection to node -1 (localhost/127.0.0.1:9092) could not be established. Node may not be available.
2025-01-29T12:39:42.513+03:00  WARN 2996 --- [MS_Dossier] [credit-issued-listener-0-C-1] org.apache.kafka.clients.NetworkClient   : [Consumer clientId=consumer-MS_Dossier-5, groupId=MS_Dossier] Bootstrap broker localhost:9092 (id: -1 rack: null) disconnected
2025-01-29T12:39:42.514+03:00  INFO 2996 --- [MS_Dossier] [send-documents-listener-0-C-1] org.apache.kafka.clients.NetworkClient   : [Consumer clientId=consumer-MS_Dossier-3, groupId=MS_Dossier] Node -1 disconnected.
2025-01-29T12:39:42.514+03:00  WARN 2996 --- [MS_Dossier] [send-documents-listener-0-C-1] org.apache.kafka.clients.NetworkClient   : [Consumer clientId=consumer-MS_Dossier-3, groupId=MS_Dossier] Connection to node -1 (localhost/127.0.0.1:9092) could not be established. Node may not be available.
2025-01-29T12:39:42.515+03:00  WARN 2996 --- [MS_Dossier] [send-documents-listener-0-C-1] org.apache.kafka.clients.NetworkClient   : [Consumer clientId=consumer-MS_Dossier-3, groupId=MS_Dossier] Bootstrap broker localhost:9092 (id: -1 rack: null) disconnected
2025-01-29T12:39:42.693+03:00  INFO 2996 --- [MS_Dossier] [send-ses-listener-0-C-1] org.apache.kafka.clients.NetworkClient   : [Consumer clientId=consumer-MS_Dossier-1, groupId=MS_Dossier] Node -1 disconnected.
2025-01-29T12:39:42.694+03:00  INFO 2996 --- [MS_Dossier] [statement-denied-listener-0-C-1] org.apache.kafka.clients.NetworkClient   : [Consumer clientId=consumer-MS_Dossier-4, groupId=MS_Dossier] Node -1 disconnected.
2025-01-29T12:39:42.694+03:00  INFO 2996 --- [MS_Dossier] [create-documents-listener-0-C-1] org.apache.kafka.clients.NetworkClient   : [Consumer clientId=consumer-MS_Dossier-6, groupId=MS_Dossier] Node -1 disconnected.
2025-01-29T12:39:42.695+03:00  INFO 2996 --- [MS_Dossier] [send-ses-listener-0-C-1] org.apache.kafka.clients.NetworkClient   : [Consumer clientId=consumer-MS_Dossier-1, groupId=MS_Dossier] Cancelled in-flight API_VERSIONS request with correlation id 1 due to node -1 being disconnected (elapsed time since creation: 66ms, elapsed time since send: 66ms, request timeout: 30000ms)
2025-01-29T12:39:42.695+03:00  INFO 2996 --- [MS_Dossier] [statement-denied-listener-0-C-1] org.apache.kafka.clients.NetworkClient   : [Consumer clientId=consumer-MS_Dossier-4, groupId=MS_Dossier] Cancelled in-flight API_VERSIONS request with correlation id 1 due to node -1 being disconnected (elapsed time since creation: 114ms, elapsed time since send: 114ms, request timeout: 30000ms)
2025-01-29T12:39:42.695+03:00  WARN 2996 --- [MS_Dossier] [send-ses-listener-0-C-1] org.apache.kafka.clients.NetworkClient   : [Consumer clientId=consumer-MS_Dossier-1, groupId=MS_Dossier] Bootstrap broker localhost:9092 (id: -1 rack: null) disconnected
2025-01-29T12:39:42.695+03:00  WARN 2996 --- [MS_Dossier] [statement-denied-listener-0-C-1] org.apache.kafka.clients.NetworkClient   : [Consumer clientId=consumer-MS_Dossier-4, groupId=MS_Dossier] Bootstrap broker localhost:9092 (id: -1 rack: null) disconnected
2025-01-29T12:39:42.695+03:00  INFO 2996 --- [MS_Dossier] [create-documents-listener-0-C-1] org.apache.kafka.clients.NetworkClient   : [Consumer clientId=consumer-MS_Dossier-6, groupId=MS_Dossier] Cancelled in-flight API_VERSIONS request with correlation id 1 due to node -1 being disconnected (elapsed time since creation: 127ms, elapsed time since send: 127ms, request timeout: 30000ms)
2025-01-29T12:39:42.696+03:00  WARN 2996 --- [MS_Dossier] [create-documents-listener-0-C-1] org.apache.kafka.clients.NetworkClient   : [Consumer clientId=consumer-MS_Dossier-6, groupId=MS_Dossier] Bootstrap broker localhost:9092 (id: -1 rack: null) disconnected
2025-01-29T12:39:43.390+03:00  INFO 2996 --- [MS_Dossier] [finish-registration-listener-0-C-1] org.apache.kafka.clients.NetworkClient   : [Consumer clientId=consumer-MS_Dossier-2, groupId=MS_Dossier] Node -1 disconnected.
2025-01-29T12:39:43.391+03:00  INFO 2996 --- [MS_Dossier] [finish-registration-listener-0-C-1] org.apache.kafka.clients.NetworkClient   : [Consumer clientId=consumer-MS_Dossier-2, groupId=MS_Dossier] Cancelled in-flight API_VERSIONS request with correlation id 1 due to node -1 being disconnected (elapsed time since creation: 1ms, elapsed time since send: 1ms, request timeout: 30000ms)
2025-01-29T12:39:43.391+03:00  WARN 2996 --- [MS_Dossier] [finish-registration-listener-0-C-1] org.apache.kafka.clients.NetworkClient   : [Consumer clientId=consumer-MS_Dossier-2, groupId=MS_Dossier] Bootstrap broker localhost:9092 (id: -1 rack: null) disconnected
2025-01-29T12:39:43.415+03:00  INFO 2996 --- [MS_Dossier] [credit-issued-listener-0-C-1] org.apache.kafka.clients.NetworkClient   : [Consumer clientId=consumer-MS_Dossier-5, groupId=MS_Dossier] Node -1 disconnected.
2025-01-29T12:39:43.416+03:00  INFO 2996 --- [MS_Dossier] [credit-issued-listener-0-C-1] org.apache.kafka.clients.NetworkClient   : [Consumer clientId=consumer-MS_Dossier-5, groupId=MS_Dossier] Cancelled in-flight API_VERSIONS request with correlation id 1 due to node -1 being disconnected (elapsed time since creation: 9ms, elapsed time since send: 9ms, request timeout: 30000ms)
2025-01-29T12:39:43.416+03:00  WARN 2996 --- [MS_Dossier] [credit-issued-listener-0-C-1] org.apache.kafka.clients.NetworkClient   : [Consumer clientId=consumer-MS_Dossier-5, groupId=MS_Dossier] Bootstrap broker localhost:9092 (id: -1 rack: null) disconnected
2025-01-29T12:39:43.456+03:00  INFO 2996 --- [MS_Dossier] [send-documents-listener-0-C-1] org.apache.kafka.clients.NetworkClient   : [Consumer clientId=consumer-MS_Dossier-3, groupId=MS_Dossier] Node -1 disconnected.
2025-01-29T12:39:43.456+03:00  INFO 2996 --- [MS_Dossier] [send-documents-listener-0-C-1] org.apache.kafka.clients.NetworkClient   : [Consumer clientId=consumer-MS_Dossier-3, groupId=MS_Dossier] Cancelled in-flight API_VERSIONS request with correlation id 1 due to node -1 being disconnected (elapsed time since creation: 2ms, elapsed time since send: 2ms, request timeout: 30000ms)
2025-01-29T12:39:43.456+03:00  WARN 2996 --- [MS_Dossier] [send-documents-listener-0-C-1] org.apache.kafka.clients.NetworkClient   : [Consumer clientId=consumer-MS_Dossier-3, groupId=MS_Dossier] Bootstrap broker localhost:9092 (id: -1 rack: null) disconnected
2025-01-29T12:39:43.620+03:00  INFO 2996 --- [MS_Dossier] [send-ses-listener-0-C-1] org.apache.kafka.clients.NetworkClient   : [Consumer clientId=consumer-MS_Dossier-1, groupId=MS_Dossier] Node -1 disconnected.
2025-01-29T12:39:43.621+03:00  INFO 2996 --- [MS_Dossier] [send-ses-listener-0-C-1] org.apache.kafka.clients.NetworkClient   : [Consumer clientId=consumer-MS_Dossier-1, groupId=MS_Dossier] Cancelled in-flight API_VERSIONS request with correlation id 2 due to node -1 being disconnected (elapsed time since creation: 1ms, elapsed time since send: 1ms, request timeout: 30000ms)
2025-01-29T12:39:43.621+03:00  WARN 2996 --- [MS_Dossier] [send-ses-listener-0-C-1] org.apache.kafka.clients.NetworkClient   : [Consumer clientId=consumer-MS_Dossier-1, groupId=MS_Dossier] Bootstrap broker localhost:9092 (id: -1 rack: null) disconnected
2025-01-29T12:39:43.696+03:00  INFO 2996 --- [MS_Dossier] [statement-denied-listener-0-C-1] org.apache.kafka.clients.NetworkClient   : [Consumer clientId=consumer-MS_Dossier-4, groupId=MS_Dossier] Node -1 disconnected.
2025-01-29T12:39:43.696+03:00  INFO 2996 --- [MS_Dossier] [statement-denied-listener-0-C-1] org.apache.kafka.clients.NetworkClient   : [Consumer clientId=consumer-MS_Dossier-4, groupId=MS_Dossier] Cancelled in-flight API_VERSIONS request with correlation id 2 due to node -1 being disconnected (elapsed time since creation: 1ms, elapsed time since send: 1ms, request timeout: 30000ms)
2025-01-29T12:39:43.696+03:00  WARN 2996 --- [MS_Dossier] [statement-denied-listener-0-C-1] org.apache.kafka.clients.NetworkClient   : [Consumer clientId=consumer-MS_Dossier-4, groupId=MS_Dossier] Bootstrap broker localhost:9092 (id: -1 rack: null) disconnected
2025-01-29T12:39:43.711+03:00  INFO 2996 --- [MS_Dossier] [create-documents-listener-0-C-1] org.apache.kafka.clients.NetworkClient   : [Consumer clientId=consumer-MS_Dossier-6, groupId=MS_Dossier] Node -1 disconnected.
2025-01-29T12:39:43.712+03:00  INFO 2996 --- [MS_Dossier] [create-documents-listener-0-C-1] org.apache.kafka.clients.NetworkClient   : [Consumer clientId=consumer-MS_Dossier-6, groupId=MS_Dossier] Cancelled in-flight API_VERSIONS request with correlation id 2 due to node -1 being disconnected (elapsed time since creation: 1ms, elapsed time since send: 1ms, request timeout: 30000ms)
2025-01-29T12:39:43.712+03:00  WARN 2996 --- [MS_Dossier] [create-documents-listener-0-C-1] org.apache.kafka.clients.NetworkClient   : [Consumer clientId=consumer-MS_Dossier-6, groupId=MS_Dossier] Bootstrap broker localhost:9092 (id: -1 rack: null) disconnected
2025-01-29T12:39:44.250+03:00  INFO 2996 --- [MS_Dossier] [finish-registration-listener-0-C-1] org.apache.kafka.clients.NetworkClient   : [Consumer clientId=consumer-MS_Dossier-2, groupId=MS_Dossier] Node -1 disconnected.
2025-01-29T12:39:44.250+03:00  INFO 2996 --- [MS_Dossier] [finish-registration-listener-0-C-1] org.apache.kafka.clients.NetworkClient   : [Consumer clientId=consumer-MS_Dossier-2, groupId=MS_Dossier] Cancelled in-flight API_VERSIONS request with correlation id 2 due to node -1 being disconnected (elapsed time since creation: 7ms, elapsed time since send: 7ms, request timeout: 30000ms)
2025-01-29T12:39:44.250+03:00  WARN 2996 --- [MS_Dossier] [finish-registration-listener-0-C-1] org.apache.kafka.clients.NetworkClient   : [Consumer clientId=consumer-MS_Dossier-2, groupId=MS_Dossier] Bootstrap broker localhost:9092 (id: -1 rack: null) disconnected
2025-01-29T12:39:44.375+03:00  INFO 2996 --- [MS_Dossier] [credit-issued-listener-0-C-1] org.apache.kafka.clients.NetworkClient   : [Consumer clientId=consumer-MS_Dossier-5, groupId=MS_Dossier] Node -1 disconnected.
2025-01-29T12:39:44.375+03:00  INFO 2996 --- [MS_Dossier] [credit-issued-listener-0-C-1] org.apache.kafka.clients.NetworkClient   : [Consumer clientId=consumer-MS_Dossier-5, groupId=MS_Dossier] Cancelled in-flight API_VERSIONS request with correlation id 2 due to node -1 being disconnected (elapsed time since creation: 23ms, elapsed time since send: 23ms, request timeout: 30000ms)
2025-01-29T12:39:44.375+03:00  WARN 2996 --- [MS_Dossier] [credit-issued-listener-0-C-1] org.apache.kafka.clients.NetworkClient   : [Consumer clientId=consumer-MS_Dossier-5, groupId=MS_Dossier] Bootstrap broker localhost:9092 (id: -1 rack: null) disconnected
2025-01-29T12:39:44.390+03:00  INFO 2996 --- [MS_Dossier] [send-documents-listener-0-C-1] org.apache.kafka.clients.NetworkClient   : [Consumer clientId=consumer-MS_Dossier-3, groupId=MS_Dossier] Node -1 disconnected.
2025-01-29T12:39:44.390+03:00  INFO 2996 --- [MS_Dossier] [send-documents-listener-0-C-1] org.apache.kafka.clients.NetworkClient   : [Consumer clientId=consumer-MS_Dossier-3, groupId=MS_Dossier] Cancelled in-flight API_VERSIONS request with correlation id 2 due to node -1 being disconnected (elapsed time since creation: 9ms, elapsed time since send: 9ms, request timeout: 30000ms)
2025-01-29T12:39:44.390+03:00  WARN 2996 --- [MS_Dossier] [send-documents-listener-0-C-1] org.apache.kafka.clients.NetworkClient   : [Consumer clientId=consumer-MS_Dossier-3, groupId=MS_Dossier] Bootstrap broker localhost:9092 (id: -1 rack: null) disconnected
2025-01-29T12:39:44.650+03:00  INFO 2996 --- [MS_Dossier] [send-ses-listener-0-C-1] org.apache.kafka.clients.NetworkClient   : [Consumer clientId=consumer-MS_Dossier-1, groupId=MS_Dossier] Node -1 disconnected.
2025-01-29T12:39:44.650+03:00  INFO 2996 --- [MS_Dossier] [send-ses-listener-0-C-1] org.apache.kafka.clients.NetworkClient   : [Consumer clientId=consumer-MS_Dossier-1, groupId=MS_Dossier] Cancelled in-flight API_VERSIONS request with correlation id 3 due to node -1 being disconnected (elapsed time since creation: 18ms, elapsed time since send: 18ms, request timeout: 30000ms)
2025-01-29T12:39:44.650+03:00  WARN 2996 --- [MS_Dossier] [send-ses-listener-0-C-1] org.apache.kafka.clients.NetworkClient   : [Consumer clientId=consumer-MS_Dossier-1, groupId=MS_Dossier] Bootstrap broker localhost:9092 (id: -1 rack: null) disconnected
2025-01-29T12:39:44.726+03:00  INFO 2996 --- [MS_Dossier] [statement-denied-listener-0-C-1] org.apache.kafka.clients.NetworkClient   : [Consumer clientId=consumer-MS_Dossier-4, groupId=MS_Dossier] Node -1 disconnected.
2025-01-29T12:39:44.727+03:00  INFO 2996 --- [MS_Dossier] [statement-denied-listener-0-C-1] org.apache.kafka.clients.NetworkClient   : [Consumer clientId=consumer-MS_Dossier-4, groupId=MS_Dossier] Cancelled in-flight API_VERSIONS request with correlation id 3 due to node -1 being disconnected (elapsed time since creation: 16ms, elapsed time since send: 16ms, request timeout: 30000ms)
2025-01-29T12:39:44.727+03:00  WARN 2996 --- [MS_Dossier] [statement-denied-listener-0-C-1] org.apache.kafka.clients.NetworkClient   : [Consumer clientId=consumer-MS_Dossier-4, groupId=MS_Dossier] Bootstrap broker localhost:9092 (id: -1 rack: null) disconnected
2025-01-29T12:39:44.731+03:00  INFO 2996 --- [MS_Dossier] [create-documents-listener-0-C-1] org.apache.kafka.clients.NetworkClient   : [Consumer clientId=consumer-MS_Dossier-6, groupId=MS_Dossier] Node -1 disconnected.
2025-01-29T12:39:44.731+03:00  INFO 2996 --- [MS_Dossier] [create-documents-listener-0-C-1] org.apache.kafka.clients.NetworkClient   : [Consumer clientId=consumer-MS_Dossier-6, groupId=MS_Dossier] Cancelled in-flight API_VERSIONS request with correlation id 3 due to node -1 being disconnected (elapsed time since creation: 10ms, elapsed time since send: 10ms, request timeout: 30000ms)
2025-01-29T12:39:44.731+03:00  WARN 2996 --- [MS_Dossier] [create-documents-listener-0-C-1] org.apache.kafka.clients.NetworkClient   : [Consumer clientId=consumer-MS_Dossier-6, groupId=MS_Dossier] Bootstrap broker localhost:9092 (id: -1 rack: null) disconnected
2025-01-29T12:39:45.368+03:00  INFO 2996 --- [MS_Dossier] [finish-registration-listener-0-C-1] org.apache.kafka.clients.NetworkClient   : [Consumer clientId=consumer-MS_Dossier-2, groupId=MS_Dossier] Node -1 disconnected.
2025-01-29T12:39:45.369+03:00  INFO 2996 --- [MS_Dossier] [finish-registration-listener-0-C-1] org.apache.kafka.clients.NetworkClient   : [Consumer clientId=consumer-MS_Dossier-2, groupId=MS_Dossier] Cancelled in-flight API_VERSIONS request with correlation id 3 due to node -1 being disconnected (elapsed time since creation: 47ms, elapsed time since send: 47ms, request timeout: 30000ms)
2025-01-29T12:39:45.369+03:00  WARN 2996 --- [MS_Dossier] [finish-registration-listener-0-C-1] org.apache.kafka.clients.NetworkClient   : [Consumer clientId=consumer-MS_Dossier-2, groupId=MS_Dossier] Bootstrap broker localhost:9092 (id: -1 rack: null) disconnected
2025-01-29T12:39:45.450+03:00  INFO 2996 --- [MS_Dossier] [send-documents-listener-0-C-1] org.apache.kafka.clients.NetworkClient   : [Consumer clientId=consumer-MS_Dossier-3, groupId=MS_Dossier] Node -1 disconnected.
2025-01-29T12:39:45.450+03:00  INFO 2996 --- [MS_Dossier] [credit-issued-listener-0-C-1] org.apache.kafka.clients.NetworkClient   : [Consumer clientId=consumer-MS_Dossier-5, groupId=MS_Dossier] Node -1 disconnected.
2025-01-29T12:39:45.450+03:00  INFO 2996 --- [MS_Dossier] [send-documents-listener-0-C-1] org.apache.kafka.clients.NetworkClient   : [Consumer clientId=consumer-MS_Dossier-3, groupId=MS_Dossier] Cancelled in-flight API_VERSIONS request with correlation id 3 due to node -1 being disconnected (elapsed time since creation: 30ms, elapsed time since send: 30ms, request timeout: 30000ms)
2025-01-29T12:39:45.450+03:00  INFO 2996 --- [MS_Dossier] [credit-issued-listener-0-C-1] org.apache.kafka.clients.NetworkClient   : [Consumer clientId=consumer-MS_Dossier-5, groupId=MS_Dossier] Cancelled in-flight API_VERSIONS request with correlation id 3 due to node -1 being disconnected (elapsed time since creation: 52ms, elapsed time since send: 52ms, request timeout: 30000ms)
2025-01-29T12:39:45.450+03:00  WARN 2996 --- [MS_Dossier] [send-documents-listener-0-C-1] org.apache.kafka.clients.NetworkClient   : [Consumer clientId=consumer-MS_Dossier-3, groupId=MS_Dossier] Bootstrap broker localhost:9092 (id: -1 rack: null) disconnected
2025-01-29T12:39:45.450+03:00  WARN 2996 --- [MS_Dossier] [credit-issued-listener-0-C-1] org.apache.kafka.clients.NetworkClient   : [Consumer clientId=consumer-MS_Dossier-5, groupId=MS_Dossier] Bootstrap broker localhost:9092 (id: -1 rack: null) disconnected
2025-01-29T12:39:45.666+03:00  INFO 2996 --- [MS_Dossier] [statement-denied-listener-0-C-1] org.apache.kafka.clients.NetworkClient   : [Consumer clientId=consumer-MS_Dossier-4, groupId=MS_Dossier] Node -1 disconnected.
2025-01-29T12:39:45.666+03:00  INFO 2996 --- [MS_Dossier] [statement-denied-listener-0-C-1] org.apache.kafka.clients.NetworkClient   : [Consumer clientId=consumer-MS_Dossier-4, groupId=MS_Dossier] Cancelled in-flight API_VERSIONS request with correlation id 4 due to node -1 being disconnected (elapsed time since creation: 50ms, elapsed time since send: 50ms, request timeout: 30000ms)
2025-01-29T12:39:45.666+03:00  WARN 2996 --- [MS_Dossier] [statement-denied-listener-0-C-1] org.apache.kafka.clients.NetworkClient   : [Consumer clientId=consumer-MS_Dossier-4, groupId=MS_Dossier] Bootstrap broker localhost:9092 (id: -1 rack: null) disconnected
2025-01-29T12:39:45.701+03:00  INFO 2996 --- [MS_Dossier] [send-ses-listener-0-C-1] org.apache.kafka.clients.NetworkClient   : [Consumer clientId=consumer-MS_Dossier-1, groupId=MS_Dossier] Node -1 disconnected.
2025-01-29T12:39:45.701+03:00  INFO 2996 --- [MS_Dossier] [send-ses-listener-0-C-1] org.apache.kafka.clients.NetworkClient   : [Consumer clientId=consumer-MS_Dossier-1, groupId=MS_Dossier] Cancelled in-flight API_VERSIONS request with correlation id 4 due to node -1 being disconnected (elapsed time since creation: 42ms, elapsed time since send: 42ms, request timeout: 30000ms)
2025-01-29T12:39:45.701+03:00  WARN 2996 --- [MS_Dossier] [send-ses-listener-0-C-1] org.apache.kafka.clients.NetworkClient   : [Consumer clientId=consumer-MS_Dossier-1, groupId=MS_Dossier] Bootstrap broker localhost:9092 (id: -1 rack: null) disconnected
2025-01-29T12:39:45.719+03:00  INFO 2996 --- [MS_Dossier] [create-documents-listener-0-C-1] org.apache.kafka.clients.NetworkClient   : [Consumer clientId=consumer-MS_Dossier-6, groupId=MS_Dossier] Node -1 disconnected.
2025-01-29T12:39:45.719+03:00  INFO 2996 --- [MS_Dossier] [create-documents-listener-0-C-1] org.apache.kafka.clients.NetworkClient   : [Consumer clientId=consumer-MS_Dossier-6, groupId=MS_Dossier] Cancelled in-flight API_VERSIONS request with correlation id 4 due to node -1 being disconnected (elapsed time since creation: 37ms, elapsed time since send: 37ms, request timeout: 30000ms)
2025-01-29T12:39:45.719+03:00  WARN 2996 --- [MS_Dossier] [create-documents-listener-0-C-1] org.apache.kafka.clients.NetworkClient   : [Consumer clientId=consumer-MS_Dossier-6, groupId=MS_Dossier] Bootstrap broker localhost:9092 (id: -1 rack: null) disconnected
2025-01-29T12:39:46.471+03:00  INFO 2996 --- [MS_Dossier] [finish-registration-listener-0-C-1] org.apache.kafka.clients.NetworkClient   : [Consumer clientId=consumer-MS_Dossier-2, groupId=MS_Dossier] Node -1 disconnected.
2025-01-29T12:39:46.472+03:00  INFO 2996 --- [MS_Dossier] [finish-registration-listener-0-C-1] org.apache.kafka.clients.NetworkClient   : [Consumer clientId=consumer-MS_Dossier-2, groupId=MS_Dossier] Cancelled in-flight API_VERSIONS request with correlation id 4 due to node -1 being disconnected (elapsed time since creation: 99ms, elapsed time since send: 99ms, request timeout: 30000ms)
2025-01-29T12:39:46.472+03:00  WARN 2996 --- [MS_Dossier] [finish-registration-listener-0-C-1] org.apache.kafka.clients.NetworkClient   : [Consumer clientId=consumer-MS_Dossier-2, groupId=MS_Dossier] Bootstrap broker localhost:9092 (id: -1 rack: null) disconnected
2025-01-29T12:39:46.500+03:00  INFO 2996 --- [MS_Dossier] [send-documents-listener-0-C-1] org.apache.kafka.clients.NetworkClient   : [Consumer clientId=consumer-MS_Dossier-3, groupId=MS_Dossier] Node -1 disconnected.
2025-01-29T12:39:46.500+03:00  INFO 2996 --- [MS_Dossier] [credit-issued-listener-0-C-1] org.apache.kafka.clients.NetworkClient   : [Consumer clientId=consumer-MS_Dossier-5, groupId=MS_Dossier] Node -1 disconnected.
2025-01-29T12:39:46.501+03:00  INFO 2996 --- [MS_Dossier] [send-documents-listener-0-C-1] org.apache.kafka.clients.NetworkClient   : [Consumer clientId=consumer-MS_Dossier-3, groupId=MS_Dossier] Cancelled in-flight API_VERSIONS request with correlation id 4 due to node -1 being disconnected (elapsed time since creation: 35ms, elapsed time since send: 35ms, request timeout: 30000ms)
2025-01-29T12:39:46.501+03:00  WARN 2996 --- [MS_Dossier] [send-documents-listener-0-C-1] org.apache.kafka.clients.NetworkClient   : [Consumer clientId=consumer-MS_Dossier-3, groupId=MS_Dossier] Bootstrap broker localhost:9092 (id: -1 rack: null) disconnected
2025-01-29T12:39:46.501+03:00  INFO 2996 --- [MS_Dossier] [credit-issued-listener-0-C-1] org.apache.kafka.clients.NetworkClient   : [Consumer clientId=consumer-MS_Dossier-5, groupId=MS_Dossier] Cancelled in-flight API_VERSIONS request with correlation id 4 due to node -1 being disconnected (elapsed time since creation: 34ms, elapsed time since send: 34ms, request timeout: 30000ms)
2025-01-29T12:39:46.501+03:00  WARN 2996 --- [MS_Dossier] [credit-issued-listener-0-C-1] org.apache.kafka.clients.NetworkClient   : [Consumer clientId=consumer-MS_Dossier-5, groupId=MS_Dossier] Bootstrap broker localhost:9092 (id: -1 rack: null) disconnected
2025-01-29T12:39:46.520+03:00  INFO 2996 --- [MS_Dossier] [statement-denied-listener-0-C-1] org.apache.kafka.clients.NetworkClient   : [Consumer clientId=consumer-MS_Dossier-4, groupId=MS_Dossier] Node -1 disconnected.
2025-01-29T12:39:46.520+03:00  INFO 2996 --- [MS_Dossier] [statement-denied-listener-0-C-1] org.apache.kafka.clients.NetworkClient   : [Consumer clientId=consumer-MS_Dossier-4, groupId=MS_Dossier] Cancelled in-flight API_VERSIONS request with correlation id 5 due to node -1 being disconnected (elapsed time since creation: 16ms, elapsed time since send: 16ms, request timeout: 30000ms)
2025-01-29T12:39:46.520+03:00  WARN 2996 --- [MS_Dossier] [statement-denied-listener-0-C-1] org.apache.kafka.clients.NetworkClient   : [Consumer clientId=consumer-MS_Dossier-4, groupId=MS_Dossier] Bootstrap broker localhost:9092 (id: -1 rack: null) disconnected
2025-01-29T12:39:46.725+03:00  INFO 2996 --- [MS_Dossier] [send-ses-listener-0-C-1] org.apache.kafka.clients.NetworkClient   : [Consumer clientId=consumer-MS_Dossier-1, groupId=MS_Dossier] Node -1 disconnected.
2025-01-29T12:39:46.726+03:00  INFO 2996 --- [MS_Dossier] [send-ses-listener-0-C-1] org.apache.kafka.clients.NetworkClient   : [Consumer clientId=consumer-MS_Dossier-1, groupId=MS_Dossier] Cancelled in-flight API_VERSIONS request with correlation id 5 due to node -1 being disconnected (elapsed time since creation: 110ms, elapsed time since send: 110ms, request timeout: 30000ms)
2025-01-29T12:39:46.727+03:00  WARN 2996 --- [MS_Dossier] [send-ses-listener-0-C-1] org.apache.kafka.clients.NetworkClient   : [Consumer clientId=consumer-MS_Dossier-1, groupId=MS_Dossier] Bootstrap broker localhost:9092 (id: -1 rack: null) disconnected
2025-01-29T12:39:46.778+03:00  INFO 2996 --- [MS_Dossier] [create-documents-listener-0-C-1] org.apache.kafka.clients.NetworkClient   : [Consumer clientId=consumer-MS_Dossier-6, groupId=MS_Dossier] Node -1 disconnected.
2025-01-29T12:39:46.778+03:00  INFO 2996 --- [MS_Dossier] [create-documents-listener-0-C-1] org.apache.kafka.clients.NetworkClient   : [Consumer clientId=consumer-MS_Dossier-6, groupId=MS_Dossier] Cancelled in-flight API_VERSIONS request with correlation id 5 due to node -1 being disconnected (elapsed time since creation: 35ms, elapsed time since send: 35ms, request timeout: 30000ms)
2025-01-29T12:39:46.778+03:00  WARN 2996 --- [MS_Dossier] [create-documents-listener-0-C-1] org.apache.kafka.clients.NetworkClient   : [Consumer clientId=consumer-MS_Dossier-6, groupId=MS_Dossier] Bootstrap broker localhost:9092 (id: -1 rack: null) disconnected
2025-01-29T12:39:47.417+03:00  INFO 2996 --- [MS_Dossier] [statement-denied-listener-0-C-1] org.apache.kafka.clients.NetworkClient   : [Consumer clientId=consumer-MS_Dossier-4, groupId=MS_Dossier] Node -1 disconnected.
2025-01-29T12:39:47.417+03:00  INFO 2996 --- [MS_Dossier] [statement-denied-listener-0-C-1] org.apache.kafka.clients.NetworkClient   : [Consumer clientId=consumer-MS_Dossier-4, groupId=MS_Dossier] Cancelled in-flight API_VERSIONS request with correlation id 6 due to node -1 being disconnected (elapsed time since creation: 4ms, elapsed time since send: 4ms, request timeout: 30000ms)
2025-01-29T12:39:47.417+03:00  WARN 2996 --- [MS_Dossier] [statement-denied-listener-0-C-1] org.apache.kafka.clients.NetworkClient   : [Consumer clientId=consumer-MS_Dossier-4, groupId=MS_Dossier] Bootstrap broker localhost:9092 (id: -1 rack: null) disconnected
2025-01-29T12:39:47.479+03:00  INFO 2996 --- [MS_Dossier] [finish-registration-listener-0-C-1] org.apache.kafka.clients.NetworkClient   : [Consumer clientId=consumer-MS_Dossier-2, groupId=MS_Dossier] Node -1 disconnected.
2025-01-29T12:39:47.479+03:00  INFO 2996 --- [MS_Dossier] [finish-registration-listener-0-C-1] org.apache.kafka.clients.NetworkClient   : [Consumer clientId=consumer-MS_Dossier-2, groupId=MS_Dossier] Cancelled in-flight API_VERSIONS request with correlation id 5 due to node -1 being disconnected (elapsed time since creation: 3ms, elapsed time since send: 3ms, request timeout: 30000ms)
2025-01-29T12:39:47.480+03:00  WARN 2996 --- [MS_Dossier] [finish-registration-listener-0-C-1] org.apache.kafka.clients.NetworkClient   : [Consumer clientId=consumer-MS_Dossier-2, groupId=MS_Dossier] Bootstrap broker localhost:9092 (id: -1 rack: null) disconnected
2025-01-29T12:39:47.509+03:00  INFO 2996 --- [MS_Dossier] [credit-issued-listener-0-C-1] org.apache.kafka.clients.NetworkClient   : [Consumer clientId=consumer-MS_Dossier-5, groupId=MS_Dossier] Node -1 disconnected.
2025-01-29T12:39:47.509+03:00  INFO 2996 --- [MS_Dossier] [credit-issued-listener-0-C-1] org.apache.kafka.clients.NetworkClient   : [Consumer clientId=consumer-MS_Dossier-5, groupId=MS_Dossier] Cancelled in-flight API_VERSIONS request with correlation id 5 due to node -1 being disconnected (elapsed time since creation: 2ms, elapsed time since send: 2ms, request timeout: 30000ms)
2025-01-29T12:39:47.509+03:00  WARN 2996 --- [MS_Dossier] [credit-issued-listener-0-C-1] org.apache.kafka.clients.NetworkClient   : [Consumer clientId=consumer-MS_Dossier-5, groupId=MS_Dossier] Bootstrap broker localhost:9092 (id: -1 rack: null) disconnected
2025-01-29T12:39:47.510+03:00  INFO 2996 --- [MS_Dossier] [send-documents-listener-0-C-1] org.apache.kafka.clients.NetworkClient   : [Consumer clientId=consumer-MS_Dossier-3, groupId=MS_Dossier] Node -1 disconnected.
2025-01-29T12:39:47.510+03:00  INFO 2996 --- [MS_Dossier] [send-documents-listener-0-C-1] org.apache.kafka.clients.NetworkClient   : [Consumer clientId=consumer-MS_Dossier-3, groupId=MS_Dossier] Cancelled in-flight API_VERSIONS request with correlation id 5 due to node -1 being disconnected (elapsed time since creation: 1ms, elapsed time since send: 1ms, request timeout: 30000ms)
2025-01-29T12:39:47.510+03:00  WARN 2996 --- [MS_Dossier] [send-documents-listener-0-C-1] org.apache.kafka.clients.NetworkClient   : [Consumer clientId=consumer-MS_Dossier-3, groupId=MS_Dossier] Bootstrap broker localhost:9092 (id: -1 rack: null) disconnected
2025-01-29T12:39:47.666+03:00  INFO 2996 --- [MS_Dossier] [send-ses-listener-0-C-1] org.apache.kafka.clients.NetworkClient   : [Consumer clientId=consumer-MS_Dossier-1, groupId=MS_Dossier] Node -1 disconnected.
2025-01-29T12:39:47.666+03:00  INFO 2996 --- [MS_Dossier] [send-ses-listener-0-C-1] org.apache.kafka.clients.NetworkClient   : [Consumer clientId=consumer-MS_Dossier-1, groupId=MS_Dossier] Cancelled in-flight API_VERSIONS request with correlation id 6 due to node -1 being disconnected (elapsed time since creation: 2ms, elapsed time since send: 2ms, request timeout: 30000ms)
2025-01-29T12:39:47.666+03:00  WARN 2996 --- [MS_Dossier] [send-ses-listener-0-C-1] org.apache.kafka.clients.NetworkClient   : [Consumer clientId=consumer-MS_Dossier-1, groupId=MS_Dossier] Bootstrap broker localhost:9092 (id: -1 rack: null) disconnected
2025-01-29T12:39:47.710+03:00  INFO 2996 --- [MS_Dossier] [create-documents-listener-0-C-1] org.apache.kafka.clients.NetworkClient   : [Consumer clientId=consumer-MS_Dossier-6, groupId=MS_Dossier] Node -1 disconnected.
2025-01-29T12:39:47.710+03:00  INFO 2996 --- [MS_Dossier] [create-documents-listener-0-C-1] org.apache.kafka.clients.NetworkClient   : [Consumer clientId=consumer-MS_Dossier-6, groupId=MS_Dossier] Cancelled in-flight API_VERSIONS request with correlation id 6 due to node -1 being disconnected (elapsed time since creation: 14ms, elapsed time since send: 14ms, request timeout: 30000ms)
2025-01-29T12:39:47.710+03:00  WARN 2996 --- [MS_Dossier] [create-documents-listener-0-C-1] org.apache.kafka.clients.NetworkClient   : [Consumer clientId=consumer-MS_Dossier-6, groupId=MS_Dossier] Bootstrap broker localhost:9092 (id: -1 rack: null) disconnected
2025-01-29T12:39:48.406+03:00  INFO 2996 --- [MS_Dossier] [finish-registration-listener-0-C-1] org.apache.kafka.clients.NetworkClient   : [Consumer clientId=consumer-MS_Dossier-2, groupId=MS_Dossier] Node -1 disconnected.
2025-01-29T12:39:48.406+03:00  INFO 2996 --- [MS_Dossier] [finish-registration-listener-0-C-1] org.apache.kafka.clients.NetworkClient   : [Consumer clientId=consumer-MS_Dossier-2, groupId=MS_Dossier] Cancelled in-flight API_VERSIONS request with correlation id 6 due to node -1 being disconnected (elapsed time since creation: 12ms, elapsed time since send: 12ms, request timeout: 30000ms)
2025-01-29T12:39:48.406+03:00  WARN 2996 --- [MS_Dossier] [finish-registration-listener-0-C-1] org.apache.kafka.clients.NetworkClient   : [Consumer clientId=consumer-MS_Dossier-2, groupId=MS_Dossier] Bootstrap broker localhost:9092 (id: -1 rack: null) disconnected
2025-01-29T12:39:48.421+03:00  INFO 2996 --- [MS_Dossier] [credit-issued-listener-0-C-1] org.apache.kafka.clients.NetworkClient   : [Consumer clientId=consumer-MS_Dossier-5, groupId=MS_Dossier] Node -1 disconnected.
2025-01-29T12:39:48.421+03:00  INFO 2996 --- [MS_Dossier] [credit-issued-listener-0-C-1] org.apache.kafka.clients.NetworkClient   : [Consumer clientId=consumer-MS_Dossier-5, groupId=MS_Dossier] Cancelled in-flight API_VERSIONS request with correlation id 6 due to node -1 being disconnected (elapsed time since creation: 1ms, elapsed time since send: 1ms, request timeout: 30000ms)
2025-01-29T12:39:48.421+03:00  WARN 2996 --- [MS_Dossier] [credit-issued-listener-0-C-1] org.apache.kafka.clients.NetworkClient   : [Consumer clientId=consumer-MS_Dossier-5, groupId=MS_Dossier] Bootstrap broker localhost:9092 (id: -1 rack: null) disconnected
2025-01-29T12:39:48.443+03:00  INFO 2996 --- [MS_Dossier] [statement-denied-listener-0-C-1] org.apache.kafka.clients.NetworkClient   : [Consumer clientId=consumer-MS_Dossier-4, groupId=MS_Dossier] Node -1 disconnected.
2025-01-29T12:39:48.444+03:00  INFO 2996 --- [MS_Dossier] [statement-denied-listener-0-C-1] org.apache.kafka.clients.NetworkClient   : [Consumer clientId=consumer-MS_Dossier-4, groupId=MS_Dossier] Cancelled in-flight API_VERSIONS request with correlation id 7 due to node -1 being disconnected (elapsed time since creation: 3ms, elapsed time since send: 3ms, request timeout: 30000ms)
2025-01-29T12:39:48.444+03:00  WARN 2996 --- [MS_Dossier] [statement-denied-listener-0-C-1] org.apache.kafka.clients.NetworkClient   : [Consumer clientId=consumer-MS_Dossier-4, groupId=MS_Dossier] Bootstrap broker localhost:9092 (id: -1 rack: null) disconnected
2025-01-29T12:39:48.525+03:00  INFO 2996 --- [MS_Dossier] [send-documents-listener-0-C-1] org.apache.kafka.clients.NetworkClient   : [Consumer clientId=consumer-MS_Dossier-3, groupId=MS_Dossier] Node -1 disconnected.
2025-01-29T12:39:48.525+03:00  INFO 2996 --- [MS_Dossier] [send-documents-listener-0-C-1] org.apache.kafka.clients.NetworkClient   : [Consumer clientId=consumer-MS_Dossier-3, groupId=MS_Dossier] Cancelled in-flight API_VERSIONS request with correlation id 6 due to node -1 being disconnected (elapsed time since creation: 3ms, elapsed time since send: 3ms, request timeout: 30000ms)
2025-01-29T12:39:48.525+03:00  WARN 2996 --- [MS_Dossier] [send-documents-listener-0-C-1] org.apache.kafka.clients.NetworkClient   : [Consumer clientId=consumer-MS_Dossier-3, groupId=MS_Dossier] Bootstrap broker localhost:9092 (id: -1 rack: null) disconnected
2025-01-29T12:39:48.622+03:00  INFO 2996 --- [MS_Dossier] [create-documents-listener-0-C-1] org.apache.kafka.clients.NetworkClient   : [Consumer clientId=consumer-MS_Dossier-6, groupId=MS_Dossier] Node -1 disconnected.
2025-01-29T12:39:48.622+03:00  INFO 2996 --- [MS_Dossier] [create-documents-listener-0-C-1] org.apache.kafka.clients.NetworkClient   : [Consumer clientId=consumer-MS_Dossier-6, groupId=MS_Dossier] Cancelled in-flight API_VERSIONS request with correlation id 7 due to node -1 being disconnected (elapsed time since creation: 5ms, elapsed time since send: 5ms, request timeout: 30000ms)
2025-01-29T12:39:48.622+03:00  WARN 2996 --- [MS_Dossier] [create-documents-listener-0-C-1] org.apache.kafka.clients.NetworkClient   : [Consumer clientId=consumer-MS_Dossier-6, groupId=MS_Dossier] Bootstrap broker localhost:9092 (id: -1 rack: null) disconnected
2025-01-29T12:39:48.711+03:00  INFO 2996 --- [MS_Dossier] [send-ses-listener-0-C-1] org.apache.kafka.clients.NetworkClient   : [Consumer clientId=consumer-MS_Dossier-1, groupId=MS_Dossier] Node -1 disconnected.
2025-01-29T12:39:48.711+03:00  INFO 2996 --- [MS_Dossier] [send-ses-listener-0-C-1] org.apache.kafka.clients.NetworkClient   : [Consumer clientId=consumer-MS_Dossier-1, groupId=MS_Dossier] Cancelled in-flight API_VERSIONS request with correlation id 7 due to node -1 being disconnected (elapsed time since creation: 1ms, elapsed time since send: 1ms, request timeout: 30000ms)
2025-01-29T12:39:48.711+03:00  WARN 2996 --- [MS_Dossier] [send-ses-listener-0-C-1] org.apache.kafka.clients.NetworkClient   : [Consumer clientId=consumer-MS_Dossier-1, groupId=MS_Dossier] Bootstrap broker localhost:9092 (id: -1 rack: null) disconnected
2025-01-29T12:39:49.413+03:00  INFO 2996 --- [MS_Dossier] [finish-registration-listener-0-C-1] org.apache.kafka.clients.NetworkClient   : [Consumer clientId=consumer-MS_Dossier-2, groupId=MS_Dossier] Node -1 disconnected.
2025-01-29T12:39:49.414+03:00  INFO 2996 --- [MS_Dossier] [finish-registration-listener-0-C-1] org.apache.kafka.clients.NetworkClient   : [Consumer clientId=consumer-MS_Dossier-2, groupId=MS_Dossier] Cancelled in-flight API_VERSIONS request with correlation id 7 due to node -1 being disconnected (elapsed time since creation: 5ms, elapsed time since send: 5ms, request timeout: 30000ms)
2025-01-29T12:39:49.414+03:00  WARN 2996 --- [MS_Dossier] [finish-registration-listener-0-C-1] org.apache.kafka.clients.NetworkClient   : [Consumer clientId=consumer-MS_Dossier-2, groupId=MS_Dossier] Bootstrap broker localhost:9092 (id: -1 rack: null) disconnected
2025-01-29T12:39:49.424+03:00  INFO 2996 --- [MS_Dossier] [credit-issued-listener-0-C-1] org.apache.kafka.clients.NetworkClient   : [Consumer clientId=consumer-MS_Dossier-5, groupId=MS_Dossier] Node -1 disconnected.
2025-01-29T12:39:49.425+03:00  INFO 2996 --- [MS_Dossier] [credit-issued-listener-0-C-1] org.apache.kafka.clients.NetworkClient   : [Consumer clientId=consumer-MS_Dossier-5, groupId=MS_Dossier] Cancelled in-flight API_VERSIONS request with correlation id 7 due to node -1 being disconnected (elapsed time since creation: 1ms, elapsed time since send: 1ms, request timeout: 30000ms)
2025-01-29T12:39:49.425+03:00  WARN 2996 --- [MS_Dossier] [credit-issued-listener-0-C-1] org.apache.kafka.clients.NetworkClient   : [Consumer clientId=consumer-MS_Dossier-5, groupId=MS_Dossier] Bootstrap broker localhost:9092 (id: -1 rack: null) disconnected
2025-01-29T12:39:49.485+03:00  INFO 2996 --- [MS_Dossier] [statement-denied-listener-0-C-1] org.apache.kafka.clients.NetworkClient   : [Consumer clientId=consumer-MS_Dossier-4, groupId=MS_Dossier] Node -1 disconnected.
2025-01-29T12:39:49.485+03:00  INFO 2996 --- [MS_Dossier] [statement-denied-listener-0-C-1] org.apache.kafka.clients.NetworkClient   : [Consumer clientId=consumer-MS_Dossier-4, groupId=MS_Dossier] Cancelled in-flight API_VERSIONS request with correlation id 8 due to node -1 being disconnected (elapsed time since creation: 1ms, elapsed time since send: 1ms, request timeout: 30000ms)
2025-01-29T12:39:49.485+03:00  WARN 2996 --- [MS_Dossier] [statement-denied-listener-0-C-1] org.apache.kafka.clients.NetworkClient   : [Consumer clientId=consumer-MS_Dossier-4, groupId=MS_Dossier] Bootstrap broker localhost:9092 (id: -1 rack: null) disconnected
2025-01-29T12:39:49.518+03:00  INFO 2996 --- [MS_Dossier] [send-documents-listener-0-C-1] org.apache.kafka.clients.NetworkClient   : [Consumer clientId=consumer-MS_Dossier-3, groupId=MS_Dossier] Node -1 disconnected.
2025-01-29T12:39:49.518+03:00  INFO 2996 --- [MS_Dossier] [send-documents-listener-0-C-1] org.apache.kafka.clients.NetworkClient   : [Consumer clientId=consumer-MS_Dossier-3, groupId=MS_Dossier] Cancelled in-flight API_VERSIONS request with correlation id 7 due to node -1 being disconnected (elapsed time since creation: 3ms, elapsed time since send: 3ms, request timeout: 30000ms)
2025-01-29T12:39:49.518+03:00  WARN 2996 --- [MS_Dossier] [send-documents-listener-0-C-1] org.apache.kafka.clients.NetworkClient   : [Consumer clientId=consumer-MS_Dossier-3, groupId=MS_Dossier] Bootstrap broker localhost:9092 (id: -1 rack: null) disconnected
2025-01-29T12:39:49.580+03:00  INFO 2996 --- [MS_Dossier] [send-ses-listener-0-C-1] org.apache.kafka.clients.NetworkClient   : [Consumer clientId=consumer-MS_Dossier-1, groupId=MS_Dossier] Node -1 disconnected.
2025-01-29T12:39:49.580+03:00  INFO 2996 --- [MS_Dossier] [send-ses-listener-0-C-1] org.apache.kafka.clients.NetworkClient   : [Consumer clientId=consumer-MS_Dossier-1, groupId=MS_Dossier] Cancelled in-flight API_VERSIONS request with correlation id 8 due to node -1 being disconnected (elapsed time since creation: 1ms, elapsed time since send: 1ms, request timeout: 30000ms)
2025-01-29T12:39:49.580+03:00  WARN 2996 --- [MS_Dossier] [send-ses-listener-0-C-1] org.apache.kafka.clients.NetworkClient   : [Consumer clientId=consumer-MS_Dossier-1, groupId=MS_Dossier] Bootstrap broker localhost:9092 (id: -1 rack: null) disconnected
2025-01-29T12:39:49.658+03:00  INFO 2996 --- [MS_Dossier] [create-documents-listener-0-C-1] org.apache.kafka.clients.NetworkClient   : [Consumer clientId=consumer-MS_Dossier-6, groupId=MS_Dossier] Node -1 disconnected.
2025-01-29T12:39:49.658+03:00  INFO 2996 --- [MS_Dossier] [create-documents-listener-0-C-1] org.apache.kafka.clients.NetworkClient   : [Consumer clientId=consumer-MS_Dossier-6, groupId=MS_Dossier] Cancelled in-flight API_VERSIONS request with correlation id 8 due to node -1 being disconnected (elapsed time since creation: 1ms, elapsed time since send: 1ms, request timeout: 30000ms)
2025-01-29T12:39:49.658+03:00  WARN 2996 --- [MS_Dossier] [create-documents-listener-0-C-1] org.apache.kafka.clients.NetworkClient   : [Consumer clientId=consumer-MS_Dossier-6, groupId=MS_Dossier] Bootstrap broker localhost:9092 (id: -1 rack: null) disconnected
2025-01-29T12:39:50.302+03:00  INFO 2996 --- [MS_Dossier] [credit-issued-listener-0-C-1] org.apache.kafka.clients.NetworkClient   : [Consumer clientId=consumer-MS_Dossier-5, groupId=MS_Dossier] Node -1 disconnected.
2025-01-29T12:39:50.302+03:00  INFO 2996 --- [MS_Dossier] [credit-issued-listener-0-C-1] org.apache.kafka.clients.NetworkClient   : [Consumer clientId=consumer-MS_Dossier-5, groupId=MS_Dossier] Cancelled in-flight API_VERSIONS request with correlation id 8 due to node -1 being disconnected (elapsed time since creation: 3ms, elapsed time since send: 3ms, request timeout: 30000ms)
2025-01-29T12:39:50.302+03:00  WARN 2996 --- [MS_Dossier] [credit-issued-listener-0-C-1] org.apache.kafka.clients.NetworkClient   : [Consumer clientId=consumer-MS_Dossier-5, groupId=MS_Dossier] Bootstrap broker localhost:9092 (id: -1 rack: null) disconnected
2025-01-29T12:39:50.423+03:00  INFO 2996 --- [MS_Dossier] [finish-registration-listener-0-C-1] org.apache.kafka.clients.NetworkClient   : [Consumer clientId=consumer-MS_Dossier-2, groupId=MS_Dossier] Node -1 disconnected.
2025-01-29T12:39:50.423+03:00  INFO 2996 --- [MS_Dossier] [finish-registration-listener-0-C-1] org.apache.kafka.clients.NetworkClient   : [Consumer clientId=consumer-MS_Dossier-2, groupId=MS_Dossier] Cancelled in-flight API_VERSIONS request with correlation id 8 due to node -1 being disconnected (elapsed time since creation: 1ms, elapsed time since send: 1ms, request timeout: 30000ms)
2025-01-29T12:39:50.423+03:00  WARN 2996 --- [MS_Dossier] [finish-registration-listener-0-C-1] org.apache.kafka.clients.NetworkClient   : [Consumer clientId=consumer-MS_Dossier-2, groupId=MS_Dossier] Bootstrap broker localhost:9092 (id: -1 rack: null) disconnected
2025-01-29T12:39:50.534+03:00  INFO 2996 --- [MS_Dossier] [create-documents-listener-0-C-1] org.apache.kafka.clients.NetworkClient   : [Consumer clientId=consumer-MS_Dossier-6, groupId=MS_Dossier] Node -1 disconnected.
2025-01-29T12:39:50.535+03:00  INFO 2996 --- [MS_Dossier] [create-documents-listener-0-C-1] org.apache.kafka.clients.NetworkClient   : [Consumer clientId=consumer-MS_Dossier-6, groupId=MS_Dossier] Cancelled in-flight API_VERSIONS request with correlation id 9 due to node -1 being disconnected (elapsed time since creation: 3ms, elapsed time since send: 3ms, request timeout: 30000ms)
2025-01-29T12:39:50.535+03:00  WARN 2996 --- [MS_Dossier] [create-documents-listener-0-C-1] org.apache.kafka.clients.NetworkClient   : [Consumer clientId=consumer-MS_Dossier-6, groupId=MS_Dossier] Bootstrap broker localhost:9092 (id: -1 rack: null) disconnected
2025-01-29T12:39:50.535+03:00  INFO 2996 --- [MS_Dossier] [send-documents-listener-0-C-1] org.apache.kafka.clients.NetworkClient   : [Consumer clientId=consumer-MS_Dossier-3, groupId=MS_Dossier] Node -1 disconnected.
2025-01-29T12:39:50.535+03:00  INFO 2996 --- [MS_Dossier] [send-documents-listener-0-C-1] org.apache.kafka.clients.NetworkClient   : [Consumer clientId=consumer-MS_Dossier-3, groupId=MS_Dossier] Cancelled in-flight API_VERSIONS request with correlation id 8 due to node -1 being disconnected (elapsed time since creation: 2ms, elapsed time since send: 2ms, request timeout: 30000ms)
2025-01-29T12:39:50.535+03:00  WARN 2996 --- [MS_Dossier] [send-documents-listener-0-C-1] org.apache.kafka.clients.NetworkClient   : [Consumer clientId=consumer-MS_Dossier-3, groupId=MS_Dossier] Bootstrap broker localhost:9092 (id: -1 rack: null) disconnected
2025-01-29T12:39:50.548+03:00  INFO 2996 --- [MS_Dossier] [statement-denied-listener-0-C-1] org.apache.kafka.clients.NetworkClient   : [Consumer clientId=consumer-MS_Dossier-4, groupId=MS_Dossier] Node -1 disconnected.
2025-01-29T12:39:50.549+03:00  INFO 2996 --- [MS_Dossier] [statement-denied-listener-0-C-1] org.apache.kafka.clients.NetworkClient   : [Consumer clientId=consumer-MS_Dossier-4, groupId=MS_Dossier] Cancelled in-flight API_VERSIONS request with correlation id 9 due to node -1 being disconnected (elapsed time since creation: 1ms, elapsed time since send: 1ms, request timeout: 30000ms)
2025-01-29T12:39:50.549+03:00  WARN 2996 --- [MS_Dossier] [statement-denied-listener-0-C-1] org.apache.kafka.clients.NetworkClient   : [Consumer clientId=consumer-MS_Dossier-4, groupId=MS_Dossier] Bootstrap broker localhost:9092 (id: -1 rack: null) disconnected
2025-01-29T12:39:50.599+03:00  INFO 2996 --- [MS_Dossier] [send-ses-listener-0-C-1] org.apache.kafka.clients.NetworkClient   : [Consumer clientId=consumer-MS_Dossier-1, groupId=MS_Dossier] Node -1 disconnected.
2025-01-29T12:39:50.599+03:00  INFO 2996 --- [MS_Dossier] [send-ses-listener-0-C-1] org.apache.kafka.clients.NetworkClient   : [Consumer clientId=consumer-MS_Dossier-1, groupId=MS_Dossier] Cancelled in-flight API_VERSIONS request with correlation id 9 due to node -1 being disconnected (elapsed time since creation: 2ms, elapsed time since send: 2ms, request timeout: 30000ms)
2025-01-29T12:39:50.599+03:00  WARN 2996 --- [MS_Dossier] [send-ses-listener-0-C-1] org.apache.kafka.clients.NetworkClient   : [Consumer clientId=consumer-MS_Dossier-1, groupId=MS_Dossier] Bootstrap broker localhost:9092 (id: -1 rack: null) disconnected
2025-01-29T12:39:51.124+03:00  INFO 2996 --- [MS_Dossier] [credit-issued-listener-0-C-1] org.apache.kafka.clients.NetworkClient   : [Consumer clientId=consumer-MS_Dossier-5, groupId=MS_Dossier] Node -1 disconnected.
2025-01-29T12:39:51.125+03:00  INFO 2996 --- [MS_Dossier] [credit-issued-listener-0-C-1] org.apache.kafka.clients.NetworkClient   : [Consumer clientId=consumer-MS_Dossier-5, groupId=MS_Dossier] Cancelled in-flight API_VERSIONS request with correlation id 9 due to node -1 being disconnected (elapsed time since creation: 2ms, elapsed time since send: 2ms, request timeout: 30000ms)
2025-01-29T12:39:51.126+03:00  WARN 2996 --- [MS_Dossier] [credit-issued-listener-0-C-1] org.apache.kafka.clients.NetworkClient   : [Consumer clientId=consumer-MS_Dossier-5, groupId=MS_Dossier] Bootstrap broker localhost:9092 (id: -1 rack: null) disconnected
2025-01-29T12:39:51.407+03:00  INFO 2996 --- [MS_Dossier] [create-documents-listener-0-C-1] org.apache.kafka.clients.NetworkClient   : [Consumer clientId=consumer-MS_Dossier-6, groupId=MS_Dossier] Node -1 disconnected.
2025-01-29T12:39:51.407+03:00  INFO 2996 --- [MS_Dossier] [create-documents-listener-0-C-1] org.apache.kafka.clients.NetworkClient   : [Consumer clientId=consumer-MS_Dossier-6, groupId=MS_Dossier] Cancelled in-flight API_VERSIONS request with correlation id 10 due to node -1 being disconnected (elapsed time since creation: 1ms, elapsed time since send: 1ms, request timeout: 30000ms)
2025-01-29T12:39:51.407+03:00  WARN 2996 --- [MS_Dossier] [create-documents-listener-0-C-1] org.apache.kafka.clients.NetworkClient   : [Consumer clientId=consumer-MS_Dossier-6, groupId=MS_Dossier] Bootstrap broker localhost:9092 (id: -1 rack: null) disconnected
2025-01-29T12:39:51.429+03:00  INFO 2996 --- [MS_Dossier] [statement-denied-listener-0-C-1] org.apache.kafka.clients.NetworkClient   : [Consumer clientId=consumer-MS_Dossier-4, groupId=MS_Dossier] Node -1 disconnected.
2025-01-29T12:39:51.430+03:00  INFO 2996 --- [MS_Dossier] [statement-denied-listener-0-C-1] org.apache.kafka.clients.NetworkClient   : [Consumer clientId=consumer-MS_Dossier-4, groupId=MS_Dossier] Cancelled in-flight API_VERSIONS request with correlation id 10 due to node -1 being disconnected (elapsed time since creation: 3ms, elapsed time since send: 3ms, request timeout: 30000ms)
2025-01-29T12:39:51.430+03:00  WARN 2996 --- [MS_Dossier] [statement-denied-listener-0-C-1] org.apache.kafka.clients.NetworkClient   : [Consumer clientId=consumer-MS_Dossier-4, groupId=MS_Dossier] Bootstrap broker localhost:9092 (id: -1 rack: null) disconnected
2025-01-29T12:39:51.430+03:00  INFO 2996 --- [MS_Dossier] [finish-registration-listener-0-C-1] org.apache.kafka.clients.NetworkClient   : [Consumer clientId=consumer-MS_Dossier-2, groupId=MS_Dossier] Node -1 disconnected.
2025-01-29T12:39:51.431+03:00  INFO 2996 --- [MS_Dossier] [finish-registration-listener-0-C-1] org.apache.kafka.clients.NetworkClient   : [Consumer clientId=consumer-MS_Dossier-2, groupId=MS_Dossier] Cancelled in-flight API_VERSIONS request with correlation id 9 due to node -1 being disconnected (elapsed time since creation: 9ms, elapsed time since send: 9ms, request timeout: 30000ms)
2025-01-29T12:39:51.431+03:00  WARN 2996 --- [MS_Dossier] [finish-registration-listener-0-C-1] org.apache.kafka.clients.NetworkClient   : [Consumer clientId=consumer-MS_Dossier-2, groupId=MS_Dossier] Bootstrap broker localhost:9092 (id: -1 rack: null) disconnected
2025-01-29T12:39:51.478+03:00  INFO 2996 --- [MS_Dossier] [send-documents-listener-0-C-1] org.apache.kafka.clients.NetworkClient   : [Consumer clientId=consumer-MS_Dossier-3, groupId=MS_Dossier] Node -1 disconnected.
2025-01-29T12:39:51.479+03:00  INFO 2996 --- [MS_Dossier] [send-documents-listener-0-C-1] org.apache.kafka.clients.NetworkClient   : [Consumer clientId=consumer-MS_Dossier-3, groupId=MS_Dossier] Cancelled in-flight API_VERSIONS request with correlation id 9 due to node -1 being disconnected (elapsed time since creation: 3ms, elapsed time since send: 3ms, request timeout: 30000ms)
2025-01-29T12:39:51.479+03:00  WARN 2996 --- [MS_Dossier] [send-documents-listener-0-C-1] org.apache.kafka.clients.NetworkClient   : [Consumer clientId=consumer-MS_Dossier-3, groupId=MS_Dossier] Bootstrap broker localhost:9092 (id: -1 rack: null) disconnected
2025-01-29T12:39:51.582+03:00  INFO 2996 --- [MS_Dossier] [send-ses-listener-0-C-1] org.apache.kafka.clients.NetworkClient   : [Consumer clientId=consumer-MS_Dossier-1, groupId=MS_Dossier] Node -1 disconnected.
2025-01-29T12:39:51.582+03:00  INFO 2996 --- [MS_Dossier] [send-ses-listener-0-C-1] org.apache.kafka.clients.NetworkClient   : [Consumer clientId=consumer-MS_Dossier-1, groupId=MS_Dossier] Cancelled in-flight API_VERSIONS request with correlation id 10 due to node -1 being disconnected (elapsed time since creation: 6ms, elapsed time since send: 6ms, request timeout: 30000ms)
2025-01-29T12:39:51.582+03:00  WARN 2996 --- [MS_Dossier] [send-ses-listener-0-C-1] org.apache.kafka.clients.NetworkClient   : [Consumer clientId=consumer-MS_Dossier-1, groupId=MS_Dossier] Bootstrap broker localhost:9092 (id: -1 rack: null) disconnected
2025-01-29T12:39:52.170+03:00  INFO 2996 --- [MS_Dossier] [credit-issued-listener-0-C-1] org.apache.kafka.clients.NetworkClient   : [Consumer clientId=consumer-MS_Dossier-5, groupId=MS_Dossier] Node -1 disconnected.
2025-01-29T12:39:52.170+03:00  INFO 2996 --- [MS_Dossier] [credit-issued-listener-0-C-1] org.apache.kafka.clients.NetworkClient   : [Consumer clientId=consumer-MS_Dossier-5, groupId=MS_Dossier] Cancelled in-flight API_VERSIONS request with correlation id 10 due to node -1 being disconnected (elapsed time since creation: 1ms, elapsed time since send: 1ms, request timeout: 30000ms)
2025-01-29T12:39:52.170+03:00  WARN 2996 --- [MS_Dossier] [credit-issued-listener-0-C-1] org.apache.kafka.clients.NetworkClient   : [Consumer clientId=consumer-MS_Dossier-5, groupId=MS_Dossier] Bootstrap broker localhost:9092 (id: -1 rack: null) disconnected
2025-01-29T12:39:52.294+03:00  INFO 2996 --- [MS_Dossier] [finish-registration-listener-0-C-1] org.apache.kafka.clients.NetworkClient   : [Consumer clientId=consumer-MS_Dossier-2, groupId=MS_Dossier] Node -1 disconnected.
2025-01-29T12:39:52.294+03:00  INFO 2996 --- [MS_Dossier] [finish-registration-listener-0-C-1] org.apache.kafka.clients.NetworkClient   : [Consumer clientId=consumer-MS_Dossier-2, groupId=MS_Dossier] Cancelled in-flight API_VERSIONS request with correlation id 10 due to node -1 being disconnected (elapsed time since creation: 1ms, elapsed time since send: 1ms, request timeout: 30000ms)
2025-01-29T12:39:52.294+03:00  WARN 2996 --- [MS_Dossier] [finish-registration-listener-0-C-1] org.apache.kafka.clients.NetworkClient   : [Consumer clientId=consumer-MS_Dossier-2, groupId=MS_Dossier] Bootstrap broker localhost:9092 (id: -1 rack: null) disconnected
2025-01-29T12:39:52.419+03:00  INFO 2996 --- [MS_Dossier] [create-documents-listener-0-C-1] org.apache.kafka.clients.NetworkClient   : [Consumer clientId=consumer-MS_Dossier-6, groupId=MS_Dossier] Node -1 disconnected.
2025-01-29T12:39:52.419+03:00  INFO 2996 --- [MS_Dossier] [create-documents-listener-0-C-1] org.apache.kafka.clients.NetworkClient   : [Consumer clientId=consumer-MS_Dossier-6, groupId=MS_Dossier] Cancelled in-flight API_VERSIONS request with correlation id 11 due to node -1 being disconnected (elapsed time since creation: 1ms, elapsed time since send: 1ms, request timeout: 30000ms)
2025-01-29T12:39:52.419+03:00  WARN 2996 --- [MS_Dossier] [create-documents-listener-0-C-1] org.apache.kafka.clients.NetworkClient   : [Consumer clientId=consumer-MS_Dossier-6, groupId=MS_Dossier] Bootstrap broker localhost:9092 (id: -1 rack: null) disconnected
2025-01-29T12:39:52.482+03:00  INFO 2996 --- [MS_Dossier] [statement-denied-listener-0-C-1] org.apache.kafka.clients.NetworkClient   : [Consumer clientId=consumer-MS_Dossier-4, groupId=MS_Dossier] Node -1 disconnected.
2025-01-29T12:39:52.482+03:00  INFO 2996 --- [MS_Dossier] [statement-denied-listener-0-C-1] org.apache.kafka.clients.NetworkClient   : [Consumer clientId=consumer-MS_Dossier-4, groupId=MS_Dossier] Cancelled in-flight API_VERSIONS request with correlation id 11 due to node -1 being disconnected (elapsed time since creation: 1ms, elapsed time since send: 1ms, request timeout: 30000ms)
2025-01-29T12:39:52.482+03:00  WARN 2996 --- [MS_Dossier] [statement-denied-listener-0-C-1] org.apache.kafka.clients.NetworkClient   : [Consumer clientId=consumer-MS_Dossier-4, groupId=MS_Dossier] Bootstrap broker localhost:9092 (id: -1 rack: null) disconnected
2025-01-29T12:39:52.531+03:00  INFO 2996 --- [MS_Dossier] [send-documents-listener-0-C-1] org.apache.kafka.clients.NetworkClient   : [Consumer clientId=consumer-MS_Dossier-3, groupId=MS_Dossier] Node -1 disconnected.
2025-01-29T12:39:52.531+03:00  INFO 2996 --- [MS_Dossier] [send-documents-listener-0-C-1] org.apache.kafka.clients.NetworkClient   : [Consumer clientId=consumer-MS_Dossier-3, groupId=MS_Dossier] Cancelled in-flight API_VERSIONS request with correlation id 10 due to node -1 being disconnected (elapsed time since creation: 3ms, elapsed time since send: 3ms, request timeout: 30000ms)
2025-01-29T12:39:52.531+03:00  WARN 2996 --- [MS_Dossier] [send-documents-listener-0-C-1] org.apache.kafka.clients.NetworkClient   : [Consumer clientId=consumer-MS_Dossier-3, groupId=MS_Dossier] Bootstrap broker localhost:9092 (id: -1 rack: null) disconnected
2025-01-29T12:39:52.591+03:00  INFO 2996 --- [MS_Dossier] [send-ses-listener-0-C-1] org.apache.kafka.clients.NetworkClient   : [Consumer clientId=consumer-MS_Dossier-1, groupId=MS_Dossier] Node -1 disconnected.
2025-01-29T12:39:52.592+03:00  INFO 2996 --- [MS_Dossier] [send-ses-listener-0-C-1] org.apache.kafka.clients.NetworkClient   : [Consumer clientId=consumer-MS_Dossier-1, groupId=MS_Dossier] Cancelled in-flight API_VERSIONS request with correlation id 11 due to node -1 being disconnected (elapsed time since creation: 2ms, elapsed time since send: 2ms, request timeout: 30000ms)
2025-01-29T12:39:52.592+03:00  WARN 2996 --- [MS_Dossier] [send-ses-listener-0-C-1] org.apache.kafka.clients.NetworkClient   : [Consumer clientId=consumer-MS_Dossier-1, groupId=MS_Dossier] Bootstrap broker localhost:9092 (id: -1 rack: null) disconnected
2025-01-29T12:39:53.181+03:00  INFO 2996 --- [MS_Dossier] [credit-issued-listener-0-C-1] org.apache.kafka.clients.NetworkClient   : [Consumer clientId=consumer-MS_Dossier-5, groupId=MS_Dossier] Node -1 disconnected.
2025-01-29T12:39:53.182+03:00  INFO 2996 --- [MS_Dossier] [credit-issued-listener-0-C-1] org.apache.kafka.clients.NetworkClient   : [Consumer clientId=consumer-MS_Dossier-5, groupId=MS_Dossier] Cancelled in-flight API_VERSIONS request with correlation id 11 due to node -1 being disconnected (elapsed time since creation: 2ms, elapsed time since send: 2ms, request timeout: 30000ms)
2025-01-29T12:39:53.182+03:00  WARN 2996 --- [MS_Dossier] [credit-issued-listener-0-C-1] org.apache.kafka.clients.NetworkClient   : [Consumer clientId=consumer-MS_Dossier-5, groupId=MS_Dossier] Bootstrap broker localhost:9092 (id: -1 rack: null) disconnected
2025-01-29T12:39:53.320+03:00  INFO 2996 --- [MS_Dossier] [finish-registration-listener-0-C-1] org.apache.kafka.clients.NetworkClient   : [Consumer clientId=consumer-MS_Dossier-2, groupId=MS_Dossier] Node -1 disconnected.
2025-01-29T12:39:53.320+03:00  INFO 2996 --- [MS_Dossier] [finish-registration-listener-0-C-1] org.apache.kafka.clients.NetworkClient   : [Consumer clientId=consumer-MS_Dossier-2, groupId=MS_Dossier] Cancelled in-flight API_VERSIONS request with correlation id 11 due to node -1 being disconnected (elapsed time since creation: 0ms, elapsed time since send: 0ms, request timeout: 30000ms)
2025-01-29T12:39:53.320+03:00  WARN 2996 --- [MS_Dossier] [finish-registration-listener-0-C-1] org.apache.kafka.clients.NetworkClient   : [Consumer clientId=consumer-MS_Dossier-2, groupId=MS_Dossier] Bootstrap broker localhost:9092 (id: -1 rack: null) disconnected
2025-01-29T12:39:53.448+03:00  INFO 2996 --- [MS_Dossier] [create-documents-listener-0-C-1] org.apache.kafka.clients.NetworkClient   : [Consumer clientId=consumer-MS_Dossier-6, groupId=MS_Dossier] Node -1 disconnected.
2025-01-29T12:39:53.449+03:00  INFO 2996 --- [MS_Dossier] [create-documents-listener-0-C-1] org.apache.kafka.clients.NetworkClient   : [Consumer clientId=consumer-MS_Dossier-6, groupId=MS_Dossier] Cancelled in-flight API_VERSIONS request with correlation id 12 due to node -1 being disconnected (elapsed time since creation: 1ms, elapsed time since send: 1ms, request timeout: 30000ms)
2025-01-29T12:39:53.449+03:00  WARN 2996 --- [MS_Dossier] [create-documents-listener-0-C-1] org.apache.kafka.clients.NetworkClient   : [Consumer clientId=consumer-MS_Dossier-6, groupId=MS_Dossier] Bootstrap broker localhost:9092 (id: -1 rack: null) disconnected
2025-01-29T12:39:53.491+03:00  INFO 2996 --- [MS_Dossier] [statement-denied-listener-0-C-1] org.apache.kafka.clients.NetworkClient   : [Consumer clientId=consumer-MS_Dossier-4, groupId=MS_Dossier] Node -1 disconnected.
2025-01-29T12:39:53.491+03:00  INFO 2996 --- [MS_Dossier] [statement-denied-listener-0-C-1] org.apache.kafka.clients.NetworkClient   : [Consumer clientId=consumer-MS_Dossier-4, groupId=MS_Dossier] Cancelled in-flight API_VERSIONS request with correlation id 12 due to node -1 being disconnected (elapsed time since creation: 3ms, elapsed time since send: 3ms, request timeout: 30000ms)
2025-01-29T12:39:53.491+03:00  WARN 2996 --- [MS_Dossier] [statement-denied-listener-0-C-1] org.apache.kafka.clients.NetworkClient   : [Consumer clientId=consumer-MS_Dossier-4, groupId=MS_Dossier] Bootstrap broker localhost:9092 (id: -1 rack: null) disconnected
2025-01-29T12:39:53.573+03:00  INFO 2996 --- [MS_Dossier] [send-documents-listener-0-C-1] org.apache.kafka.clients.NetworkClient   : [Consumer clientId=consumer-MS_Dossier-3, groupId=MS_Dossier] Node -1 disconnected.
2025-01-29T12:39:53.573+03:00  INFO 2996 --- [MS_Dossier] [send-documents-listener-0-C-1] org.apache.kafka.clients.NetworkClient   : [Consumer clientId=consumer-MS_Dossier-3, groupId=MS_Dossier] Cancelled in-flight API_VERSIONS request with correlation id 11 due to node -1 being disconnected (elapsed time since creation: 2ms, elapsed time since send: 2ms, request timeout: 30000ms)
2025-01-29T12:39:53.574+03:00  WARN 2996 --- [MS_Dossier] [send-documents-listener-0-C-1] org.apache.kafka.clients.NetworkClient   : [Consumer clientId=consumer-MS_Dossier-3, groupId=MS_Dossier] Bootstrap broker localhost:9092 (id: -1 rack: null) disconnected
2025-01-29T12:39:53.601+03:00  INFO 2996 --- [MS_Dossier] [send-ses-listener-0-C-1] org.apache.kafka.clients.NetworkClient   : [Consumer clientId=consumer-MS_Dossier-1, groupId=MS_Dossier] Node -1 disconnected.
2025-01-29T12:39:53.601+03:00  INFO 2996 --- [MS_Dossier] [send-ses-listener-0-C-1] org.apache.kafka.clients.NetworkClient   : [Consumer clientId=consumer-MS_Dossier-1, groupId=MS_Dossier] Cancelled in-flight API_VERSIONS request with correlation id 12 due to node -1 being disconnected (elapsed time since creation: 3ms, elapsed time since send: 3ms, request timeout: 30000ms)
2025-01-29T12:39:53.601+03:00  WARN 2996 --- [MS_Dossier] [send-ses-listener-0-C-1] org.apache.kafka.clients.NetworkClient   : [Consumer clientId=consumer-MS_Dossier-1, groupId=MS_Dossier] Bootstrap broker localhost:9092 (id: -1 rack: null) disconnected
2025-01-29T12:39:54.155+03:00  INFO 2996 --- [MS_Dossier] [finish-registration-listener-0-C-1] org.apache.kafka.clients.NetworkClient   : [Consumer clientId=consumer-MS_Dossier-2, groupId=MS_Dossier] Node -1 disconnected.
2025-01-29T12:39:54.155+03:00  INFO 2996 --- [MS_Dossier] [finish-registration-listener-0-C-1] org.apache.kafka.clients.NetworkClient   : [Consumer clientId=consumer-MS_Dossier-2, groupId=MS_Dossier] Cancelled in-flight API_VERSIONS request with correlation id 13 due to node -1 being disconnected (elapsed time since creation: 2ms, elapsed time since send: 2ms, request timeout: 30000ms)
2025-01-29T12:39:54.155+03:00  WARN 2996 --- [MS_Dossier] [finish-registration-listener-0-C-1] org.apache.kafka.clients.NetworkClient   : [Consumer clientId=consumer-MS_Dossier-2, groupId=MS_Dossier] Bootstrap broker localhost:9092 (id: -1 rack: null) disconnected
2025-01-29T12:39:54.185+03:00  INFO 2996 --- [MS_Dossier] [credit-issued-listener-0-C-1] org.apache.kafka.clients.NetworkClient   : [Consumer clientId=consumer-MS_Dossier-5, groupId=MS_Dossier] Node -1 disconnected.
2025-01-29T12:39:54.185+03:00  INFO 2996 --- [MS_Dossier] [credit-issued-listener-0-C-1] org.apache.kafka.clients.NetworkClient   : [Consumer clientId=consumer-MS_Dossier-5, groupId=MS_Dossier] Cancelled in-flight API_VERSIONS request with correlation id 12 due to node -1 being disconnected (elapsed time since creation: 0ms, elapsed time since send: 0ms, request timeout: 30000ms)
2025-01-29T12:39:54.186+03:00  WARN 2996 --- [MS_Dossier] [credit-issued-listener-0-C-1] org.apache.kafka.clients.NetworkClient   : [Consumer clientId=consumer-MS_Dossier-5, groupId=MS_Dossier] Bootstrap broker localhost:9092 (id: -1 rack: null) disconnected
2025-01-29T12:39:54.402+03:00  INFO 2996 --- [MS_Dossier] [create-documents-listener-0-C-1] org.apache.kafka.clients.NetworkClient   : [Consumer clientId=consumer-MS_Dossier-6, groupId=MS_Dossier] Node -1 disconnected.
2025-01-29T12:39:54.402+03:00  INFO 2996 --- [MS_Dossier] [create-documents-listener-0-C-1] org.apache.kafka.clients.NetworkClient   : [Consumer clientId=consumer-MS_Dossier-6, groupId=MS_Dossier] Cancelled in-flight API_VERSIONS request with correlation id 13 due to node -1 being disconnected (elapsed time since creation: 2ms, elapsed time since send: 2ms, request timeout: 30000ms)
2025-01-29T12:39:54.402+03:00  WARN 2996 --- [MS_Dossier] [create-documents-listener-0-C-1] org.apache.kafka.clients.NetworkClient   : [Consumer clientId=consumer-MS_Dossier-6, groupId=MS_Dossier] Bootstrap broker localhost:9092 (id: -1 rack: null) disconnected
2025-01-29T12:39:54.494+03:00  INFO 2996 --- [MS_Dossier] [statement-denied-listener-0-C-1] org.apache.kafka.clients.NetworkClient   : [Consumer clientId=consumer-MS_Dossier-4, groupId=MS_Dossier] Node -1 disconnected.
2025-01-29T12:39:54.494+03:00  INFO 2996 --- [MS_Dossier] [statement-denied-listener-0-C-1] org.apache.kafka.clients.NetworkClient   : [Consumer clientId=consumer-MS_Dossier-4, groupId=MS_Dossier] Cancelled in-flight API_VERSIONS request with correlation id 13 due to node -1 being disconnected (elapsed time since creation: 1ms, elapsed time since send: 1ms, request timeout: 30000ms)
2025-01-29T12:39:54.494+03:00  WARN 2996 --- [MS_Dossier] [statement-denied-listener-0-C-1] org.apache.kafka.clients.NetworkClient   : [Consumer clientId=consumer-MS_Dossier-4, groupId=MS_Dossier] Bootstrap broker localhost:9092 (id: -1 rack: null) disconnected
2025-01-29T12:39:54.603+03:00  INFO 2996 --- [MS_Dossier] [send-ses-listener-0-C-1] org.apache.kafka.clients.NetworkClient   : [Consumer clientId=consumer-MS_Dossier-1, groupId=MS_Dossier] Node -1 disconnected.
2025-01-29T12:39:54.604+03:00  INFO 2996 --- [MS_Dossier] [send-ses-listener-0-C-1] org.apache.kafka.clients.NetworkClient   : [Consumer clientId=consumer-MS_Dossier-1, groupId=MS_Dossier] Cancelled in-flight API_VERSIONS request with correlation id 13 due to node -1 being disconnected (elapsed time since creation: 1ms, elapsed time since send: 1ms, request timeout: 30000ms)
2025-01-29T12:39:54.604+03:00  WARN 2996 --- [MS_Dossier] [send-ses-listener-0-C-1] org.apache.kafka.clients.NetworkClient   : [Consumer clientId=consumer-MS_Dossier-1, groupId=MS_Dossier] Bootstrap broker localhost:9092 (id: -1 rack: null) disconnected
2025-01-29T12:39:54.620+03:00  INFO 2996 --- [MS_Dossier] [send-documents-listener-0-C-1] org.apache.kafka.clients.NetworkClient   : [Consumer clientId=consumer-MS_Dossier-3, groupId=MS_Dossier] Node -1 disconnected.
2025-01-29T12:39:54.620+03:00  INFO 2996 --- [MS_Dossier] [send-documents-listener-0-C-1] org.apache.kafka.clients.NetworkClient   : [Consumer clientId=consumer-MS_Dossier-3, groupId=MS_Dossier] Cancelled in-flight API_VERSIONS request with correlation id 12 due to node -1 being disconnected (elapsed time since creation: 3ms, elapsed time since send: 3ms, request timeout: 30000ms)
2025-01-29T12:39:54.620+03:00  WARN 2996 --- [MS_Dossier] [send-documents-listener-0-C-1] org.apache.kafka.clients.NetworkClient   : [Consumer clientId=consumer-MS_Dossier-3, groupId=MS_Dossier] Bootstrap broker localhost:9092 (id: -1 rack: null) disconnected
2025-01-29T12:39:55.006+03:00  INFO 2996 --- [MS_Dossier] [finish-registration-listener-0-C-1] org.apache.kafka.clients.NetworkClient   : [Consumer clientId=consumer-MS_Dossier-2, groupId=MS_Dossier] Node -1 disconnected.
2025-01-29T12:39:55.006+03:00  INFO 2996 --- [MS_Dossier] [finish-registration-listener-0-C-1] org.apache.kafka.clients.NetworkClient   : [Consumer clientId=consumer-MS_Dossier-2, groupId=MS_Dossier] Cancelled in-flight API_VERSIONS request with correlation id 14 due to node -1 being disconnected (elapsed time since creation: 1ms, elapsed time since send: 1ms, request timeout: 30000ms)
2025-01-29T12:39:55.006+03:00  WARN 2996 --- [MS_Dossier] [finish-registration-listener-0-C-1] org.apache.kafka.clients.NetworkClient   : [Consumer clientId=consumer-MS_Dossier-2, groupId=MS_Dossier] Bootstrap broker localhost:9092 (id: -1 rack: null) disconnected
2025-01-29T12:39:55.053+03:00  INFO 2996 --- [MS_Dossier] [credit-issued-listener-0-C-1] org.apache.kafka.clients.NetworkClient   : [Consumer clientId=consumer-MS_Dossier-5, groupId=MS_Dossier] Node -1 disconnected.
2025-01-29T12:39:55.053+03:00  INFO 2996 --- [MS_Dossier] [credit-issued-listener-0-C-1] org.apache.kafka.clients.NetworkClient   : [Consumer clientId=consumer-MS_Dossier-5, groupId=MS_Dossier] Cancelled in-flight API_VERSIONS request with correlation id 13 due to node -1 being disconnected (elapsed time since creation: 1ms, elapsed time since send: 1ms, request timeout: 30000ms)
2025-01-29T12:39:55.053+03:00  WARN 2996 --- [MS_Dossier] [credit-issued-listener-0-C-1] org.apache.kafka.clients.NetworkClient   : [Consumer clientId=consumer-MS_Dossier-5, groupId=MS_Dossier] Bootstrap broker localhost:9092 (id: -1 rack: null) disconnected
2025-01-29T12:39:55.427+03:00  INFO 2996 --- [MS_Dossier] [statement-denied-listener-0-C-1] org.apache.kafka.clients.NetworkClient   : [Consumer clientId=consumer-MS_Dossier-4, groupId=MS_Dossier] Node -1 disconnected.
2025-01-29T12:39:55.427+03:00  INFO 2996 --- [MS_Dossier] [statement-denied-listener-0-C-1] org.apache.kafka.clients.NetworkClient   : [Consumer clientId=consumer-MS_Dossier-4, groupId=MS_Dossier] Cancelled in-flight API_VERSIONS request with correlation id 14 due to node -1 being disconnected (elapsed time since creation: 6ms, elapsed time since send: 6ms, request timeout: 30000ms)
2025-01-29T12:39:55.427+03:00  WARN 2996 --- [MS_Dossier] [statement-denied-listener-0-C-1] org.apache.kafka.clients.NetworkClient   : [Consumer clientId=consumer-MS_Dossier-4, groupId=MS_Dossier] Bootstrap broker localhost:9092 (id: -1 rack: null) disconnected
2025-01-29T12:39:55.453+03:00  INFO 2996 --- [MS_Dossier] [create-documents-listener-0-C-1] org.apache.kafka.clients.NetworkClient   : [Consumer clientId=consumer-MS_Dossier-6, groupId=MS_Dossier] Node -1 disconnected.
2025-01-29T12:39:55.454+03:00  INFO 2996 --- [MS_Dossier] [create-documents-listener-0-C-1] org.apache.kafka.clients.NetworkClient   : [Consumer clientId=consumer-MS_Dossier-6, groupId=MS_Dossier] Cancelled in-flight API_VERSIONS request with correlation id 14 due to node -1 being disconnected (elapsed time since creation: 1ms, elapsed time since send: 1ms, request timeout: 30000ms)
2025-01-29T12:39:55.454+03:00  WARN 2996 --- [MS_Dossier] [create-documents-listener-0-C-1] org.apache.kafka.clients.NetworkClient   : [Consumer clientId=consumer-MS_Dossier-6, groupId=MS_Dossier] Bootstrap broker localhost:9092 (id: -1 rack: null) disconnected
2025-01-29T12:39:55.485+03:00  INFO 2996 --- [MS_Dossier] [send-documents-listener-0-C-1] org.apache.kafka.clients.NetworkClient   : [Consumer clientId=consumer-MS_Dossier-3, groupId=MS_Dossier] Node -1 disconnected.
2025-01-29T12:39:55.486+03:00  INFO 2996 --- [MS_Dossier] [send-documents-listener-0-C-1] org.apache.kafka.clients.NetworkClient   : [Consumer clientId=consumer-MS_Dossier-3, groupId=MS_Dossier] Cancelled in-flight API_VERSIONS request with correlation id 13 due to node -1 being disconnected (elapsed time since creation: 2ms, elapsed time since send: 2ms, request timeout: 30000ms)
2025-01-29T12:39:55.486+03:00  WARN 2996 --- [MS_Dossier] [send-documents-listener-0-C-1] org.apache.kafka.clients.NetworkClient   : [Consumer clientId=consumer-MS_Dossier-3, groupId=MS_Dossier] Bootstrap broker localhost:9092 (id: -1 rack: null) disconnected
2025-01-29T12:39:55.562+03:00  INFO 2996 --- [MS_Dossier] [send-ses-listener-0-C-1] org.apache.kafka.clients.NetworkClient   : [Consumer clientId=consumer-MS_Dossier-1, groupId=MS_Dossier] Node -1 disconnected.
2025-01-29T12:39:55.562+03:00  INFO 2996 --- [MS_Dossier] [send-ses-listener-0-C-1] org.apache.kafka.clients.NetworkClient   : [Consumer clientId=consumer-MS_Dossier-1, groupId=MS_Dossier] Cancelled in-flight API_VERSIONS request with correlation id 14 due to node -1 being disconnected (elapsed time since creation: 1ms, elapsed time since send: 1ms, request timeout: 30000ms)
2025-01-29T12:39:55.562+03:00  WARN 2996 --- [MS_Dossier] [send-ses-listener-0-C-1] org.apache.kafka.clients.NetworkClient   : [Consumer clientId=consumer-MS_Dossier-1, groupId=MS_Dossier] Bootstrap broker localhost:9092 (id: -1 rack: null) disconnected
2025-01-29T12:39:55.871+03:00  INFO 2996 --- [MS_Dossier] [credit-issued-listener-0-C-1] org.apache.kafka.clients.NetworkClient   : [Consumer clientId=consumer-MS_Dossier-5, groupId=MS_Dossier] Node -1 disconnected.
2025-01-29T12:39:55.872+03:00  INFO 2996 --- [MS_Dossier] [credit-issued-listener-0-C-1] org.apache.kafka.clients.NetworkClient   : [Consumer clientId=consumer-MS_Dossier-5, groupId=MS_Dossier] Cancelled in-flight API_VERSIONS request with correlation id 14 due to node -1 being disconnected (elapsed time since creation: 0ms, elapsed time since send: 0ms, request timeout: 30000ms)
2025-01-29T12:39:55.872+03:00  WARN 2996 --- [MS_Dossier] [credit-issued-listener-0-C-1] org.apache.kafka.clients.NetworkClient   : [Consumer clientId=consumer-MS_Dossier-5, groupId=MS_Dossier] Bootstrap broker localhost:9092 (id: -1 rack: null) disconnected
2025-01-29T12:39:55.935+03:00  INFO 2996 --- [MS_Dossier] [finish-registration-listener-0-C-1] org.apache.kafka.clients.NetworkClient   : [Consumer clientId=consumer-MS_Dossier-2, groupId=MS_Dossier] Node -1 disconnected.
2025-01-29T12:39:55.935+03:00  INFO 2996 --- [MS_Dossier] [finish-registration-listener-0-C-1] org.apache.kafka.clients.NetworkClient   : [Consumer clientId=consumer-MS_Dossier-2, groupId=MS_Dossier] Cancelled in-flight API_VERSIONS request with correlation id 15 due to node -1 being disconnected (elapsed time since creation: 1ms, elapsed time since send: 1ms, request timeout: 30000ms)
2025-01-29T12:39:55.935+03:00  WARN 2996 --- [MS_Dossier] [finish-registration-listener-0-C-1] org.apache.kafka.clients.NetworkClient   : [Consumer clientId=consumer-MS_Dossier-2, groupId=MS_Dossier] Bootstrap broker localhost:9092 (id: -1 rack: null) disconnected
2025-01-29T12:39:56.338+03:00  INFO 2996 --- [MS_Dossier] [create-documents-listener-0-C-1] org.apache.kafka.clients.NetworkClient   : [Consumer clientId=consumer-MS_Dossier-6, groupId=MS_Dossier] Node -1 disconnected.
2025-01-29T12:39:56.338+03:00  INFO 2996 --- [MS_Dossier] [create-documents-listener-0-C-1] org.apache.kafka.clients.NetworkClient   : [Consumer clientId=consumer-MS_Dossier-6, groupId=MS_Dossier] Cancelled in-flight API_VERSIONS request with correlation id 15 due to node -1 being disconnected (elapsed time since creation: 0ms, elapsed time since send: 0ms, request timeout: 30000ms)
2025-01-29T12:39:56.338+03:00  WARN 2996 --- [MS_Dossier] [create-documents-listener-0-C-1] org.apache.kafka.clients.NetworkClient   : [Consumer clientId=consumer-MS_Dossier-6, groupId=MS_Dossier] Bootstrap broker localhost:9092 (id: -1 rack: null) disconnected
2025-01-29T12:39:56.369+03:00  INFO 2996 --- [MS_Dossier] [statement-denied-listener-0-C-1] org.apache.kafka.clients.NetworkClient   : [Consumer clientId=consumer-MS_Dossier-4, groupId=MS_Dossier] Node -1 disconnected.
2025-01-29T12:39:56.369+03:00  INFO 2996 --- [MS_Dossier] [statement-denied-listener-0-C-1] org.apache.kafka.clients.NetworkClient   : [Consumer clientId=consumer-MS_Dossier-4, groupId=MS_Dossier] Cancelled in-flight API_VERSIONS request with correlation id 15 due to node -1 being disconnected (elapsed time since creation: 1ms, elapsed time since send: 1ms, request timeout: 30000ms)
2025-01-29T12:39:56.369+03:00  WARN 2996 --- [MS_Dossier] [statement-denied-listener-0-C-1] org.apache.kafka.clients.NetworkClient   : [Consumer clientId=consumer-MS_Dossier-4, groupId=MS_Dossier] Bootstrap broker localhost:9092 (id: -1 rack: null) disconnected
2025-01-29T12:39:56.527+03:00  INFO 2996 --- [MS_Dossier] [send-documents-listener-0-C-1] org.apache.kafka.clients.NetworkClient   : [Consumer clientId=consumer-MS_Dossier-3, groupId=MS_Dossier] Node -1 disconnected.
2025-01-29T12:39:56.528+03:00  INFO 2996 --- [MS_Dossier] [send-documents-listener-0-C-1] org.apache.kafka.clients.NetworkClient   : [Consumer clientId=consumer-MS_Dossier-3, groupId=MS_Dossier] Cancelled in-flight API_VERSIONS request with correlation id 14 due to node -1 being disconnected (elapsed time since creation: 2ms, elapsed time since send: 2ms, request timeout: 30000ms)
2025-01-29T12:39:56.528+03:00  WARN 2996 --- [MS_Dossier] [send-documents-listener-0-C-1] org.apache.kafka.clients.NetworkClient   : [Consumer clientId=consumer-MS_Dossier-3, groupId=MS_Dossier] Bootstrap broker localhost:9092 (id: -1 rack: null) disconnected
2025-01-29T12:39:56.638+03:00  INFO 2996 --- [MS_Dossier] [send-ses-listener-0-C-1] org.apache.kafka.clients.NetworkClient   : [Consumer clientId=consumer-MS_Dossier-1, groupId=MS_Dossier] Node -1 disconnected.
2025-01-29T12:39:56.638+03:00  INFO 2996 --- [MS_Dossier] [send-ses-listener-0-C-1] org.apache.kafka.clients.NetworkClient   : [Consumer clientId=consumer-MS_Dossier-1, groupId=MS_Dossier] Cancelled in-flight API_VERSIONS request with correlation id 15 due to node -1 being disconnected (elapsed time since creation: 15ms, elapsed time since send: 15ms, request timeout: 30000ms)
2025-01-29T12:39:56.638+03:00  WARN 2996 --- [MS_Dossier] [send-ses-listener-0-C-1] org.apache.kafka.clients.NetworkClient   : [Consumer clientId=consumer-MS_Dossier-1, groupId=MS_Dossier] Bootstrap broker localhost:9092 (id: -1 rack: null) disconnected
2025-01-29T12:39:57.062+03:00  WARN 2996 --- [MS_Dossier] [credit-issued-listener-0-C-1] org.apache.kafka.clients.NetworkClient   : [Consumer clientId=consumer-MS_Dossier-5, groupId=MS_Dossier] Error while fetching metadata with correlation id 16 : {credit-issued=LEADER_NOT_AVAILABLE}
2025-01-29T12:39:57.062+03:00  WARN 2996 --- [MS_Dossier] [finish-registration-listener-0-C-1] org.apache.kafka.clients.NetworkClient   : [Consumer clientId=consumer-MS_Dossier-2, groupId=MS_Dossier] Error while fetching metadata with correlation id 17 : {finish-registration=LEADER_NOT_AVAILABLE}
2025-01-29T12:39:57.063+03:00  INFO 2996 --- [MS_Dossier] [credit-issued-listener-0-C-1] org.apache.kafka.clients.Metadata        : [Consumer clientId=consumer-MS_Dossier-5, groupId=MS_Dossier] Cluster ID: jmhMD_wZQNOR7wW8MvhPGQ
2025-01-29T12:39:57.063+03:00  INFO 2996 --- [MS_Dossier] [finish-registration-listener-0-C-1] org.apache.kafka.clients.Metadata        : [Consumer clientId=consumer-MS_Dossier-2, groupId=MS_Dossier] Cluster ID: jmhMD_wZQNOR7wW8MvhPGQ
2025-01-29T12:39:57.277+03:00  WARN 2996 --- [MS_Dossier] [finish-registration-listener-0-C-1] org.apache.kafka.clients.NetworkClient   : [Consumer clientId=consumer-MS_Dossier-2, groupId=MS_Dossier] Error while fetching metadata with correlation id 21 : {finish-registration=LEADER_NOT_AVAILABLE}
2025-01-29T12:39:57.313+03:00  WARN 2996 --- [MS_Dossier] [credit-issued-listener-0-C-1] org.apache.kafka.clients.NetworkClient   : [Consumer clientId=consumer-MS_Dossier-5, groupId=MS_Dossier] Error while fetching metadata with correlation id 20 : {credit-issued=LEADER_NOT_AVAILABLE}
2025-01-29T12:39:57.358+03:00  WARN 2996 --- [MS_Dossier] [create-documents-listener-0-C-1] org.apache.kafka.clients.NetworkClient   : [Consumer clientId=consumer-MS_Dossier-6, groupId=MS_Dossier] Error while fetching metadata with correlation id 17 : {create-documents=LEADER_NOT_AVAILABLE}
2025-01-29T12:39:57.358+03:00  INFO 2996 --- [MS_Dossier] [create-documents-listener-0-C-1] org.apache.kafka.clients.Metadata        : [Consumer clientId=consumer-MS_Dossier-6, groupId=MS_Dossier] Cluster ID: jmhMD_wZQNOR7wW8MvhPGQ
2025-01-29T12:39:57.377+03:00  WARN 2996 --- [MS_Dossier] [statement-denied-listener-0-C-1] org.apache.kafka.clients.NetworkClient   : [Consumer clientId=consumer-MS_Dossier-4, groupId=MS_Dossier] Error while fetching metadata with correlation id 18 : {statement-denied=LEADER_NOT_AVAILABLE}
2025-01-29T12:39:57.377+03:00  INFO 2996 --- [MS_Dossier] [statement-denied-listener-0-C-1] org.apache.kafka.clients.Metadata        : [Consumer clientId=consumer-MS_Dossier-4, groupId=MS_Dossier] Cluster ID: jmhMD_wZQNOR7wW8MvhPGQ
2025-01-29T12:39:57.546+03:00  WARN 2996 --- [MS_Dossier] [send-documents-listener-0-C-1] org.apache.kafka.clients.NetworkClient   : [Consumer clientId=consumer-MS_Dossier-3, groupId=MS_Dossier] Error while fetching metadata with correlation id 16 : {send-documents=LEADER_NOT_AVAILABLE}
2025-01-29T12:39:57.546+03:00  INFO 2996 --- [MS_Dossier] [send-documents-listener-0-C-1] org.apache.kafka.clients.Metadata        : [Consumer clientId=consumer-MS_Dossier-3, groupId=MS_Dossier] Cluster ID: jmhMD_wZQNOR7wW8MvhPGQ
2025-01-29T12:39:57.589+03:00  WARN 2996 --- [MS_Dossier] [create-documents-listener-0-C-1] org.apache.kafka.clients.NetworkClient   : [Consumer clientId=consumer-MS_Dossier-6, groupId=MS_Dossier] Error while fetching metadata with correlation id 21 : {create-documents=LEADER_NOT_AVAILABLE}
2025-01-29T12:39:57.603+03:00  WARN 2996 --- [MS_Dossier] [statement-denied-listener-0-C-1] org.apache.kafka.clients.NetworkClient   : [Consumer clientId=consumer-MS_Dossier-4, groupId=MS_Dossier] Error while fetching metadata with correlation id 21 : {statement-denied=LEADER_NOT_AVAILABLE}
2025-01-29T12:39:57.635+03:00  WARN 2996 --- [MS_Dossier] [finish-registration-listener-0-C-1] org.apache.kafka.clients.NetworkClient   : [Consumer clientId=consumer-MS_Dossier-2, groupId=MS_Dossier] Error while fetching metadata with correlation id 23 : {finish-registration=LEADER_NOT_AVAILABLE}
2025-01-29T12:39:57.648+03:00  WARN 2996 --- [MS_Dossier] [send-ses-listener-0-C-1] org.apache.kafka.clients.NetworkClient   : [Consumer clientId=consumer-MS_Dossier-1, groupId=MS_Dossier] Error while fetching metadata with correlation id 17 : {send-ses=LEADER_NOT_AVAILABLE}
2025-01-29T12:39:57.648+03:00  INFO 2996 --- [MS_Dossier] [send-ses-listener-0-C-1] org.apache.kafka.clients.Metadata        : [Consumer clientId=consumer-MS_Dossier-1, groupId=MS_Dossier] Cluster ID: jmhMD_wZQNOR7wW8MvhPGQ
2025-01-29T12:39:57.794+03:00  INFO 2996 --- [MS_Dossier] [credit-issued-listener-0-C-1] o.a.k.c.c.internals.ConsumerCoordinator  : [Consumer clientId=consumer-MS_Dossier-5, groupId=MS_Dossier] Discovered group coordinator localhost:9092 (id: 2147483646 rack: null)
2025-01-29T12:39:57.796+03:00  INFO 2996 --- [MS_Dossier] [credit-issued-listener-0-C-1] o.a.k.c.c.internals.ConsumerCoordinator  : [Consumer clientId=consumer-MS_Dossier-5, groupId=MS_Dossier] (Re-)joining group
2025-01-29T12:39:57.852+03:00  INFO 2996 --- [MS_Dossier] [send-documents-listener-0-C-1] o.a.k.c.c.internals.ConsumerCoordinator  : [Consumer clientId=consumer-MS_Dossier-3, groupId=MS_Dossier] Discovered group coordinator localhost:9092 (id: 2147483646 rack: null)
2025-01-29T12:39:57.852+03:00  INFO 2996 --- [MS_Dossier] [credit-issued-listener-0-C-1] o.a.k.c.c.internals.ConsumerCoordinator  : [Consumer clientId=consumer-MS_Dossier-5, groupId=MS_Dossier] JoinGroup failed: Coordinator localhost:9092 (id: 2147483646 rack: null) is loading the group.
2025-01-29T12:39:57.853+03:00  INFO 2996 --- [MS_Dossier] [credit-issued-listener-0-C-1] o.a.k.c.c.internals.ConsumerCoordinator  : [Consumer clientId=consumer-MS_Dossier-5, groupId=MS_Dossier] Request joining group due to: rebalance failed due to 'The coordinator is loading and hence can't process requests.' (CoordinatorLoadInProgressException)
2025-01-29T12:39:57.853+03:00  INFO 2996 --- [MS_Dossier] [send-documents-listener-0-C-1] o.a.k.c.c.internals.ConsumerCoordinator  : [Consumer clientId=consumer-MS_Dossier-3, groupId=MS_Dossier] (Re-)joining group
2025-01-29T12:39:57.857+03:00  INFO 2996 --- [MS_Dossier] [send-ses-listener-0-C-1] o.a.k.c.c.internals.ConsumerCoordinator  : [Consumer clientId=consumer-MS_Dossier-1, groupId=MS_Dossier] Discovered group coordinator localhost:9092 (id: 2147483646 rack: null)
2025-01-29T12:39:57.858+03:00  INFO 2996 --- [MS_Dossier] [send-ses-listener-0-C-1] o.a.k.c.c.internals.ConsumerCoordinator  : [Consumer clientId=consumer-MS_Dossier-1, groupId=MS_Dossier] (Re-)joining group
2025-01-29T12:39:57.885+03:00  INFO 2996 --- [MS_Dossier] [send-documents-listener-0-C-1] o.a.k.c.c.internals.ConsumerCoordinator  : [Consumer clientId=consumer-MS_Dossier-3, groupId=MS_Dossier] JoinGroup failed: Coordinator localhost:9092 (id: 2147483646 rack: null) is loading the group.
2025-01-29T12:39:57.885+03:00  INFO 2996 --- [MS_Dossier] [send-documents-listener-0-C-1] o.a.k.c.c.internals.ConsumerCoordinator  : [Consumer clientId=consumer-MS_Dossier-3, groupId=MS_Dossier] Request joining group due to: rebalance failed due to 'The coordinator is loading and hence can't process requests.' (CoordinatorLoadInProgressException)
2025-01-29T12:39:57.904+03:00  INFO 2996 --- [MS_Dossier] [send-ses-listener-0-C-1] o.a.k.c.c.internals.ConsumerCoordinator  : [Consumer clientId=consumer-MS_Dossier-1, groupId=MS_Dossier] JoinGroup failed: Coordinator localhost:9092 (id: 2147483646 rack: null) is loading the group.
2025-01-29T12:39:57.904+03:00  INFO 2996 --- [MS_Dossier] [send-ses-listener-0-C-1] o.a.k.c.c.internals.ConsumerCoordinator  : [Consumer clientId=consumer-MS_Dossier-1, groupId=MS_Dossier] Request joining group due to: rebalance failed due to 'The coordinator is loading and hence can't process requests.' (CoordinatorLoadInProgressException)
2025-01-29T12:39:57.954+03:00  INFO 2996 --- [MS_Dossier] [credit-issued-listener-0-C-1] o.a.k.c.c.internals.ConsumerCoordinator  : [Consumer clientId=consumer-MS_Dossier-5, groupId=MS_Dossier] (Re-)joining group
2025-01-29T12:39:57.957+03:00  INFO 2996 --- [MS_Dossier] [statement-denied-listener-0-C-1] o.a.k.c.c.internals.ConsumerCoordinator  : [Consumer clientId=consumer-MS_Dossier-4, groupId=MS_Dossier] Discovered group coordinator localhost:9092 (id: 2147483646 rack: null)
2025-01-29T12:39:57.958+03:00  INFO 2996 --- [MS_Dossier] [statement-denied-listener-0-C-1] o.a.k.c.c.internals.ConsumerCoordinator  : [Consumer clientId=consumer-MS_Dossier-4, groupId=MS_Dossier] (Re-)joining group
2025-01-29T12:39:57.975+03:00  INFO 2996 --- [MS_Dossier] [statement-denied-listener-0-C-1] o.a.k.c.c.internals.ConsumerCoordinator  : [Consumer clientId=consumer-MS_Dossier-4, groupId=MS_Dossier] Request joining group due to: need to re-join with the given member-id: consumer-MS_Dossier-4-869df76d-49d6-4d3d-b7cd-1cd4b63d45a6
2025-01-29T12:39:57.975+03:00  INFO 2996 --- [MS_Dossier] [statement-denied-listener-0-C-1] o.a.k.c.c.internals.ConsumerCoordinator  : [Consumer clientId=consumer-MS_Dossier-4, groupId=MS_Dossier] (Re-)joining group
2025-01-29T12:39:57.980+03:00  INFO 2996 --- [MS_Dossier] [credit-issued-listener-0-C-1] o.a.k.c.c.internals.ConsumerCoordinator  : [Consumer clientId=consumer-MS_Dossier-5, groupId=MS_Dossier] Request joining group due to: need to re-join with the given member-id: consumer-MS_Dossier-5-184dd0bb-c2d0-4cde-94ba-23e8513f9923
2025-01-29T12:39:57.981+03:00  INFO 2996 --- [MS_Dossier] [credit-issued-listener-0-C-1] o.a.k.c.c.internals.ConsumerCoordinator  : [Consumer clientId=consumer-MS_Dossier-5, groupId=MS_Dossier] (Re-)joining group
2025-01-29T12:39:57.987+03:00  INFO 2996 --- [MS_Dossier] [send-documents-listener-0-C-1] o.a.k.c.c.internals.ConsumerCoordinator  : [Consumer clientId=consumer-MS_Dossier-3, groupId=MS_Dossier] (Re-)joining group
2025-01-29T12:39:58.001+03:00  INFO 2996 --- [MS_Dossier] [send-documents-listener-0-C-1] o.a.k.c.c.internals.ConsumerCoordinator  : [Consumer clientId=consumer-MS_Dossier-3, groupId=MS_Dossier] Request joining group due to: need to re-join with the given member-id: consumer-MS_Dossier-3-f8591e87-0d0e-4b9b-af5c-80a8d1d8504d
2025-01-29T12:39:58.001+03:00  INFO 2996 --- [MS_Dossier] [send-documents-listener-0-C-1] o.a.k.c.c.internals.ConsumerCoordinator  : [Consumer clientId=consumer-MS_Dossier-3, groupId=MS_Dossier] (Re-)joining group
2025-01-29T12:39:58.006+03:00  INFO 2996 --- [MS_Dossier] [send-ses-listener-0-C-1] o.a.k.c.c.internals.ConsumerCoordinator  : [Consumer clientId=consumer-MS_Dossier-1, groupId=MS_Dossier] (Re-)joining group
2025-01-29T12:39:58.010+03:00  INFO 2996 --- [MS_Dossier] [send-ses-listener-0-C-1] o.a.k.c.c.internals.ConsumerCoordinator  : [Consumer clientId=consumer-MS_Dossier-1, groupId=MS_Dossier] Request joining group due to: need to re-join with the given member-id: consumer-MS_Dossier-1-92858ad5-9da6-40a3-ac5f-dfc952457920
2025-01-29T12:39:58.010+03:00  INFO 2996 --- [MS_Dossier] [send-ses-listener-0-C-1] o.a.k.c.c.internals.ConsumerCoordinator  : [Consumer clientId=consumer-MS_Dossier-1, groupId=MS_Dossier] (Re-)joining group
2025-01-29T12:39:58.048+03:00  INFO 2996 --- [MS_Dossier] [create-documents-listener-0-C-1] o.a.k.c.c.internals.ConsumerCoordinator  : [Consumer clientId=consumer-MS_Dossier-6, groupId=MS_Dossier] Discovered group coordinator localhost:9092 (id: 2147483646 rack: null)
2025-01-29T12:39:58.049+03:00  INFO 2996 --- [MS_Dossier] [create-documents-listener-0-C-1] o.a.k.c.c.internals.ConsumerCoordinator  : [Consumer clientId=consumer-MS_Dossier-6, groupId=MS_Dossier] (Re-)joining group
2025-01-29T12:39:58.055+03:00  INFO 2996 --- [MS_Dossier] [create-documents-listener-0-C-1] o.a.k.c.c.internals.ConsumerCoordinator  : [Consumer clientId=consumer-MS_Dossier-6, groupId=MS_Dossier] Request joining group due to: need to re-join with the given member-id: consumer-MS_Dossier-6-f52536a0-094e-470e-a2a8-b19921a2bfb7
2025-01-29T12:39:58.056+03:00  INFO 2996 --- [MS_Dossier] [create-documents-listener-0-C-1] o.a.k.c.c.internals.ConsumerCoordinator  : [Consumer clientId=consumer-MS_Dossier-6, groupId=MS_Dossier] (Re-)joining group
2025-01-29T12:39:58.324+03:00  INFO 2996 --- [MS_Dossier] [finish-registration-listener-0-C-1] o.a.k.c.c.internals.ConsumerCoordinator  : [Consumer clientId=consumer-MS_Dossier-2, groupId=MS_Dossier] Discovered group coordinator localhost:9092 (id: 2147483646 rack: null)
2025-01-29T12:39:58.325+03:00  INFO 2996 --- [MS_Dossier] [finish-registration-listener-0-C-1] o.a.k.c.c.internals.ConsumerCoordinator  : [Consumer clientId=consumer-MS_Dossier-2, groupId=MS_Dossier] (Re-)joining group
2025-01-29T12:39:58.331+03:00  INFO 2996 --- [MS_Dossier] [finish-registration-listener-0-C-1] o.a.k.c.c.internals.ConsumerCoordinator  : [Consumer clientId=consumer-MS_Dossier-2, groupId=MS_Dossier] Request joining group due to: need to re-join with the given member-id: consumer-MS_Dossier-2-1b02d6bb-9e02-47ba-87d1-d1acb7a6e465
2025-01-29T12:39:58.332+03:00  INFO 2996 --- [MS_Dossier] [finish-registration-listener-0-C-1] o.a.k.c.c.internals.ConsumerCoordinator  : [Consumer clientId=consumer-MS_Dossier-2, groupId=MS_Dossier] (Re-)joining group
2025-01-29T12:40:00.991+03:00  INFO 2996 --- [MS_Dossier] [statement-denied-listener-0-C-1] o.a.k.c.c.internals.ConsumerCoordinator  : [Consumer clientId=consumer-MS_Dossier-4, groupId=MS_Dossier] Successfully joined group with generation Generation{generationId=180, memberId='consumer-MS_Dossier-4-869df76d-49d6-4d3d-b7cd-1cd4b63d45a6', protocol='range'}
2025-01-29T12:40:00.991+03:00  INFO 2996 --- [MS_Dossier] [send-documents-listener-0-C-1] o.a.k.c.c.internals.ConsumerCoordinator  : [Consumer clientId=consumer-MS_Dossier-3, groupId=MS_Dossier] Successfully joined group with generation Generation{generationId=180, memberId='consumer-MS_Dossier-3-f8591e87-0d0e-4b9b-af5c-80a8d1d8504d', protocol='range'}
2025-01-29T12:40:00.992+03:00  INFO 2996 --- [MS_Dossier] [send-ses-listener-0-C-1] o.a.k.c.c.internals.ConsumerCoordinator  : [Consumer clientId=consumer-MS_Dossier-1, groupId=MS_Dossier] Successfully joined group with generation Generation{generationId=180, memberId='consumer-MS_Dossier-1-92858ad5-9da6-40a3-ac5f-dfc952457920', protocol='range'}
2025-01-29T12:40:00.992+03:00  INFO 2996 --- [MS_Dossier] [create-documents-listener-0-C-1] o.a.k.c.c.internals.ConsumerCoordinator  : [Consumer clientId=consumer-MS_Dossier-6, groupId=MS_Dossier] Successfully joined group with generation Generation{generationId=180, memberId='consumer-MS_Dossier-6-f52536a0-094e-470e-a2a8-b19921a2bfb7', protocol='range'}
2025-01-29T12:40:00.992+03:00  INFO 2996 --- [MS_Dossier] [finish-registration-listener-0-C-1] o.a.k.c.c.internals.ConsumerCoordinator  : [Consumer clientId=consumer-MS_Dossier-2, groupId=MS_Dossier] Successfully joined group with generation Generation{generationId=180, memberId='consumer-MS_Dossier-2-1b02d6bb-9e02-47ba-87d1-d1acb7a6e465', protocol='range'}
2025-01-29T12:40:00.992+03:00  INFO 2996 --- [MS_Dossier] [credit-issued-listener-0-C-1] o.a.k.c.c.internals.ConsumerCoordinator  : [Consumer clientId=consumer-MS_Dossier-5, groupId=MS_Dossier] Successfully joined group with generation Generation{generationId=180, memberId='consumer-MS_Dossier-5-184dd0bb-c2d0-4cde-94ba-23e8513f9923', protocol='range'}
2025-01-29T12:40:01.008+03:00  INFO 2996 --- [MS_Dossier] [statement-denied-listener-0-C-1] o.a.k.c.c.internals.ConsumerCoordinator  : [Consumer clientId=consumer-MS_Dossier-4, groupId=MS_Dossier] Finished assignment for group at generation 180: {consumer-MS_Dossier-4-869df76d-49d6-4d3d-b7cd-1cd4b63d45a6=Assignment(partitions=[statement-denied-0]), consumer-MS_Dossier-3-f8591e87-0d0e-4b9b-af5c-80a8d1d8504d=Assignment(partitions=[send-documents-0]), consumer-MS_Dossier-1-92858ad5-9da6-40a3-ac5f-dfc952457920=Assignment(partitions=[send-ses-0]), consumer-MS_Dossier-5-184dd0bb-c2d0-4cde-94ba-23e8513f9923=Assignment(partitions=[credit-issued-0]), consumer-MS_Dossier-6-f52536a0-094e-470e-a2a8-b19921a2bfb7=Assignment(partitions=[create-documents-0]), consumer-MS_Dossier-2-1b02d6bb-9e02-47ba-87d1-d1acb7a6e465=Assignment(partitions=[finish-registration-0])}
2025-01-29T12:40:01.054+03:00  INFO 2996 --- [MS_Dossier] [send-documents-listener-0-C-1] o.a.k.c.c.internals.ConsumerCoordinator  : [Consumer clientId=consumer-MS_Dossier-3, groupId=MS_Dossier] Successfully synced group in generation Generation{generationId=180, memberId='consumer-MS_Dossier-3-f8591e87-0d0e-4b9b-af5c-80a8d1d8504d', protocol='range'}
2025-01-29T12:40:01.054+03:00  INFO 2996 --- [MS_Dossier] [send-documents-listener-0-C-1] o.a.k.c.c.internals.ConsumerCoordinator  : [Consumer clientId=consumer-MS_Dossier-3, groupId=MS_Dossier] Notifying assignor about the new Assignment(partitions=[send-documents-0])
2025-01-29T12:40:01.054+03:00  INFO 2996 --- [MS_Dossier] [send-ses-listener-0-C-1] o.a.k.c.c.internals.ConsumerCoordinator  : [Consumer clientId=consumer-MS_Dossier-1, groupId=MS_Dossier] Successfully synced group in generation Generation{generationId=180, memberId='consumer-MS_Dossier-1-92858ad5-9da6-40a3-ac5f-dfc952457920', protocol='range'}
2025-01-29T12:40:01.054+03:00  INFO 2996 --- [MS_Dossier] [send-ses-listener-0-C-1] o.a.k.c.c.internals.ConsumerCoordinator  : [Consumer clientId=consumer-MS_Dossier-1, groupId=MS_Dossier] Notifying assignor about the new Assignment(partitions=[send-ses-0])
2025-01-29T12:40:01.054+03:00  INFO 2996 --- [MS_Dossier] [create-documents-listener-0-C-1] o.a.k.c.c.internals.ConsumerCoordinator  : [Consumer clientId=consumer-MS_Dossier-6, groupId=MS_Dossier] Successfully synced group in generation Generation{generationId=180, memberId='consumer-MS_Dossier-6-f52536a0-094e-470e-a2a8-b19921a2bfb7', protocol='range'}
2025-01-29T12:40:01.055+03:00  INFO 2996 --- [MS_Dossier] [statement-denied-listener-0-C-1] o.a.k.c.c.internals.ConsumerCoordinator  : [Consumer clientId=consumer-MS_Dossier-4, groupId=MS_Dossier] Successfully synced group in generation Generation{generationId=180, memberId='consumer-MS_Dossier-4-869df76d-49d6-4d3d-b7cd-1cd4b63d45a6', protocol='range'}
2025-01-29T12:40:01.055+03:00  INFO 2996 --- [MS_Dossier] [statement-denied-listener-0-C-1] o.a.k.c.c.internals.ConsumerCoordinator  : [Consumer clientId=consumer-MS_Dossier-4, groupId=MS_Dossier] Notifying assignor about the new Assignment(partitions=[statement-denied-0])
2025-01-29T12:40:01.055+03:00  INFO 2996 --- [MS_Dossier] [create-documents-listener-0-C-1] o.a.k.c.c.internals.ConsumerCoordinator  : [Consumer clientId=consumer-MS_Dossier-6, groupId=MS_Dossier] Notifying assignor about the new Assignment(partitions=[create-documents-0])
2025-01-29T12:40:01.056+03:00  INFO 2996 --- [MS_Dossier] [credit-issued-listener-0-C-1] o.a.k.c.c.internals.ConsumerCoordinator  : [Consumer clientId=consumer-MS_Dossier-5, groupId=MS_Dossier] Successfully synced group in generation Generation{generationId=180, memberId='consumer-MS_Dossier-5-184dd0bb-c2d0-4cde-94ba-23e8513f9923', protocol='range'}
2025-01-29T12:40:01.056+03:00  INFO 2996 --- [MS_Dossier] [finish-registration-listener-0-C-1] o.a.k.c.c.internals.ConsumerCoordinator  : [Consumer clientId=consumer-MS_Dossier-2, groupId=MS_Dossier] Successfully synced group in generation Generation{generationId=180, memberId='consumer-MS_Dossier-2-1b02d6bb-9e02-47ba-87d1-d1acb7a6e465', protocol='range'}
2025-01-29T12:40:01.056+03:00  INFO 2996 --- [MS_Dossier] [credit-issued-listener-0-C-1] o.a.k.c.c.internals.ConsumerCoordinator  : [Consumer clientId=consumer-MS_Dossier-5, groupId=MS_Dossier] Notifying assignor about the new Assignment(partitions=[credit-issued-0])
2025-01-29T12:40:01.056+03:00  INFO 2996 --- [MS_Dossier] [finish-registration-listener-0-C-1] o.a.k.c.c.internals.ConsumerCoordinator  : [Consumer clientId=consumer-MS_Dossier-2, groupId=MS_Dossier] Notifying assignor about the new Assignment(partitions=[finish-registration-0])
2025-01-29T12:40:01.059+03:00  INFO 2996 --- [MS_Dossier] [credit-issued-listener-0-C-1] k.c.c.i.ConsumerRebalanceListenerInvoker : [Consumer clientId=consumer-MS_Dossier-5, groupId=MS_Dossier] Adding newly assigned partitions: credit-issued-0
2025-01-29T12:40:01.059+03:00  INFO 2996 --- [MS_Dossier] [send-documents-listener-0-C-1] k.c.c.i.ConsumerRebalanceListenerInvoker : [Consumer clientId=consumer-MS_Dossier-3, groupId=MS_Dossier] Adding newly assigned partitions: send-documents-0
2025-01-29T12:40:01.059+03:00  INFO 2996 --- [MS_Dossier] [create-documents-listener-0-C-1] k.c.c.i.ConsumerRebalanceListenerInvoker : [Consumer clientId=consumer-MS_Dossier-6, groupId=MS_Dossier] Adding newly assigned partitions: create-documents-0
2025-01-29T12:40:01.059+03:00  INFO 2996 --- [MS_Dossier] [finish-registration-listener-0-C-1] k.c.c.i.ConsumerRebalanceListenerInvoker : [Consumer clientId=consumer-MS_Dossier-2, groupId=MS_Dossier] Adding newly assigned partitions: finish-registration-0
2025-01-29T12:40:01.059+03:00  INFO 2996 --- [MS_Dossier] [statement-denied-listener-0-C-1] k.c.c.i.ConsumerRebalanceListenerInvoker : [Consumer clientId=consumer-MS_Dossier-4, groupId=MS_Dossier] Adding newly assigned partitions: statement-denied-0
2025-01-29T12:40:01.059+03:00  INFO 2996 --- [MS_Dossier] [send-ses-listener-0-C-1] k.c.c.i.ConsumerRebalanceListenerInvoker : [Consumer clientId=consumer-MS_Dossier-1, groupId=MS_Dossier] Adding newly assigned partitions: send-ses-0
2025-01-29T12:40:01.082+03:00  INFO 2996 --- [MS_Dossier] [credit-issued-listener-0-C-1] o.a.k.c.c.internals.ConsumerUtils        : Setting offset for partition credit-issued-0 to the committed offset FetchPosition{offset=2, offsetEpoch=Optional.empty, currentLeader=LeaderAndEpoch{leader=Optional[localhost:9092 (id: 1 rack: null)], epoch=0}}
2025-01-29T12:40:01.082+03:00  INFO 2996 --- [MS_Dossier] [finish-registration-listener-0-C-1] o.a.k.c.c.internals.ConsumerUtils        : Setting offset for partition finish-registration-0 to the committed offset FetchPosition{offset=9, offsetEpoch=Optional.empty, currentLeader=LeaderAndEpoch{leader=Optional[localhost:9092 (id: 1 rack: null)], epoch=0}}
2025-01-29T12:40:01.082+03:00  INFO 2996 --- [MS_Dossier] [create-documents-listener-0-C-1] o.a.k.c.c.internals.ConsumerUtils        : Setting offset for partition create-documents-0 to the committed offset FetchPosition{offset=4, offsetEpoch=Optional.empty, currentLeader=LeaderAndEpoch{leader=Optional[localhost:9092 (id: 1 rack: null)], epoch=0}}
2025-01-29T12:40:01.082+03:00  INFO 2996 --- [MS_Dossier] [statement-denied-listener-0-C-1] o.a.k.c.c.internals.ConsumerUtils        : Setting offset for partition statement-denied-0 to the committed offset FetchPosition{offset=19, offsetEpoch=Optional.empty, currentLeader=LeaderAndEpoch{leader=Optional[localhost:9092 (id: 1 rack: null)], epoch=0}}
2025-01-29T12:40:01.082+03:00  INFO 2996 --- [MS_Dossier] [send-documents-listener-0-C-1] o.a.k.c.c.internals.ConsumerUtils        : Setting offset for partition send-documents-0 to the committed offset FetchPosition{offset=23, offsetEpoch=Optional.empty, currentLeader=LeaderAndEpoch{leader=Optional[localhost:9092 (id: 1 rack: null)], epoch=0}}
2025-01-29T12:40:01.082+03:00  INFO 2996 --- [MS_Dossier] [send-ses-listener-0-C-1] o.a.k.c.c.internals.ConsumerUtils        : Setting offset for partition send-ses-0 to the committed offset FetchPosition{offset=4, offsetEpoch=Optional.empty, currentLeader=LeaderAndEpoch{leader=Optional[localhost:9092 (id: 1 rack: null)], epoch=0}}
2025-01-29T12:40:01.085+03:00  INFO 2996 --- [MS_Dossier] [finish-registration-listener-0-C-1] o.s.k.l.KafkaMessageListenerContainer    : MS_Dossier: partitions assigned: [finish-registration-0]
2025-01-29T12:40:01.085+03:00  INFO 2996 --- [MS_Dossier] [create-documents-listener-0-C-1] o.s.k.l.KafkaMessageListenerContainer    : MS_Dossier: partitions assigned: [create-documents-0]
2025-01-29T12:40:01.085+03:00  INFO 2996 --- [MS_Dossier] [credit-issued-listener-0-C-1] o.s.k.l.KafkaMessageListenerContainer    : MS_Dossier: partitions assigned: [credit-issued-0]
2025-01-29T12:40:01.085+03:00  INFO 2996 --- [MS_Dossier] [statement-denied-listener-0-C-1] o.s.k.l.KafkaMessageListenerContainer    : MS_Dossier: partitions assigned: [statement-denied-0]
2025-01-29T12:40:01.085+03:00  INFO 2996 --- [MS_Dossier] [send-documents-listener-0-C-1] o.s.k.l.KafkaMessageListenerContainer    : MS_Dossier: partitions assigned: [send-documents-0]
2025-01-29T12:40:01.086+03:00  INFO 2996 --- [MS_Dossier] [send-ses-listener-0-C-1] o.s.k.l.KafkaMessageListenerContainer    : MS_Dossier: partitions assigned: [send-ses-0]
2025-01-29T12:40:31.105+03:00  INFO 2996 --- [MS_Dossier] [send-documents-listener-0-C-1] r.d.k.listeners.KafkaConsumerListeners   : Received Message from send-documents: EmailMessageDto(address=kabacheknikita04@gmail.com, theme=sendDocuments, statementId=001591af-c9ba-450b-b7db-6386b1b0ece1, text=Документы отправлены)
2025-01-29T12:40:42.892+03:00  INFO 2996 --- [MS_Dossier] [send-documents-listener-0-C-1] ru.dossier.email.service.EmailService    : Отправлено письмо на почту: kabacheknikita04@gmail.com, на тему: Документы отправлены, сообщение: Документы отправлены
2025-01-29T12:40:53.796+03:00  INFO 2996 --- [MS_Dossier] [finish-registration-listener-0-C-1] k.c.c.i.ConsumerRebalanceListenerInvoker : [Consumer clientId=consumer-MS_Dossier-2, groupId=MS_Dossier] Revoke previously assigned partitions finish-registration-0
2025-01-29T12:40:53.796+03:00  INFO 2996 --- [MS_Dossier] [create-documents-listener-0-C-1] k.c.c.i.ConsumerRebalanceListenerInvoker : [Consumer clientId=consumer-MS_Dossier-6, groupId=MS_Dossier] Revoke previously assigned partitions create-documents-0
2025-01-29T12:40:53.796+03:00  INFO 2996 --- [MS_Dossier] [send-documents-listener-0-C-1] k.c.c.i.ConsumerRebalanceListenerInvoker : [Consumer clientId=consumer-MS_Dossier-3, groupId=MS_Dossier] Revoke previously assigned partitions send-documents-0
2025-01-29T12:40:53.796+03:00  INFO 2996 --- [MS_Dossier] [statement-denied-listener-0-C-1] k.c.c.i.ConsumerRebalanceListenerInvoker : [Consumer clientId=consumer-MS_Dossier-4, groupId=MS_Dossier] Revoke previously assigned partitions statement-denied-0
2025-01-29T12:40:53.797+03:00  INFO 2996 --- [MS_Dossier] [finish-registration-listener-0-C-1] o.s.k.l.KafkaMessageListenerContainer    : MS_Dossier: partitions revoked: [finish-registration-0]
2025-01-29T12:40:53.796+03:00  INFO 2996 --- [MS_Dossier] [send-ses-listener-0-C-1] k.c.c.i.ConsumerRebalanceListenerInvoker : [Consumer clientId=consumer-MS_Dossier-1, groupId=MS_Dossier] Revoke previously assigned partitions send-ses-0
2025-01-29T12:40:53.796+03:00  INFO 2996 --- [MS_Dossier] [credit-issued-listener-0-C-1] k.c.c.i.ConsumerRebalanceListenerInvoker : [Consumer clientId=consumer-MS_Dossier-5, groupId=MS_Dossier] Revoke previously assigned partitions credit-issued-0
2025-01-29T12:40:53.797+03:00  INFO 2996 --- [MS_Dossier] [send-ses-listener-0-C-1] o.s.k.l.KafkaMessageListenerContainer    : MS_Dossier: partitions revoked: [send-ses-0]
2025-01-29T12:40:53.797+03:00  INFO 2996 --- [MS_Dossier] [credit-issued-listener-0-C-1] o.s.k.l.KafkaMessageListenerContainer    : MS_Dossier: partitions revoked: [credit-issued-0]
2025-01-29T12:40:53.797+03:00  INFO 2996 --- [MS_Dossier] [create-documents-listener-0-C-1] o.s.k.l.KafkaMessageListenerContainer    : MS_Dossier: partitions revoked: [create-documents-0]
2025-01-29T12:40:53.797+03:00  INFO 2996 --- [MS_Dossier] [finish-registration-listener-0-C-1] o.a.k.c.c.internals.ConsumerCoordinator  : [Consumer clientId=consumer-MS_Dossier-2, groupId=MS_Dossier] Member consumer-MS_Dossier-2-1b02d6bb-9e02-47ba-87d1-d1acb7a6e465 sending LeaveGroup request to coordinator localhost:9092 (id: 2147483646 rack: null) due to the consumer unsubscribed from all topics
2025-01-29T12:40:53.797+03:00  INFO 2996 --- [MS_Dossier] [credit-issued-listener-0-C-1] o.a.k.c.c.internals.ConsumerCoordinator  : [Consumer clientId=consumer-MS_Dossier-5, groupId=MS_Dossier] Member consumer-MS_Dossier-5-184dd0bb-c2d0-4cde-94ba-23e8513f9923 sending LeaveGroup request to coordinator localhost:9092 (id: 2147483646 rack: null) due to the consumer unsubscribed from all topics
2025-01-29T12:40:53.797+03:00  INFO 2996 --- [MS_Dossier] [create-documents-listener-0-C-1] o.a.k.c.c.internals.ConsumerCoordinator  : [Consumer clientId=consumer-MS_Dossier-6, groupId=MS_Dossier] Member consumer-MS_Dossier-6-f52536a0-094e-470e-a2a8-b19921a2bfb7 sending LeaveGroup request to coordinator localhost:9092 (id: 2147483646 rack: null) due to the consumer unsubscribed from all topics
2025-01-29T12:40:53.797+03:00  INFO 2996 --- [MS_Dossier] [send-documents-listener-0-C-1] o.s.k.l.KafkaMessageListenerContainer    : MS_Dossier: partitions revoked: [send-documents-0]
2025-01-29T12:40:53.797+03:00  INFO 2996 --- [MS_Dossier] [statement-denied-listener-0-C-1] o.s.k.l.KafkaMessageListenerContainer    : MS_Dossier: partitions revoked: [statement-denied-0]
2025-01-29T12:40:53.797+03:00  INFO 2996 --- [MS_Dossier] [send-ses-listener-0-C-1] o.a.k.c.c.internals.ConsumerCoordinator  : [Consumer clientId=consumer-MS_Dossier-1, groupId=MS_Dossier] Member consumer-MS_Dossier-1-92858ad5-9da6-40a3-ac5f-dfc952457920 sending LeaveGroup request to coordinator localhost:9092 (id: 2147483646 rack: null) due to the consumer unsubscribed from all topics
2025-01-29T12:40:53.797+03:00  INFO 2996 --- [MS_Dossier] [send-documents-listener-0-C-1] o.a.k.c.c.internals.ConsumerCoordinator  : [Consumer clientId=consumer-MS_Dossier-3, groupId=MS_Dossier] Member consumer-MS_Dossier-3-f8591e87-0d0e-4b9b-af5c-80a8d1d8504d sending LeaveGroup request to coordinator localhost:9092 (id: 2147483646 rack: null) due to the consumer unsubscribed from all topics
2025-01-29T12:40:53.797+03:00  INFO 2996 --- [MS_Dossier] [statement-denied-listener-0-C-1] o.a.k.c.c.internals.ConsumerCoordinator  : [Consumer clientId=consumer-MS_Dossier-4, groupId=MS_Dossier] Member consumer-MS_Dossier-4-869df76d-49d6-4d3d-b7cd-1cd4b63d45a6 sending LeaveGroup request to coordinator localhost:9092 (id: 2147483646 rack: null) due to the consumer unsubscribed from all topics
2025-01-29T12:40:53.797+03:00  INFO 2996 --- [MS_Dossier] [send-documents-listener-0-C-1] o.a.k.c.c.internals.ConsumerCoordinator  : [Consumer clientId=consumer-MS_Dossier-3, groupId=MS_Dossier] Resetting generation and member id due to: consumer pro-actively leaving the group
2025-01-29T12:40:53.797+03:00  INFO 2996 --- [MS_Dossier] [send-documents-listener-0-C-1] o.a.k.c.c.internals.ConsumerCoordinator  : [Consumer clientId=consumer-MS_Dossier-3, groupId=MS_Dossier] Request joining group due to: consumer pro-actively leaving the group
2025-01-29T12:40:53.797+03:00  INFO 2996 --- [MS_Dossier] [finish-registration-listener-0-C-1] o.a.k.c.c.internals.ConsumerCoordinator  : [Consumer clientId=consumer-MS_Dossier-2, groupId=MS_Dossier] Resetting generation and member id due to: consumer pro-actively leaving the group
2025-01-29T12:40:53.798+03:00  INFO 2996 --- [MS_Dossier] [finish-registration-listener-0-C-1] o.a.k.c.c.internals.ConsumerCoordinator  : [Consumer clientId=consumer-MS_Dossier-2, groupId=MS_Dossier] Request joining group due to: consumer pro-actively leaving the group
2025-01-29T12:40:53.797+03:00  INFO 2996 --- [MS_Dossier] [send-ses-listener-0-C-1] o.a.k.c.c.internals.ConsumerCoordinator  : [Consumer clientId=consumer-MS_Dossier-1, groupId=MS_Dossier] Resetting generation and member id due to: consumer pro-actively leaving the group
2025-01-29T12:40:53.798+03:00  INFO 2996 --- [MS_Dossier] [send-ses-listener-0-C-1] o.a.k.c.c.internals.ConsumerCoordinator  : [Consumer clientId=consumer-MS_Dossier-1, groupId=MS_Dossier] Request joining group due to: consumer pro-actively leaving the group
2025-01-29T12:40:53.798+03:00  INFO 2996 --- [MS_Dossier] [send-ses-listener-0-C-1] o.a.k.c.c.internals.LegacyKafkaConsumer  : [Consumer clientId=consumer-MS_Dossier-1, groupId=MS_Dossier] Unsubscribed all topics or patterns and assigned partitions
2025-01-29T12:40:53.797+03:00  INFO 2996 --- [MS_Dossier] [credit-issued-listener-0-C-1] o.a.k.c.c.internals.ConsumerCoordinator  : [Consumer clientId=consumer-MS_Dossier-5, groupId=MS_Dossier] Resetting generation and member id due to: consumer pro-actively leaving the group
2025-01-29T12:40:53.798+03:00  INFO 2996 --- [MS_Dossier] [finish-registration-listener-0-C-1] o.a.k.c.c.internals.LegacyKafkaConsumer  : [Consumer clientId=consumer-MS_Dossier-2, groupId=MS_Dossier] Unsubscribed all topics or patterns and assigned partitions
2025-01-29T12:40:53.798+03:00  INFO 2996 --- [MS_Dossier] [credit-issued-listener-0-C-1] o.a.k.c.c.internals.ConsumerCoordinator  : [Consumer clientId=consumer-MS_Dossier-5, groupId=MS_Dossier] Request joining group due to: consumer pro-actively leaving the group
2025-01-29T12:40:53.798+03:00  INFO 2996 --- [MS_Dossier] [credit-issued-listener-0-C-1] o.a.k.c.c.internals.LegacyKafkaConsumer  : [Consumer clientId=consumer-MS_Dossier-5, groupId=MS_Dossier] Unsubscribed all topics or patterns and assigned partitions
2025-01-29T12:40:53.797+03:00  INFO 2996 --- [MS_Dossier] [statement-denied-listener-0-C-1] o.a.k.c.c.internals.ConsumerCoordinator  : [Consumer clientId=consumer-MS_Dossier-4, groupId=MS_Dossier] Resetting generation and member id due to: consumer pro-actively leaving the group
2025-01-29T12:40:53.798+03:00  INFO 2996 --- [MS_Dossier] [statement-denied-listener-0-C-1] o.a.k.c.c.internals.ConsumerCoordinator  : [Consumer clientId=consumer-MS_Dossier-4, groupId=MS_Dossier] Request joining group due to: consumer pro-actively leaving the group
2025-01-29T12:40:53.798+03:00  INFO 2996 --- [MS_Dossier] [statement-denied-listener-0-C-1] o.a.k.c.c.internals.LegacyKafkaConsumer  : [Consumer clientId=consumer-MS_Dossier-4, groupId=MS_Dossier] Unsubscribed all topics or patterns and assigned partitions
2025-01-29T12:40:53.798+03:00  INFO 2996 --- [MS_Dossier] [send-documents-listener-0-C-1] o.a.k.c.c.internals.LegacyKafkaConsumer  : [Consumer clientId=consumer-MS_Dossier-3, groupId=MS_Dossier] Unsubscribed all topics or patterns and assigned partitions
2025-01-29T12:40:53.798+03:00  INFO 2996 --- [MS_Dossier] [create-documents-listener-0-C-1] o.a.k.c.c.internals.ConsumerCoordinator  : [Consumer clientId=consumer-MS_Dossier-6, groupId=MS_Dossier] Resetting generation and member id due to: consumer pro-actively leaving the group
2025-01-29T12:40:53.798+03:00  INFO 2996 --- [MS_Dossier] [create-documents-listener-0-C-1] o.a.k.c.c.internals.ConsumerCoordinator  : [Consumer clientId=consumer-MS_Dossier-6, groupId=MS_Dossier] Request joining group due to: consumer pro-actively leaving the group
2025-01-29T12:40:53.798+03:00  INFO 2996 --- [MS_Dossier] [create-documents-listener-0-C-1] o.a.k.c.c.internals.LegacyKafkaConsumer  : [Consumer clientId=consumer-MS_Dossier-6, groupId=MS_Dossier] Unsubscribed all topics or patterns and assigned partitions
2025-01-29T12:40:53.800+03:00  INFO 2996 --- [MS_Dossier] [send-ses-listener-0-C-1] o.a.k.c.c.internals.ConsumerCoordinator  : [Consumer clientId=consumer-MS_Dossier-1, groupId=MS_Dossier] Resetting generation and member id due to: consumer pro-actively leaving the group
2025-01-29T12:40:53.800+03:00  INFO 2996 --- [MS_Dossier] [credit-issued-listener-0-C-1] o.a.k.c.c.internals.ConsumerCoordinator  : [Consumer clientId=consumer-MS_Dossier-5, groupId=MS_Dossier] Resetting generation and member id due to: consumer pro-actively leaving the group
2025-01-29T12:40:53.800+03:00  INFO 2996 --- [MS_Dossier] [send-ses-listener-0-C-1] o.a.k.c.c.internals.ConsumerCoordinator  : [Consumer clientId=consumer-MS_Dossier-1, groupId=MS_Dossier] Request joining group due to: consumer pro-actively leaving the group
2025-01-29T12:40:53.800+03:00  INFO 2996 --- [MS_Dossier] [credit-issued-listener-0-C-1] o.a.k.c.c.internals.ConsumerCoordinator  : [Consumer clientId=consumer-MS_Dossier-5, groupId=MS_Dossier] Request joining group due to: consumer pro-actively leaving the group
2025-01-29T12:40:53.800+03:00  INFO 2996 --- [MS_Dossier] [create-documents-listener-0-C-1] o.a.k.c.c.internals.ConsumerCoordinator  : [Consumer clientId=consumer-MS_Dossier-6, groupId=MS_Dossier] Resetting generation and member id due to: consumer pro-actively leaving the group
2025-01-29T12:40:53.800+03:00  INFO 2996 --- [MS_Dossier] [create-documents-listener-0-C-1] o.a.k.c.c.internals.ConsumerCoordinator  : [Consumer clientId=consumer-MS_Dossier-6, groupId=MS_Dossier] Request joining group due to: consumer pro-actively leaving the group
2025-01-29T12:40:53.800+03:00  INFO 2996 --- [MS_Dossier] [statement-denied-listener-0-C-1] o.a.k.c.c.internals.ConsumerCoordinator  : [Consumer clientId=consumer-MS_Dossier-4, groupId=MS_Dossier] Resetting generation and member id due to: consumer pro-actively leaving the group
2025-01-29T12:40:53.800+03:00  INFO 2996 --- [MS_Dossier] [statement-denied-listener-0-C-1] o.a.k.c.c.internals.ConsumerCoordinator  : [Consumer clientId=consumer-MS_Dossier-4, groupId=MS_Dossier] Request joining group due to: consumer pro-actively leaving the group
2025-01-29T12:40:53.800+03:00  INFO 2996 --- [MS_Dossier] [finish-registration-listener-0-C-1] o.a.k.c.c.internals.ConsumerCoordinator  : [Consumer clientId=consumer-MS_Dossier-2, groupId=MS_Dossier] Resetting generation and member id due to: consumer pro-actively leaving the group
2025-01-29T12:40:53.800+03:00  INFO 2996 --- [MS_Dossier] [finish-registration-listener-0-C-1] o.a.k.c.c.internals.ConsumerCoordinator  : [Consumer clientId=consumer-MS_Dossier-2, groupId=MS_Dossier] Request joining group due to: consumer pro-actively leaving the group
2025-01-29T12:40:53.801+03:00  INFO 2996 --- [MS_Dossier] [send-documents-listener-0-C-1] o.a.k.c.c.internals.ConsumerCoordinator  : [Consumer clientId=consumer-MS_Dossier-3, groupId=MS_Dossier] Resetting generation and member id due to: consumer pro-actively leaving the group
2025-01-29T12:40:53.801+03:00  INFO 2996 --- [MS_Dossier] [send-documents-listener-0-C-1] o.a.k.c.c.internals.ConsumerCoordinator  : [Consumer clientId=consumer-MS_Dossier-3, groupId=MS_Dossier] Request joining group due to: consumer pro-actively leaving the group
2025-01-29T12:40:53.860+03:00  INFO 2996 --- [MS_Dossier] [finish-registration-listener-0-C-1] o.apache.kafka.common.metrics.Metrics    : Metrics scheduler closed
2025-01-29T12:40:53.860+03:00  INFO 2996 --- [MS_Dossier] [send-ses-listener-0-C-1] o.apache.kafka.common.metrics.Metrics    : Metrics scheduler closed
2025-01-29T12:40:53.860+03:00  INFO 2996 --- [MS_Dossier] [credit-issued-listener-0-C-1] o.apache.kafka.common.metrics.Metrics    : Metrics scheduler closed
2025-01-29T12:40:53.860+03:00  INFO 2996 --- [MS_Dossier] [create-documents-listener-0-C-1] o.apache.kafka.common.metrics.Metrics    : Metrics scheduler closed
2025-01-29T12:40:53.860+03:00  INFO 2996 --- [MS_Dossier] [finish-registration-listener-0-C-1] o.apache.kafka.common.metrics.Metrics    : Closing reporter org.apache.kafka.common.metrics.JmxReporter
2025-01-29T12:40:53.860+03:00  INFO 2996 --- [MS_Dossier] [create-documents-listener-0-C-1] o.apache.kafka.common.metrics.Metrics    : Closing reporter org.apache.kafka.common.metrics.JmxReporter
2025-01-29T12:40:53.860+03:00  INFO 2996 --- [MS_Dossier] [send-ses-listener-0-C-1] o.apache.kafka.common.metrics.Metrics    : Closing reporter org.apache.kafka.common.metrics.JmxReporter
2025-01-29T12:40:53.860+03:00  INFO 2996 --- [MS_Dossier] [credit-issued-listener-0-C-1] o.apache.kafka.common.metrics.Metrics    : Closing reporter org.apache.kafka.common.metrics.JmxReporter
2025-01-29T12:40:53.860+03:00  INFO 2996 --- [MS_Dossier] [finish-registration-listener-0-C-1] o.apache.kafka.common.metrics.Metrics    : Closing reporter org.apache.kafka.common.telemetry.internals.ClientTelemetryReporter
2025-01-29T12:40:53.860+03:00  INFO 2996 --- [MS_Dossier] [send-ses-listener-0-C-1] o.apache.kafka.common.metrics.Metrics    : Closing reporter org.apache.kafka.common.telemetry.internals.ClientTelemetryReporter
2025-01-29T12:40:53.860+03:00  INFO 2996 --- [MS_Dossier] [finish-registration-listener-0-C-1] o.apache.kafka.common.metrics.Metrics    : Metrics reporters closed
2025-01-29T12:40:53.860+03:00  INFO 2996 --- [MS_Dossier] [send-ses-listener-0-C-1] o.apache.kafka.common.metrics.Metrics    : Metrics reporters closed
2025-01-29T12:40:53.860+03:00  INFO 2996 --- [MS_Dossier] [credit-issued-listener-0-C-1] o.apache.kafka.common.metrics.Metrics    : Closing reporter org.apache.kafka.common.telemetry.internals.ClientTelemetryReporter
2025-01-29T12:40:53.860+03:00  INFO 2996 --- [MS_Dossier] [credit-issued-listener-0-C-1] o.apache.kafka.common.metrics.Metrics    : Metrics reporters closed
2025-01-29T12:40:53.860+03:00  INFO 2996 --- [MS_Dossier] [create-documents-listener-0-C-1] o.apache.kafka.common.metrics.Metrics    : Closing reporter org.apache.kafka.common.telemetry.internals.ClientTelemetryReporter
2025-01-29T12:40:53.860+03:00  INFO 2996 --- [MS_Dossier] [create-documents-listener-0-C-1] o.apache.kafka.common.metrics.Metrics    : Metrics reporters closed
2025-01-29T12:40:53.868+03:00  INFO 2996 --- [MS_Dossier] [credit-issued-listener-0-C-1] o.a.kafka.common.utils.AppInfoParser     : App info kafka.consumer for consumer-MS_Dossier-5 unregistered
2025-01-29T12:40:53.868+03:00  INFO 2996 --- [MS_Dossier] [send-ses-listener-0-C-1] o.a.kafka.common.utils.AppInfoParser     : App info kafka.consumer for consumer-MS_Dossier-1 unregistered
2025-01-29T12:40:53.868+03:00  INFO 2996 --- [MS_Dossier] [finish-registration-listener-0-C-1] o.a.kafka.common.utils.AppInfoParser     : App info kafka.consumer for consumer-MS_Dossier-2 unregistered
2025-01-29T12:40:53.868+03:00  INFO 2996 --- [MS_Dossier] [finish-registration-listener-0-C-1] o.s.k.l.KafkaMessageListenerContainer    : MS_Dossier: Consumer stopped
2025-01-29T12:40:53.868+03:00  INFO 2996 --- [MS_Dossier] [send-ses-listener-0-C-1] o.s.k.l.KafkaMessageListenerContainer    : MS_Dossier: Consumer stopped
2025-01-29T12:40:53.868+03:00  INFO 2996 --- [MS_Dossier] [credit-issued-listener-0-C-1] o.s.k.l.KafkaMessageListenerContainer    : MS_Dossier: Consumer stopped
2025-01-29T12:40:53.868+03:00  INFO 2996 --- [MS_Dossier] [create-documents-listener-0-C-1] o.a.kafka.common.utils.AppInfoParser     : App info kafka.consumer for consumer-MS_Dossier-6 unregistered
2025-01-29T12:40:53.868+03:00  INFO 2996 --- [MS_Dossier] [create-documents-listener-0-C-1] o.s.k.l.KafkaMessageListenerContainer    : MS_Dossier: Consumer stopped
2025-01-29T12:40:53.925+03:00  INFO 2996 --- [MS_Dossier] [statement-denied-listener-0-C-1] o.apache.kafka.common.metrics.Metrics    : Metrics scheduler closed
2025-01-29T12:40:53.925+03:00  INFO 2996 --- [MS_Dossier] [statement-denied-listener-0-C-1] o.apache.kafka.common.metrics.Metrics    : Closing reporter org.apache.kafka.common.metrics.JmxReporter
2025-01-29T12:40:53.925+03:00  INFO 2996 --- [MS_Dossier] [statement-denied-listener-0-C-1] o.apache.kafka.common.metrics.Metrics    : Closing reporter org.apache.kafka.common.telemetry.internals.ClientTelemetryReporter
2025-01-29T12:40:53.925+03:00  INFO 2996 --- [MS_Dossier] [statement-denied-listener-0-C-1] o.apache.kafka.common.metrics.Metrics    : Metrics reporters closed
2025-01-29T12:40:53.927+03:00  INFO 2996 --- [MS_Dossier] [statement-denied-listener-0-C-1] o.a.kafka.common.utils.AppInfoParser     : App info kafka.consumer for consumer-MS_Dossier-4 unregistered
2025-01-29T12:40:53.927+03:00  INFO 2996 --- [MS_Dossier] [statement-denied-listener-0-C-1] o.s.k.l.KafkaMessageListenerContainer    : MS_Dossier: Consumer stopped
2025-01-29T12:40:53.963+03:00  INFO 2996 --- [MS_Dossier] [send-documents-listener-0-C-1] o.apache.kafka.common.metrics.Metrics    : Metrics scheduler closed
2025-01-29T12:40:53.963+03:00  INFO 2996 --- [MS_Dossier] [send-documents-listener-0-C-1] o.apache.kafka.common.metrics.Metrics    : Closing reporter org.apache.kafka.common.metrics.JmxReporter
2025-01-29T12:40:53.963+03:00  INFO 2996 --- [MS_Dossier] [send-documents-listener-0-C-1] o.apache.kafka.common.metrics.Metrics    : Closing reporter org.apache.kafka.common.telemetry.internals.ClientTelemetryReporter
2025-01-29T12:40:53.963+03:00  INFO 2996 --- [MS_Dossier] [send-documents-listener-0-C-1] o.apache.kafka.common.metrics.Metrics    : Metrics reporters closed
2025-01-29T12:40:53.965+03:00  INFO 2996 --- [MS_Dossier] [send-documents-listener-0-C-1] o.a.kafka.common.utils.AppInfoParser     : App info kafka.consumer for consumer-MS_Dossier-3 unregistered
2025-01-29T12:40:53.965+03:00  INFO 2996 --- [MS_Dossier] [send-documents-listener-0-C-1] o.s.k.l.KafkaMessageListenerContainer    : MS_Dossier: Consumer stopped
2025-01-29T12:40:53.975+03:00  INFO 2996 --- [MS_Dossier] [SpringApplicationShutdownHook] j.LocalContainerEntityManagerFactoryBean : Closing JPA EntityManagerFactory for persistence unit 'default'
2025-01-29T12:40:53.984+03:00  WARN 2996 --- [MS_Dossier] [SpringApplicationShutdownHook] o.s.b.f.support.DisposableBeanAdapter    : Invocation of destroy method failed on bean with name 'inMemoryDatabaseShutdownExecutor': org.h2.jdbc.JdbcSQLNonTransientConnectionException: База данных уже закрыта (чтобы отключить автоматическое закрытие базы данных при останове JVM, добавьте ";DB_CLOSE_ON_EXIT=FALSE" в URL)
Database is already closed (to disable automatic closing at VM shutdown, add ";DB_CLOSE_ON_EXIT=FALSE" to the db URL) [90121-224]
2025-01-29T12:40:53.985+03:00  INFO 2996 --- [MS_Dossier] [SpringApplicationShutdownHook] com.zaxxer.hikari.HikariDataSource       : HikariPool-1 - Shutdown initiated...
2025-01-29T12:40:53.989+03:00  INFO 2996 --- [MS_Dossier] [SpringApplicationShutdownHook] com.zaxxer.hikari.HikariDataSource       : HikariPool-1 - Shutdown completed.
