2025-01-28T19:39:45.682+03:00  INFO 22444 --- [MS_Gateway] [restartedMain] ru.gateway.GatewayApplication            : Starting GatewayApplication using Java 21.0.2 with PID 22444 (D:\Проекты\NeoFlex\Calculator_Neoflex\MS_Gateway\target\classes started by Admin in D:\Проекты\NeoFlex\Calculator_Neoflex)
2025-01-28T19:39:45.685+03:00  INFO 22444 --- [MS_Gateway] [restartedMain] ru.gateway.GatewayApplication            : No active profile set, falling back to 1 default profile: "default"
2025-01-28T19:39:45.747+03:00  INFO 22444 --- [MS_Gateway] [restartedMain] .e.DevToolsPropertyDefaultsPostProcessor : Devtools property defaults active! Set 'spring.devtools.add-properties' to 'false' to disable
2025-01-28T19:39:45.747+03:00  INFO 22444 --- [MS_Gateway] [restartedMain] .e.DevToolsPropertyDefaultsPostProcessor : For additional web related logging consider setting the 'logging.level.web' property to 'DEBUG'
2025-01-28T19:39:46.919+03:00  INFO 22444 --- [MS_Gateway] [restartedMain] .s.d.r.c.RepositoryConfigurationDelegate : Bootstrapping Spring Data JPA repositories in DEFAULT mode.
2025-01-28T19:39:46.948+03:00  INFO 22444 --- [MS_Gateway] [restartedMain] .s.d.r.c.RepositoryConfigurationDelegate : Finished Spring Data repository scanning in 18 ms. Found 0 JPA repository interfaces.
2025-01-28T19:39:47.286+03:00  INFO 22444 --- [MS_Gateway] [restartedMain] o.s.cloud.context.scope.GenericScope     : BeanFactory id=a1a95b22-c201-3d42-a55c-a4fe70eeb23b
2025-01-28T19:39:47.888+03:00  INFO 22444 --- [MS_Gateway] [restartedMain] o.s.b.w.embedded.tomcat.TomcatWebServer  : Tomcat initialized with port 8084 (http)
2025-01-28T19:39:47.904+03:00  INFO 22444 --- [MS_Gateway] [restartedMain] o.apache.catalina.core.StandardService   : Starting service [Tomcat]
2025-01-28T19:39:47.904+03:00  INFO 22444 --- [MS_Gateway] [restartedMain] o.apache.catalina.core.StandardEngine    : Starting Servlet engine: [Apache Tomcat/10.1.31]
2025-01-28T19:39:47.979+03:00  INFO 22444 --- [MS_Gateway] [restartedMain] o.a.c.c.C.[Tomcat].[localhost].[/]       : Initializing Spring embedded WebApplicationContext
2025-01-28T19:39:47.979+03:00  INFO 22444 --- [MS_Gateway] [restartedMain] w.s.c.ServletWebServerApplicationContext : Root WebApplicationContext: initialization completed in 2230 ms
2025-01-28T19:39:48.014+03:00  INFO 22444 --- [MS_Gateway] [restartedMain] com.zaxxer.hikari.HikariDataSource       : HikariPool-1 - Starting...
2025-01-28T19:39:48.262+03:00  INFO 22444 --- [MS_Gateway] [restartedMain] com.zaxxer.hikari.pool.HikariPool        : HikariPool-1 - Added connection conn0: url=jdbc:h2:mem:d0a84047-e93b-4bbd-9aa9-f3f309cb9b44 user=SA
2025-01-28T19:39:48.265+03:00  INFO 22444 --- [MS_Gateway] [restartedMain] com.zaxxer.hikari.HikariDataSource       : HikariPool-1 - Start completed.
2025-01-28T19:39:48.276+03:00  INFO 22444 --- [MS_Gateway] [restartedMain] o.s.b.a.h2.H2ConsoleAutoConfiguration    : H2 console available at '/h2-console'. Database available at 'jdbc:h2:mem:d0a84047-e93b-4bbd-9aa9-f3f309cb9b44'
2025-01-28T19:39:48.478+03:00  INFO 22444 --- [MS_Gateway] [restartedMain] liquibase.database                       : Set default schema name to PUBLIC
2025-01-28T19:39:48.824+03:00  INFO 22444 --- [MS_Gateway] [restartedMain] liquibase.command                        : Logging exception.
2025-01-28T19:39:48.824+03:00  INFO 22444 --- [MS_Gateway] [restartedMain] liquibase.ui                             : ERROR: Exception Details
2025-01-28T19:39:48.824+03:00  INFO 22444 --- [MS_Gateway] [restartedMain] liquibase.ui                             : ERROR: Exception Primary Class:  ChangeLogParseException
2025-01-28T19:39:48.825+03:00  INFO 22444 --- [MS_Gateway] [restartedMain] liquibase.ui                             : ERROR: Exception Primary Reason:  classpath:/db/changelog/db.changelog-master.yaml does not exist
2025-01-28T19:39:48.825+03:00  INFO 22444 --- [MS_Gateway] [restartedMain] liquibase.ui                             : ERROR: Exception Primary Source:  4.27.0
2025-01-28T19:39:48.825+03:00  INFO 22444 --- [MS_Gateway] [restartedMain] liquibase.command                        : Command execution complete
2025-01-28T19:39:48.827+03:00  WARN 22444 --- [MS_Gateway] [restartedMain] ConfigServletWebServerApplicationContext : Exception encountered during context initialization - cancelling refresh attempt: org.springframework.beans.factory.BeanCreationException: Error creating bean with name 'entityManagerFactory' defined in class path resource [org/springframework/boot/autoconfigure/orm/jpa/HibernateJpaConfiguration.class]: Failed to initialize dependency 'liquibase' of LoadTimeWeaverAware bean 'entityManagerFactory': Error creating bean with name 'liquibase' defined in class path resource [org/springframework/boot/autoconfigure/liquibase/LiquibaseAutoConfiguration$LiquibaseConfiguration.class]: liquibase.exception.CommandExecutionException: liquibase.exception.ChangeLogParseException: classpath:/db/changelog/db.changelog-master.yaml does not exist
2025-01-28T19:39:48.827+03:00  INFO 22444 --- [MS_Gateway] [restartedMain] com.zaxxer.hikari.HikariDataSource       : HikariPool-1 - Shutdown initiated...
2025-01-28T19:39:48.829+03:00  INFO 22444 --- [MS_Gateway] [restartedMain] com.zaxxer.hikari.HikariDataSource       : HikariPool-1 - Shutdown completed.
2025-01-28T19:39:48.832+03:00  INFO 22444 --- [MS_Gateway] [restartedMain] o.apache.catalina.core.StandardService   : Stopping service [Tomcat]
2025-01-28T19:39:48.846+03:00  INFO 22444 --- [MS_Gateway] [restartedMain] .s.b.a.l.ConditionEvaluationReportLogger : 

Error starting ApplicationContext. To display the condition evaluation report re-run your application with 'debug' enabled.
2025-01-28T19:39:48.885+03:00 ERROR 22444 --- [MS_Gateway] [restartedMain] o.s.b.d.LoggingFailureAnalysisReporter   : 

***************************
APPLICATION FAILED TO START
***************************

Description:

Liquibase failed to start because no changelog could be found at 'classpath:/db/changelog/db.changelog-master.yaml'.

Action:

Make sure a Liquibase changelog is present at the configured path.

2025-01-28T19:40:38.319+03:00  INFO 22172 --- [MS_Gateway] [restartedMain] ru.gateway.GatewayApplication            : Starting GatewayApplication using Java 21.0.2 with PID 22172 (D:\Проекты\NeoFlex\Calculator_Neoflex\MS_Gateway\target\classes started by Admin in D:\Проекты\NeoFlex\Calculator_Neoflex)
2025-01-28T19:40:38.321+03:00  INFO 22172 --- [MS_Gateway] [restartedMain] ru.gateway.GatewayApplication            : No active profile set, falling back to 1 default profile: "default"
2025-01-28T19:40:38.372+03:00  INFO 22172 --- [MS_Gateway] [restartedMain] .e.DevToolsPropertyDefaultsPostProcessor : Devtools property defaults active! Set 'spring.devtools.add-properties' to 'false' to disable
2025-01-28T19:40:38.372+03:00  INFO 22172 --- [MS_Gateway] [restartedMain] .e.DevToolsPropertyDefaultsPostProcessor : For additional web related logging consider setting the 'logging.level.web' property to 'DEBUG'
2025-01-28T19:40:39.348+03:00  INFO 22172 --- [MS_Gateway] [restartedMain] .s.d.r.c.RepositoryConfigurationDelegate : Bootstrapping Spring Data JPA repositories in DEFAULT mode.
2025-01-28T19:40:39.370+03:00  INFO 22172 --- [MS_Gateway] [restartedMain] .s.d.r.c.RepositoryConfigurationDelegate : Finished Spring Data repository scanning in 14 ms. Found 0 JPA repository interfaces.
2025-01-28T19:40:39.607+03:00  INFO 22172 --- [MS_Gateway] [restartedMain] o.s.cloud.context.scope.GenericScope     : BeanFactory id=8f8c229c-2219-334b-8f1d-7fb190c75506
2025-01-28T19:40:40.100+03:00  INFO 22172 --- [MS_Gateway] [restartedMain] o.s.b.w.embedded.tomcat.TomcatWebServer  : Tomcat initialized with port 8084 (http)
2025-01-28T19:40:40.119+03:00  INFO 22172 --- [MS_Gateway] [restartedMain] o.apache.catalina.core.StandardService   : Starting service [Tomcat]
2025-01-28T19:40:40.120+03:00  INFO 22172 --- [MS_Gateway] [restartedMain] o.apache.catalina.core.StandardEngine    : Starting Servlet engine: [Apache Tomcat/10.1.31]
2025-01-28T19:40:40.190+03:00  INFO 22172 --- [MS_Gateway] [restartedMain] o.a.c.c.C.[Tomcat].[localhost].[/]       : Initializing Spring embedded WebApplicationContext
2025-01-28T19:40:40.190+03:00  INFO 22172 --- [MS_Gateway] [restartedMain] w.s.c.ServletWebServerApplicationContext : Root WebApplicationContext: initialization completed in 1817 ms
2025-01-28T19:40:40.218+03:00  INFO 22172 --- [MS_Gateway] [restartedMain] com.zaxxer.hikari.HikariDataSource       : HikariPool-1 - Starting...
2025-01-28T19:40:40.468+03:00  INFO 22172 --- [MS_Gateway] [restartedMain] com.zaxxer.hikari.pool.HikariPool        : HikariPool-1 - Added connection conn0: url=jdbc:h2:mem:ea6ba0e1-92aa-4ab7-a3c2-2d7d1afbd0cd user=SA
2025-01-28T19:40:40.470+03:00  INFO 22172 --- [MS_Gateway] [restartedMain] com.zaxxer.hikari.HikariDataSource       : HikariPool-1 - Start completed.
2025-01-28T19:40:40.480+03:00  INFO 22172 --- [MS_Gateway] [restartedMain] o.s.b.a.h2.H2ConsoleAutoConfiguration    : H2 console available at '/h2-console'. Database available at 'jdbc:h2:mem:ea6ba0e1-92aa-4ab7-a3c2-2d7d1afbd0cd'
2025-01-28T19:40:40.637+03:00  INFO 22172 --- [MS_Gateway] [restartedMain] o.hibernate.jpa.internal.util.LogHelper  : HHH000204: Processing PersistenceUnitInfo [name: default]
2025-01-28T19:40:40.718+03:00  INFO 22172 --- [MS_Gateway] [restartedMain] org.hibernate.Version                    : HHH000412: Hibernate ORM core version 6.5.3.Final
2025-01-28T19:40:40.770+03:00  INFO 22172 --- [MS_Gateway] [restartedMain] o.h.c.internal.RegionFactoryInitiator    : HHH000026: Second-level cache disabled
2025-01-28T19:40:41.145+03:00  INFO 22172 --- [MS_Gateway] [restartedMain] o.s.o.j.p.SpringPersistenceUnitInfo      : No LoadTimeWeaver setup: ignoring JPA class transformer
2025-01-28T19:40:41.618+03:00  INFO 22172 --- [MS_Gateway] [restartedMain] o.h.e.t.j.p.i.JtaPlatformInitiator       : HHH000489: No JTA platform available (set 'hibernate.transaction.jta.platform' to enable JTA platform integration)
2025-01-28T19:40:41.626+03:00  INFO 22172 --- [MS_Gateway] [restartedMain] j.LocalContainerEntityManagerFactoryBean : Initialized JPA EntityManagerFactory for persistence unit 'default'
2025-01-28T19:40:41.834+03:00  WARN 22172 --- [MS_Gateway] [restartedMain] JpaBaseConfiguration$JpaWebConfiguration : spring.jpa.open-in-view is enabled by default. Therefore, database queries may be performed during view rendering. Explicitly configure spring.jpa.open-in-view to disable this warning
2025-01-28T19:40:41.885+03:00  WARN 22172 --- [MS_Gateway] [restartedMain] o.s.b.d.a.OptionalLiveReloadServer       : Unable to start LiveReload server
2025-01-28T19:40:43.531+03:00  INFO 22172 --- [MS_Gateway] [restartedMain] o.s.cloud.commons.util.InetUtils         : Cannot determine local hostname
2025-01-28T19:40:43.594+03:00  INFO 22172 --- [MS_Gateway] [restartedMain] o.s.b.w.embedded.tomcat.TomcatWebServer  : Tomcat started on port 8084 (http) with context path '/'
2025-01-28T19:40:44.602+03:00  INFO 22172 --- [MS_Gateway] [restartedMain] o.s.cloud.commons.util.InetUtils         : Cannot determine local hostname
2025-01-28T19:40:44.608+03:00  INFO 22172 --- [MS_Gateway] [restartedMain] ru.gateway.GatewayApplication            : Started GatewayApplication in 7.786 seconds (process running for 8.533)
2025-01-28T19:41:29.443+03:00  INFO 22172 --- [MS_Gateway] [http-nio-8084-exec-1] o.a.c.c.C.[Tomcat].[localhost].[/]       : Initializing Spring DispatcherServlet 'dispatcherServlet'
2025-01-28T19:41:29.443+03:00  INFO 22172 --- [MS_Gateway] [http-nio-8084-exec-1] o.s.web.servlet.DispatcherServlet        : Initializing Servlet 'dispatcherServlet'
2025-01-28T19:41:29.445+03:00  INFO 22172 --- [MS_Gateway] [http-nio-8084-exec-1] o.s.web.servlet.DispatcherServlet        : Completed initialization in 1 ms
2025-01-28T19:41:29.746+03:00  INFO 22172 --- [MS_Gateway] [http-nio-8084-exec-1] ru.gateway.service.GatewayService        : Запрос к MS Statement: /statement
2025-01-28T19:41:37.643+03:00  WARN 22172 --- [MS_Gateway] [http-nio-8084-exec-3] r.g.exception.StatementExceptionHandler  : Обработка ошибки валидации: Validation failed for argument [0] in public java.util.List<ru.calculator.dto.LoanOfferDto> ru.gateway.controller.GatewayController.initialRegistration(ru.calculator.dto.LoanStatementRequestDto): [Field error in object 'loanStatementRequestDto' on field 'amount': rejected value [1]; codes [Min.loanStatementRequestDto.amount,Min.amount,Min.java.math.BigDecimal,Min]; arguments [org.springframework.context.support.DefaultMessageSourceResolvable: codes [loanStatementRequestDto.amount,amount]; arguments []; default message [amount],20000]; default message [Сумма кредита - действительно число, большее или равное 20000]] 
2025-01-28T19:41:37.644+03:00  INFO 22172 --- [MS_Gateway] [http-nio-8084-exec-3] r.g.exception.StatementExceptionHandler  : Ошибка в поле 'amount': Сумма кредита - действительно число, большее или равное 20000
2025-01-28T19:41:37.652+03:00  WARN 22172 --- [MS_Gateway] [http-nio-8084-exec-3] .m.m.a.ExceptionHandlerExceptionResolver : Resolved [org.springframework.web.bind.MethodArgumentNotValidException: Validation failed for argument [0] in public java.util.List<ru.calculator.dto.LoanOfferDto> ru.gateway.controller.GatewayController.initialRegistration(ru.calculator.dto.LoanStatementRequestDto): [Field error in object 'loanStatementRequestDto' on field 'amount': rejected value [1]; codes [Min.loanStatementRequestDto.amount,Min.amount,Min.java.math.BigDecimal,Min]; arguments [org.springframework.context.support.DefaultMessageSourceResolvable: codes [loanStatementRequestDto.amount,amount]; arguments []; default message [amount],20000]; default message [Сумма кредита - действительно число, большее или равное 20000]] ]
2025-01-28T19:41:59.883+03:00  INFO 22172 --- [MS_Gateway] [http-nio-8084-exec-5] ru.gateway.service.GatewayService        : Запрос к MS Statement: /statement
2025-01-28T19:42:09.699+03:00  INFO 22172 --- [MS_Gateway] [http-nio-8084-exec-10] ru.gateway.service.GatewayService        : Запрос к MS Statement: /statement/offer
2025-01-28T19:42:19.715+03:00  INFO 22172 --- [MS_Gateway] [http-nio-8084-exec-7] ru.gateway.service.GatewayService        : Запрос к MS Deal: /deal/calculate/{statementId}
2025-01-28T19:49:37.458+03:00  INFO 22172 --- [MS_Gateway] [http-nio-8084-exec-4] ru.gateway.service.GatewayService        : Запрос к MS Statement: /statement
2025-01-28T19:49:43.284+03:00  INFO 22172 --- [MS_Gateway] [http-nio-8084-exec-2] ru.gateway.service.GatewayService        : Запрос к MS Statement: /statement/offer
2025-01-28T19:50:44.383+03:00  INFO 22172 --- [MS_Gateway] [http-nio-8084-exec-6] ru.gateway.service.GatewayService        : Запрос к MS Statement: /statement
2025-01-28T19:50:51.308+03:00  INFO 22172 --- [MS_Gateway] [http-nio-8084-exec-5] ru.gateway.service.GatewayService        : Запрос к MS Statement: /statement/offer
2025-01-28T19:50:56.547+03:00  INFO 22172 --- [MS_Gateway] [http-nio-8084-exec-10] ru.gateway.service.GatewayService        : Запрос к MS Deal: /deal/calculate/{statementId}
2025-01-28T19:52:10.691+03:00  INFO 22172 --- [MS_Gateway] [http-nio-8084-exec-9] ru.gateway.service.GatewayService        : Запрос к MS Deal: /deal/document/{statementId}/sign
2025-01-28T19:52:13.728+03:00  INFO 22172 --- [MS_Gateway] [http-nio-8084-exec-4] ru.gateway.service.GatewayService        : Запрос к MS Deal: /deal/document/{statementId}/send
2025-01-28T19:52:25.625+03:00  INFO 22172 --- [MS_Gateway] [http-nio-8084-exec-2] ru.gateway.service.GatewayService        : Запрос к MS Deal: /deal/document/{statementId}/code
2025-01-28T19:53:24.351+03:00  INFO 22172 --- [MS_Gateway] [http-nio-8084-exec-1] ru.gateway.service.GatewayService        : Запрос к MS Deal: /deal/admin/statement/{statementId}
2025-01-28T19:53:24.389+03:00  WARN 22172 --- [MS_Gateway] [http-nio-8084-exec-1] ru.deal.config.FeignErrorDecoder         : Ошибка при вызове микросервиса: DealFeignClient#getStatement(String)
2025-01-28T19:53:24.389+03:00  WARN 22172 --- [MS_Gateway] [http-nio-8084-exec-1] ru.deal.config.FeignErrorDecoder         : Статус: 500
2025-01-28T19:53:24.390+03:00  WARN 22172 --- [MS_Gateway] [http-nio-8084-exec-1] r.g.exception.StatementExceptionHandler  : Ошибка валидации при вызове микросервиса: null
2025-01-28T19:53:24.393+03:00  WARN 22172 --- [MS_Gateway] [http-nio-8084-exec-1] .m.m.a.ExceptionHandlerExceptionResolver : Resolved [ru.deal.exception.FeignValidationException]
2025-01-28T19:54:01.496+03:00  INFO 22172 --- [MS_Gateway] [http-nio-8084-exec-6] ru.gateway.service.GatewayService        : Запрос к MS Deal: /deal/admin/statement/{statementId}
2025-01-28T19:54:01.525+03:00  WARN 22172 --- [MS_Gateway] [http-nio-8084-exec-6] ru.deal.config.FeignErrorDecoder         : Ошибка при вызове микросервиса: DealFeignClient#getStatement(String)
2025-01-28T19:54:01.525+03:00  WARN 22172 --- [MS_Gateway] [http-nio-8084-exec-6] ru.deal.config.FeignErrorDecoder         : Статус: 500
2025-01-28T19:54:01.526+03:00  WARN 22172 --- [MS_Gateway] [http-nio-8084-exec-6] r.g.exception.StatementExceptionHandler  : Ошибка валидации при вызове микросервиса: null
2025-01-28T19:54:01.527+03:00  WARN 22172 --- [MS_Gateway] [http-nio-8084-exec-6] .m.m.a.ExceptionHandlerExceptionResolver : Resolved [ru.deal.exception.FeignValidationException]
2025-01-28T19:55:22.796+03:00  INFO 22172 --- [MS_Gateway] [File Watcher] rtingClassPathChangeChangedEventListener : Restarting due to 1 class path change (0 additions, 1 deletion, 0 modifications)
2025-01-28T19:55:22.810+03:00  INFO 22172 --- [MS_Gateway] [Thread-1] j.LocalContainerEntityManagerFactoryBean : Closing JPA EntityManagerFactory for persistence unit 'default'
2025-01-28T19:55:22.821+03:00  WARN 22172 --- [MS_Gateway] [Thread-1] o.s.b.f.support.DisposableBeanAdapter    : Invocation of destroy method failed on bean with name 'inMemoryDatabaseShutdownExecutor': org.h2.jdbc.JdbcSQLNonTransientConnectionException: База данных уже закрыта (чтобы отключить автоматическое закрытие базы данных при останове JVM, добавьте ";DB_CLOSE_ON_EXIT=FALSE" в URL)
Database is already closed (to disable automatic closing at VM shutdown, add ";DB_CLOSE_ON_EXIT=FALSE" to the db URL) [90121-224]
2025-01-28T19:55:22.822+03:00  INFO 22172 --- [MS_Gateway] [Thread-1] com.zaxxer.hikari.HikariDataSource       : HikariPool-1 - Shutdown initiated...
2025-01-28T19:55:22.825+03:00  INFO 22172 --- [MS_Gateway] [Thread-1] com.zaxxer.hikari.HikariDataSource       : HikariPool-1 - Shutdown completed.
2025-01-28T19:55:23.961+03:00  INFO 22172 --- [MS_Gateway] [restartedMain] ru.gateway.GatewayApplication            : Starting GatewayApplication using Java 21.0.2 with PID 22172 (D:\Проекты\NeoFlex\Calculator_Neoflex\MS_Gateway\target\classes started by Admin in D:\Проекты\NeoFlex\Calculator_Neoflex)
2025-01-28T19:55:23.961+03:00  INFO 22172 --- [MS_Gateway] [restartedMain] ru.gateway.GatewayApplication            : No active profile set, falling back to 1 default profile: "default"
2025-01-28T19:55:24.632+03:00  INFO 22172 --- [MS_Gateway] [restartedMain] .s.d.r.c.RepositoryConfigurationDelegate : Bootstrapping Spring Data JPA repositories in DEFAULT mode.
2025-01-28T19:55:24.639+03:00  INFO 22172 --- [MS_Gateway] [restartedMain] .s.d.r.c.RepositoryConfigurationDelegate : Finished Spring Data repository scanning in 6 ms. Found 0 JPA repository interfaces.
2025-01-28T19:55:24.777+03:00  INFO 22172 --- [MS_Gateway] [restartedMain] o.s.cloud.context.scope.GenericScope     : BeanFactory id=8f8c229c-2219-334b-8f1d-7fb190c75506
2025-01-28T19:55:24.922+03:00  INFO 22172 --- [MS_Gateway] [restartedMain] o.s.b.w.embedded.tomcat.TomcatWebServer  : Tomcat initialized with port 8084 (http)
2025-01-28T19:55:24.924+03:00  INFO 22172 --- [MS_Gateway] [restartedMain] o.apache.catalina.core.StandardService   : Starting service [Tomcat]
2025-01-28T19:55:24.925+03:00  INFO 22172 --- [MS_Gateway] [restartedMain] o.apache.catalina.core.StandardEngine    : Starting Servlet engine: [Apache Tomcat/10.1.31]
2025-01-28T19:55:24.967+03:00  INFO 22172 --- [MS_Gateway] [restartedMain] o.a.c.c.C.[Tomcat].[localhost].[/]       : Initializing Spring embedded WebApplicationContext
2025-01-28T19:55:24.968+03:00  INFO 22172 --- [MS_Gateway] [restartedMain] w.s.c.ServletWebServerApplicationContext : Root WebApplicationContext: initialization completed in 1004 ms
2025-01-28T19:55:24.984+03:00  INFO 22172 --- [MS_Gateway] [restartedMain] com.zaxxer.hikari.HikariDataSource       : HikariPool-2 - Starting...
2025-01-28T19:55:24.986+03:00  INFO 22172 --- [MS_Gateway] [restartedMain] com.zaxxer.hikari.pool.HikariPool        : HikariPool-2 - Added connection conn10: url=jdbc:h2:mem:8365ad2d-0c60-4a92-8564-3ff80c512248 user=SA
2025-01-28T19:55:24.987+03:00  INFO 22172 --- [MS_Gateway] [restartedMain] com.zaxxer.hikari.HikariDataSource       : HikariPool-2 - Start completed.
2025-01-28T19:55:24.987+03:00  INFO 22172 --- [MS_Gateway] [restartedMain] o.s.b.a.h2.H2ConsoleAutoConfiguration    : H2 console available at '/h2-console'. Database available at 'jdbc:h2:mem:8365ad2d-0c60-4a92-8564-3ff80c512248'
2025-01-28T19:55:25.045+03:00  INFO 22172 --- [MS_Gateway] [restartedMain] o.hibernate.jpa.internal.util.LogHelper  : HHH000204: Processing PersistenceUnitInfo [name: default]
2025-01-28T19:55:25.057+03:00  INFO 22172 --- [MS_Gateway] [restartedMain] o.h.c.internal.RegionFactoryInitiator    : HHH000026: Second-level cache disabled
2025-01-28T19:55:25.078+03:00  INFO 22172 --- [MS_Gateway] [restartedMain] o.s.o.j.p.SpringPersistenceUnitInfo      : No LoadTimeWeaver setup: ignoring JPA class transformer
2025-01-28T19:55:25.133+03:00  INFO 22172 --- [MS_Gateway] [restartedMain] o.h.e.t.j.p.i.JtaPlatformInitiator       : HHH000489: No JTA platform available (set 'hibernate.transaction.jta.platform' to enable JTA platform integration)
2025-01-28T19:55:25.133+03:00  INFO 22172 --- [MS_Gateway] [restartedMain] j.LocalContainerEntityManagerFactoryBean : Initialized JPA EntityManagerFactory for persistence unit 'default'
2025-01-28T19:55:25.238+03:00  WARN 22172 --- [MS_Gateway] [restartedMain] JpaBaseConfiguration$JpaWebConfiguration : spring.jpa.open-in-view is enabled by default. Therefore, database queries may be performed during view rendering. Explicitly configure spring.jpa.open-in-view to disable this warning
2025-01-28T19:55:25.265+03:00  WARN 22172 --- [MS_Gateway] [restartedMain] o.s.b.d.a.OptionalLiveReloadServer       : Unable to start LiveReload server
2025-01-28T19:55:26.607+03:00  INFO 22172 --- [MS_Gateway] [restartedMain] o.s.cloud.commons.util.InetUtils         : Cannot determine local hostname
2025-01-28T19:55:26.641+03:00  INFO 22172 --- [MS_Gateway] [restartedMain] o.s.b.w.embedded.tomcat.TomcatWebServer  : Tomcat started on port 8084 (http) with context path '/'
2025-01-28T19:55:27.109+03:00  INFO 22172 --- [MS_Gateway] [File Watcher] rtingClassPathChangeChangedEventListener : Restarting due to 1 class path change (1 addition, 0 deletions, 0 modifications)
2025-01-28T19:55:27.647+03:00  INFO 22172 --- [MS_Gateway] [restartedMain] o.s.cloud.commons.util.InetUtils         : Cannot determine local hostname
2025-01-28T19:55:27.652+03:00  INFO 22172 --- [MS_Gateway] [restartedMain] ru.gateway.GatewayApplication            : Started GatewayApplication in 4.763 seconds (process running for 891.577)
2025-01-28T19:55:27.653+03:00  INFO 22172 --- [MS_Gateway] [restartedMain] .ConditionEvaluationDeltaLoggingListener : Condition evaluation unchanged
2025-01-28T19:55:27.658+03:00  INFO 22172 --- [MS_Gateway] [Thread-8] j.LocalContainerEntityManagerFactoryBean : Closing JPA EntityManagerFactory for persistence unit 'default'
2025-01-28T19:55:27.659+03:00  WARN 22172 --- [MS_Gateway] [Thread-8] o.s.b.f.support.DisposableBeanAdapter    : Invocation of destroy method failed on bean with name 'inMemoryDatabaseShutdownExecutor': org.h2.jdbc.JdbcSQLNonTransientConnectionException: База данных уже закрыта (чтобы отключить автоматическое закрытие базы данных при останове JVM, добавьте ";DB_CLOSE_ON_EXIT=FALSE" в URL)
Database is already closed (to disable automatic closing at VM shutdown, add ";DB_CLOSE_ON_EXIT=FALSE" to the db URL) [90121-224]
2025-01-28T19:55:27.659+03:00  INFO 22172 --- [MS_Gateway] [Thread-8] com.zaxxer.hikari.HikariDataSource       : HikariPool-2 - Shutdown initiated...
2025-01-28T19:55:27.660+03:00  INFO 22172 --- [MS_Gateway] [Thread-8] com.zaxxer.hikari.HikariDataSource       : HikariPool-2 - Shutdown completed.
2025-01-28T19:55:28.785+03:00  INFO 22172 --- [MS_Gateway] [restartedMain] ru.gateway.GatewayApplication            : Starting GatewayApplication using Java 21.0.2 with PID 22172 (D:\Проекты\NeoFlex\Calculator_Neoflex\MS_Gateway\target\classes started by Admin in D:\Проекты\NeoFlex\Calculator_Neoflex)
2025-01-28T19:55:28.786+03:00  INFO 22172 --- [MS_Gateway] [restartedMain] ru.gateway.GatewayApplication            : No active profile set, falling back to 1 default profile: "default"
2025-01-28T19:55:29.232+03:00  INFO 22172 --- [MS_Gateway] [restartedMain] .s.d.r.c.RepositoryConfigurationDelegate : Bootstrapping Spring Data JPA repositories in DEFAULT mode.
2025-01-28T19:55:29.236+03:00  INFO 22172 --- [MS_Gateway] [restartedMain] .s.d.r.c.RepositoryConfigurationDelegate : Finished Spring Data repository scanning in 4 ms. Found 0 JPA repository interfaces.
2025-01-28T19:55:29.319+03:00  INFO 22172 --- [MS_Gateway] [restartedMain] o.s.cloud.context.scope.GenericScope     : BeanFactory id=8f8c229c-2219-334b-8f1d-7fb190c75506
2025-01-28T19:55:29.399+03:00  INFO 22172 --- [MS_Gateway] [restartedMain] o.s.b.w.embedded.tomcat.TomcatWebServer  : Tomcat initialized with port 8084 (http)
2025-01-28T19:55:29.400+03:00  INFO 22172 --- [MS_Gateway] [restartedMain] o.apache.catalina.core.StandardService   : Starting service [Tomcat]
2025-01-28T19:55:29.400+03:00  INFO 22172 --- [MS_Gateway] [restartedMain] o.apache.catalina.core.StandardEngine    : Starting Servlet engine: [Apache Tomcat/10.1.31]
2025-01-28T19:55:29.441+03:00  INFO 22172 --- [MS_Gateway] [restartedMain] o.a.c.c.C.[Tomcat].[localhost].[/]       : Initializing Spring embedded WebApplicationContext
2025-01-28T19:55:29.441+03:00  INFO 22172 --- [MS_Gateway] [restartedMain] w.s.c.ServletWebServerApplicationContext : Root WebApplicationContext: initialization completed in 653 ms
2025-01-28T19:55:29.458+03:00  INFO 22172 --- [MS_Gateway] [restartedMain] com.zaxxer.hikari.HikariDataSource       : HikariPool-3 - Starting...
2025-01-28T19:55:29.461+03:00  INFO 22172 --- [MS_Gateway] [restartedMain] com.zaxxer.hikari.pool.HikariPool        : HikariPool-3 - Added connection conn20: url=jdbc:h2:mem:1e776d68-aea9-4fb5-bb63-ae85c6f7649d user=SA
2025-01-28T19:55:29.461+03:00  INFO 22172 --- [MS_Gateway] [restartedMain] com.zaxxer.hikari.HikariDataSource       : HikariPool-3 - Start completed.
2025-01-28T19:55:29.461+03:00  INFO 22172 --- [MS_Gateway] [restartedMain] o.s.b.a.h2.H2ConsoleAutoConfiguration    : H2 console available at '/h2-console'. Database available at 'jdbc:h2:mem:1e776d68-aea9-4fb5-bb63-ae85c6f7649d'
2025-01-28T19:55:29.491+03:00  INFO 22172 --- [MS_Gateway] [restartedMain] o.hibernate.jpa.internal.util.LogHelper  : HHH000204: Processing PersistenceUnitInfo [name: default]
2025-01-28T19:55:29.498+03:00  INFO 22172 --- [MS_Gateway] [restartedMain] o.h.c.internal.RegionFactoryInitiator    : HHH000026: Second-level cache disabled
2025-01-28T19:55:29.513+03:00  INFO 22172 --- [MS_Gateway] [restartedMain] o.s.o.j.p.SpringPersistenceUnitInfo      : No LoadTimeWeaver setup: ignoring JPA class transformer
2025-01-28T19:55:29.544+03:00  INFO 22172 --- [MS_Gateway] [restartedMain] o.h.e.t.j.p.i.JtaPlatformInitiator       : HHH000489: No JTA platform available (set 'hibernate.transaction.jta.platform' to enable JTA platform integration)
2025-01-28T19:55:29.544+03:00  INFO 22172 --- [MS_Gateway] [restartedMain] j.LocalContainerEntityManagerFactoryBean : Initialized JPA EntityManagerFactory for persistence unit 'default'
2025-01-28T19:55:29.615+03:00  WARN 22172 --- [MS_Gateway] [restartedMain] JpaBaseConfiguration$JpaWebConfiguration : spring.jpa.open-in-view is enabled by default. Therefore, database queries may be performed during view rendering. Explicitly configure spring.jpa.open-in-view to disable this warning
2025-01-28T19:55:29.642+03:00  WARN 22172 --- [MS_Gateway] [restartedMain] o.s.b.d.a.OptionalLiveReloadServer       : Unable to start LiveReload server
2025-01-28T19:55:30.888+03:00  INFO 22172 --- [MS_Gateway] [restartedMain] o.s.cloud.commons.util.InetUtils         : Cannot determine local hostname
2025-01-28T19:55:30.928+03:00  INFO 22172 --- [MS_Gateway] [restartedMain] o.s.b.w.embedded.tomcat.TomcatWebServer  : Tomcat started on port 8084 (http) with context path '/'
2025-01-28T19:55:31.937+03:00  INFO 22172 --- [MS_Gateway] [restartedMain] o.s.cloud.commons.util.InetUtils         : Cannot determine local hostname
2025-01-28T19:55:31.941+03:00  INFO 22172 --- [MS_Gateway] [restartedMain] ru.gateway.GatewayApplication            : Started GatewayApplication in 4.23 seconds (process running for 895.866)
2025-01-28T19:55:31.942+03:00  INFO 22172 --- [MS_Gateway] [restartedMain] .ConditionEvaluationDeltaLoggingListener : Condition evaluation unchanged
2025-01-28T19:55:37.641+03:00  INFO 22172 --- [MS_Gateway] [http-nio-8084-exec-2] o.a.c.c.C.[Tomcat].[localhost].[/]       : Initializing Spring DispatcherServlet 'dispatcherServlet'
2025-01-28T19:55:37.641+03:00  INFO 22172 --- [MS_Gateway] [http-nio-8084-exec-2] o.s.web.servlet.DispatcherServlet        : Initializing Servlet 'dispatcherServlet'
2025-01-28T19:55:37.642+03:00  INFO 22172 --- [MS_Gateway] [http-nio-8084-exec-2] o.s.web.servlet.DispatcherServlet        : Completed initialization in 1 ms
2025-01-28T19:55:37.644+03:00  INFO 22172 --- [MS_Gateway] [http-nio-8084-exec-2] ru.gateway.service.GatewayService        : Запрос к MS Deal: /deal/admin/statement
2025-01-28T19:55:38.144+03:00  WARN 22172 --- [MS_Gateway] [http-nio-8084-exec-2] ru.deal.config.FeignErrorDecoder         : Ошибка при вызове микросервиса: DealFeignClient#getStatements()
2025-01-28T19:55:38.145+03:00  WARN 22172 --- [MS_Gateway] [http-nio-8084-exec-2] ru.deal.config.FeignErrorDecoder         : Статус: 500
2025-01-28T19:55:38.146+03:00  WARN 22172 --- [MS_Gateway] [http-nio-8084-exec-2] r.g.exception.StatementExceptionHandler  : Ошибка валидации при вызове микросервиса: null
2025-01-28T19:55:38.149+03:00  WARN 22172 --- [MS_Gateway] [http-nio-8084-exec-2] .m.m.a.ExceptionHandlerExceptionResolver : Resolved [ru.deal.exception.FeignValidationException]
2025-01-28T19:55:42.502+03:00  INFO 22172 --- [MS_Gateway] [http-nio-8084-exec-7] ru.gateway.service.GatewayService        : Запрос к MS Deal: /deal/admin/statement/{statementId}
2025-01-28T19:56:42.523+03:00 ERROR 22172 --- [MS_Gateway] [http-nio-8084-exec-7] o.a.c.c.C.[.[.[/].[dispatcherServlet]    : Servlet.service() for servlet [dispatcherServlet] in context with path [] threw exception [Request processing failed: feign.RetryableException: Read timed out executing GET http://localhost:8081/deal/admin/statement/001591af-c9ba-450b-b7db-6386b1b0ece1] with root cause

java.net.SocketTimeoutException: Read timed out
	at java.base/sun.nio.ch.NioSocketImpl.timedRead(NioSocketImpl.java:278) ~[na:na]
	at java.base/sun.nio.ch.NioSocketImpl.implRead(NioSocketImpl.java:304) ~[na:na]
	at java.base/sun.nio.ch.NioSocketImpl.read(NioSocketImpl.java:346) ~[na:na]
	at java.base/sun.nio.ch.NioSocketImpl$1.read(NioSocketImpl.java:796) ~[na:na]
	at java.base/java.net.Socket$SocketInputStream.read(Socket.java:1099) ~[na:na]
	at java.base/java.io.BufferedInputStream.fill(BufferedInputStream.java:291) ~[na:na]
	at java.base/java.io.BufferedInputStream.read1(BufferedInputStream.java:347) ~[na:na]
	at java.base/java.io.BufferedInputStream.implRead(BufferedInputStream.java:420) ~[na:na]
	at java.base/java.io.BufferedInputStream.read(BufferedInputStream.java:399) ~[na:na]
	at java.base/sun.net.www.http.HttpClient.parseHTTPHeader(HttpClient.java:827) ~[na:na]
	at java.base/sun.net.www.http.HttpClient.parseHTTP(HttpClient.java:759) ~[na:na]
	at java.base/sun.net.www.protocol.http.HttpURLConnection.getInputStream0(HttpURLConnection.java:1690) ~[na:na]
	at java.base/sun.net.www.protocol.http.HttpURLConnection.getInputStream(HttpURLConnection.java:1599) ~[na:na]
	at java.base/java.net.HttpURLConnection.getResponseCode(HttpURLConnection.java:531) ~[na:na]
	at feign.Client$Default.convertResponse(Client.java:114) ~[feign-core-13.5.jar:na]
	at feign.Client$Default.execute(Client.java:110) ~[feign-core-13.5.jar:na]
	at feign.SynchronousMethodHandler.executeAndDecode(SynchronousMethodHandler.java:92) ~[feign-core-13.5.jar:na]
	at feign.SynchronousMethodHandler.invoke(SynchronousMethodHandler.java:53) ~[feign-core-13.5.jar:na]
	at feign.ReflectiveFeign$FeignInvocationHandler.invoke(ReflectiveFeign.java:104) ~[feign-core-13.5.jar:na]
	at jdk.proxy6/jdk.proxy6.$Proxy147.getStatement(Unknown Source) ~[na:na]
	at ru.gateway.service.GatewayService.getStatementById(GatewayService.java:56) ~[classes/:na]
	at ru.gateway.controller.GatewayController.getStatement(GatewayController.java:75) ~[classes/:na]
	at java.base/jdk.internal.reflect.DirectMethodHandleAccessor.invoke(DirectMethodHandleAccessor.java:103) ~[na:na]
	at java.base/java.lang.reflect.Method.invoke(Method.java:580) ~[na:na]
	at org.springframework.web.method.support.InvocableHandlerMethod.doInvoke(InvocableHandlerMethod.java:255) ~[spring-web-6.1.14.jar:6.1.14]
	at org.springframework.web.method.support.InvocableHandlerMethod.invokeForRequest(InvocableHandlerMethod.java:188) ~[spring-web-6.1.14.jar:6.1.14]
	at org.springframework.web.servlet.mvc.method.annotation.ServletInvocableHandlerMethod.invokeAndHandle(ServletInvocableHandlerMethod.java:118) ~[spring-webmvc-6.1.14.jar:6.1.14]
	at org.springframework.web.servlet.mvc.method.annotation.RequestMappingHandlerAdapter.invokeHandlerMethod(RequestMappingHandlerAdapter.java:926) ~[spring-webmvc-6.1.14.jar:6.1.14]
	at org.springframework.web.servlet.mvc.method.annotation.RequestMappingHandlerAdapter.handleInternal(RequestMappingHandlerAdapter.java:831) ~[spring-webmvc-6.1.14.jar:6.1.14]
	at org.springframework.web.servlet.mvc.method.AbstractHandlerMethodAdapter.handle(AbstractHandlerMethodAdapter.java:87) ~[spring-webmvc-6.1.14.jar:6.1.14]
	at org.springframework.web.servlet.DispatcherServlet.doDispatch(DispatcherServlet.java:1089) ~[spring-webmvc-6.1.14.jar:6.1.14]
	at org.springframework.web.servlet.DispatcherServlet.doService(DispatcherServlet.java:979) ~[spring-webmvc-6.1.14.jar:6.1.14]
	at org.springframework.web.servlet.FrameworkServlet.processRequest(FrameworkServlet.java:1014) ~[spring-webmvc-6.1.14.jar:6.1.14]
	at org.springframework.web.servlet.FrameworkServlet.doGet(FrameworkServlet.java:903) ~[spring-webmvc-6.1.14.jar:6.1.14]
	at jakarta.servlet.http.HttpServlet.service(HttpServlet.java:564) ~[tomcat-embed-core-10.1.31.jar:6.0]
	at org.springframework.web.servlet.FrameworkServlet.service(FrameworkServlet.java:885) ~[spring-webmvc-6.1.14.jar:6.1.14]
	at jakarta.servlet.http.HttpServlet.service(HttpServlet.java:658) ~[tomcat-embed-core-10.1.31.jar:6.0]
	at org.apache.catalina.core.ApplicationFilterChain.internalDoFilter(ApplicationFilterChain.java:195) ~[tomcat-embed-core-10.1.31.jar:10.1.31]
	at org.apache.catalina.core.ApplicationFilterChain.doFilter(ApplicationFilterChain.java:140) ~[tomcat-embed-core-10.1.31.jar:10.1.31]
	at org.apache.tomcat.websocket.server.WsFilter.doFilter(WsFilter.java:51) ~[tomcat-embed-websocket-10.1.31.jar:10.1.31]
	at org.apache.catalina.core.ApplicationFilterChain.internalDoFilter(ApplicationFilterChain.java:164) ~[tomcat-embed-core-10.1.31.jar:10.1.31]
	at org.apache.catalina.core.ApplicationFilterChain.doFilter(ApplicationFilterChain.java:140) ~[tomcat-embed-core-10.1.31.jar:10.1.31]
	at org.springframework.web.filter.RequestContextFilter.doFilterInternal(RequestContextFilter.java:100) ~[spring-web-6.1.14.jar:6.1.14]
	at org.springframework.web.filter.OncePerRequestFilter.doFilter(OncePerRequestFilter.java:116) ~[spring-web-6.1.14.jar:6.1.14]
	at org.apache.catalina.core.ApplicationFilterChain.internalDoFilter(ApplicationFilterChain.java:164) ~[tomcat-embed-core-10.1.31.jar:10.1.31]
	at org.apache.catalina.core.ApplicationFilterChain.doFilter(ApplicationFilterChain.java:140) ~[tomcat-embed-core-10.1.31.jar:10.1.31]
	at org.springframework.web.filter.FormContentFilter.doFilterInternal(FormContentFilter.java:93) ~[spring-web-6.1.14.jar:6.1.14]
	at org.springframework.web.filter.OncePerRequestFilter.doFilter(OncePerRequestFilter.java:116) ~[spring-web-6.1.14.jar:6.1.14]
	at org.apache.catalina.core.ApplicationFilterChain.internalDoFilter(ApplicationFilterChain.java:164) ~[tomcat-embed-core-10.1.31.jar:10.1.31]
	at org.apache.catalina.core.ApplicationFilterChain.doFilter(ApplicationFilterChain.java:140) ~[tomcat-embed-core-10.1.31.jar:10.1.31]
	at org.springframework.web.filter.CharacterEncodingFilter.doFilterInternal(CharacterEncodingFilter.java:201) ~[spring-web-6.1.14.jar:6.1.14]
	at org.springframework.web.filter.OncePerRequestFilter.doFilter(OncePerRequestFilter.java:116) ~[spring-web-6.1.14.jar:6.1.14]
	at org.apache.catalina.core.ApplicationFilterChain.internalDoFilter(ApplicationFilterChain.java:164) ~[tomcat-embed-core-10.1.31.jar:10.1.31]
	at org.apache.catalina.core.ApplicationFilterChain.doFilter(ApplicationFilterChain.java:140) ~[tomcat-embed-core-10.1.31.jar:10.1.31]
	at org.apache.catalina.core.StandardWrapperValve.invoke(StandardWrapperValve.java:167) ~[tomcat-embed-core-10.1.31.jar:10.1.31]
	at org.apache.catalina.core.StandardContextValve.invoke(StandardContextValve.java:90) ~[tomcat-embed-core-10.1.31.jar:10.1.31]
	at org.apache.catalina.authenticator.AuthenticatorBase.invoke(AuthenticatorBase.java:483) ~[tomcat-embed-core-10.1.31.jar:10.1.31]
	at org.apache.catalina.core.StandardHostValve.invoke(StandardHostValve.java:115) ~[tomcat-embed-core-10.1.31.jar:10.1.31]
	at org.apache.catalina.valves.ErrorReportValve.invoke(ErrorReportValve.java:93) ~[tomcat-embed-core-10.1.31.jar:10.1.31]
	at org.apache.catalina.core.StandardEngineValve.invoke(StandardEngineValve.java:74) ~[tomcat-embed-core-10.1.31.jar:10.1.31]
	at org.apache.catalina.connector.CoyoteAdapter.service(CoyoteAdapter.java:344) ~[tomcat-embed-core-10.1.31.jar:10.1.31]
	at org.apache.coyote.http11.Http11Processor.service(Http11Processor.java:384) ~[tomcat-embed-core-10.1.31.jar:10.1.31]
	at org.apache.coyote.AbstractProcessorLight.process(AbstractProcessorLight.java:63) ~[tomcat-embed-core-10.1.31.jar:10.1.31]
	at org.apache.coyote.AbstractProtocol$ConnectionHandler.process(AbstractProtocol.java:905) ~[tomcat-embed-core-10.1.31.jar:10.1.31]
	at org.apache.tomcat.util.net.NioEndpoint$SocketProcessor.doRun(NioEndpoint.java:1741) ~[tomcat-embed-core-10.1.31.jar:10.1.31]
	at org.apache.tomcat.util.net.SocketProcessorBase.run(SocketProcessorBase.java:52) ~[tomcat-embed-core-10.1.31.jar:10.1.31]
	at org.apache.tomcat.util.threads.ThreadPoolExecutor.runWorker(ThreadPoolExecutor.java:1190) ~[tomcat-embed-core-10.1.31.jar:10.1.31]
	at org.apache.tomcat.util.threads.ThreadPoolExecutor$Worker.run(ThreadPoolExecutor.java:659) ~[tomcat-embed-core-10.1.31.jar:10.1.31]
	at org.apache.tomcat.util.threads.TaskThread$WrappingRunnable.run(TaskThread.java:63) ~[tomcat-embed-core-10.1.31.jar:10.1.31]
	at java.base/java.lang.Thread.run(Thread.java:1583) ~[na:na]

2025-01-28T19:56:57.952+03:00  INFO 22172 --- [MS_Gateway] [http-nio-8084-exec-8] ru.gateway.service.GatewayService        : Запрос к MS Deal: /deal/admin/statement/{statementId}
2025-01-28T19:57:57.243+03:00  WARN 22172 --- [MS_Gateway] [http-nio-8084-exec-8] ru.deal.config.FeignErrorDecoder         : Ошибка при вызове микросервиса: DealFeignClient#getStatement(String)
2025-01-28T19:57:57.244+03:00  WARN 22172 --- [MS_Gateway] [http-nio-8084-exec-8] ru.deal.config.FeignErrorDecoder         : Статус: 500
2025-01-28T19:57:57.244+03:00  WARN 22172 --- [MS_Gateway] [http-nio-8084-exec-8] r.g.exception.StatementExceptionHandler  : Ошибка валидации при вызове микросервиса: null
2025-01-28T19:57:57.246+03:00  WARN 22172 --- [MS_Gateway] [http-nio-8084-exec-8] .m.m.a.ExceptionHandlerExceptionResolver : Resolved [ru.deal.exception.FeignValidationException]
2025-01-28T19:59:02.637+03:00  INFO 22172 --- [MS_Gateway] [SpringApplicationShutdownHook] j.LocalContainerEntityManagerFactoryBean : Closing JPA EntityManagerFactory for persistence unit 'default'
2025-01-28T19:59:02.639+03:00  WARN 22172 --- [MS_Gateway] [SpringApplicationShutdownHook] o.s.b.f.support.DisposableBeanAdapter    : Invocation of destroy method failed on bean with name 'inMemoryDatabaseShutdownExecutor': org.h2.jdbc.JdbcSQLNonTransientConnectionException: База данных уже закрыта (чтобы отключить автоматическое закрытие базы данных при останове JVM, добавьте ";DB_CLOSE_ON_EXIT=FALSE" в URL)
Database is already closed (to disable automatic closing at VM shutdown, add ";DB_CLOSE_ON_EXIT=FALSE" to the db URL) [90121-224]
2025-01-28T19:59:02.639+03:00  INFO 22172 --- [MS_Gateway] [SpringApplicationShutdownHook] com.zaxxer.hikari.HikariDataSource       : HikariPool-3 - Shutdown initiated...
2025-01-28T19:59:02.642+03:00  INFO 22172 --- [MS_Gateway] [SpringApplicationShutdownHook] com.zaxxer.hikari.HikariDataSource       : HikariPool-3 - Shutdown completed.
2025-01-28T20:46:46.865+03:00  INFO 5312 --- [MS_Gateway] [restartedMain] ru.gateway.GatewayApplication            : Starting GatewayApplication using Java 21.0.2 with PID 5312 (D:\Проекты\NeoFlex\Calculator_Neoflex\MS_Gateway\target\classes started by Admin in D:\Проекты\NeoFlex\Calculator_Neoflex)
2025-01-28T20:46:46.868+03:00  INFO 5312 --- [MS_Gateway] [restartedMain] ru.gateway.GatewayApplication            : No active profile set, falling back to 1 default profile: "default"
2025-01-28T20:46:46.937+03:00  INFO 5312 --- [MS_Gateway] [restartedMain] .e.DevToolsPropertyDefaultsPostProcessor : Devtools property defaults active! Set 'spring.devtools.add-properties' to 'false' to disable
2025-01-28T20:46:46.937+03:00  INFO 5312 --- [MS_Gateway] [restartedMain] .e.DevToolsPropertyDefaultsPostProcessor : For additional web related logging consider setting the 'logging.level.web' property to 'DEBUG'
2025-01-28T20:46:48.167+03:00  INFO 5312 --- [MS_Gateway] [restartedMain] .s.d.r.c.RepositoryConfigurationDelegate : Bootstrapping Spring Data JPA repositories in DEFAULT mode.
2025-01-28T20:46:48.191+03:00  INFO 5312 --- [MS_Gateway] [restartedMain] .s.d.r.c.RepositoryConfigurationDelegate : Finished Spring Data repository scanning in 16 ms. Found 0 JPA repository interfaces.
2025-01-28T20:46:48.458+03:00  INFO 5312 --- [MS_Gateway] [restartedMain] o.s.cloud.context.scope.GenericScope     : BeanFactory id=8f8c229c-2219-334b-8f1d-7fb190c75506
2025-01-28T20:46:48.999+03:00  INFO 5312 --- [MS_Gateway] [restartedMain] o.s.b.w.embedded.tomcat.TomcatWebServer  : Tomcat initialized with port 8084 (http)
2025-01-28T20:46:49.015+03:00  INFO 5312 --- [MS_Gateway] [restartedMain] o.apache.catalina.core.StandardService   : Starting service [Tomcat]
2025-01-28T20:46:49.015+03:00  INFO 5312 --- [MS_Gateway] [restartedMain] o.apache.catalina.core.StandardEngine    : Starting Servlet engine: [Apache Tomcat/10.1.31]
2025-01-28T20:46:49.095+03:00  INFO 5312 --- [MS_Gateway] [restartedMain] o.a.c.c.C.[Tomcat].[localhost].[/]       : Initializing Spring embedded WebApplicationContext
2025-01-28T20:46:49.095+03:00  INFO 5312 --- [MS_Gateway] [restartedMain] w.s.c.ServletWebServerApplicationContext : Root WebApplicationContext: initialization completed in 2158 ms
2025-01-28T20:46:49.125+03:00  INFO 5312 --- [MS_Gateway] [restartedMain] com.zaxxer.hikari.HikariDataSource       : HikariPool-1 - Starting...
2025-01-28T20:46:49.374+03:00  INFO 5312 --- [MS_Gateway] [restartedMain] com.zaxxer.hikari.pool.HikariPool        : HikariPool-1 - Added connection conn0: url=jdbc:h2:mem:ea1b8068-a425-4122-ab03-2573e6d783c4 user=SA
2025-01-28T20:46:49.378+03:00  INFO 5312 --- [MS_Gateway] [restartedMain] com.zaxxer.hikari.HikariDataSource       : HikariPool-1 - Start completed.
2025-01-28T20:46:49.390+03:00  INFO 5312 --- [MS_Gateway] [restartedMain] o.s.b.a.h2.H2ConsoleAutoConfiguration    : H2 console available at '/h2-console'. Database available at 'jdbc:h2:mem:ea1b8068-a425-4122-ab03-2573e6d783c4'
2025-01-28T20:46:49.555+03:00  INFO 5312 --- [MS_Gateway] [restartedMain] o.hibernate.jpa.internal.util.LogHelper  : HHH000204: Processing PersistenceUnitInfo [name: default]
2025-01-28T20:46:49.652+03:00  INFO 5312 --- [MS_Gateway] [restartedMain] org.hibernate.Version                    : HHH000412: Hibernate ORM core version 6.5.3.Final
2025-01-28T20:46:49.712+03:00  INFO 5312 --- [MS_Gateway] [restartedMain] o.h.c.internal.RegionFactoryInitiator    : HHH000026: Second-level cache disabled
2025-01-28T20:46:50.125+03:00  INFO 5312 --- [MS_Gateway] [restartedMain] o.s.o.j.p.SpringPersistenceUnitInfo      : No LoadTimeWeaver setup: ignoring JPA class transformer
2025-01-28T20:46:50.634+03:00  INFO 5312 --- [MS_Gateway] [restartedMain] o.h.e.t.j.p.i.JtaPlatformInitiator       : HHH000489: No JTA platform available (set 'hibernate.transaction.jta.platform' to enable JTA platform integration)
2025-01-28T20:46:50.640+03:00  INFO 5312 --- [MS_Gateway] [restartedMain] j.LocalContainerEntityManagerFactoryBean : Initialized JPA EntityManagerFactory for persistence unit 'default'
2025-01-28T20:46:50.839+03:00  WARN 5312 --- [MS_Gateway] [restartedMain] JpaBaseConfiguration$JpaWebConfiguration : spring.jpa.open-in-view is enabled by default. Therefore, database queries may be performed during view rendering. Explicitly configure spring.jpa.open-in-view to disable this warning
2025-01-28T20:46:50.880+03:00  WARN 5312 --- [MS_Gateway] [restartedMain] o.s.b.d.a.OptionalLiveReloadServer       : Unable to start LiveReload server
2025-01-28T20:46:52.535+03:00  INFO 5312 --- [MS_Gateway] [restartedMain] o.s.cloud.commons.util.InetUtils         : Cannot determine local hostname
2025-01-28T20:46:52.598+03:00  INFO 5312 --- [MS_Gateway] [restartedMain] o.s.b.w.embedded.tomcat.TomcatWebServer  : Tomcat started on port 8084 (http) with context path '/'
2025-01-28T20:46:53.608+03:00  INFO 5312 --- [MS_Gateway] [restartedMain] o.s.cloud.commons.util.InetUtils         : Cannot determine local hostname
2025-01-28T20:46:53.614+03:00  INFO 5312 --- [MS_Gateway] [restartedMain] ru.gateway.GatewayApplication            : Started GatewayApplication in 8.382 seconds (process running for 9.33)
2025-01-28T20:46:57.708+03:00  INFO 5312 --- [MS_Gateway] [http-nio-8084-exec-1] o.a.c.c.C.[Tomcat].[localhost].[/]       : Initializing Spring DispatcherServlet 'dispatcherServlet'
2025-01-28T20:46:57.708+03:00  INFO 5312 --- [MS_Gateway] [http-nio-8084-exec-1] o.s.web.servlet.DispatcherServlet        : Initializing Servlet 'dispatcherServlet'
2025-01-28T20:46:57.709+03:00  INFO 5312 --- [MS_Gateway] [http-nio-8084-exec-1] o.s.web.servlet.DispatcherServlet        : Completed initialization in 1 ms
2025-01-28T20:46:57.803+03:00  INFO 5312 --- [MS_Gateway] [http-nio-8084-exec-1] ru.gateway.service.GatewayService        : Запрос к MS Deal: /deal/admin/statement/{statementId}
2025-01-28T20:47:52.963+03:00 ERROR 5312 --- [MS_Gateway] [http-nio-8084-exec-1] o.a.c.c.C.[.[.[/].[dispatcherServlet]    : Servlet.service() for servlet [dispatcherServlet] in context with path [] threw exception [Request processing failed: feign.RetryableException: Connection reset executing GET http://localhost:8081/deal/admin/statement/001591af-c9ba-450b-b7db-6386b1b0ece1] with root cause

java.net.SocketException: Connection reset
	at java.base/sun.nio.ch.NioSocketImpl.implRead(NioSocketImpl.java:318) ~[na:na]
	at java.base/sun.nio.ch.NioSocketImpl.read(NioSocketImpl.java:346) ~[na:na]
	at java.base/sun.nio.ch.NioSocketImpl$1.read(NioSocketImpl.java:796) ~[na:na]
	at java.base/java.net.Socket$SocketInputStream.read(Socket.java:1099) ~[na:na]
	at java.base/java.io.BufferedInputStream.fill(BufferedInputStream.java:291) ~[na:na]
	at java.base/java.io.BufferedInputStream.read1(BufferedInputStream.java:347) ~[na:na]
	at java.base/java.io.BufferedInputStream.implRead(BufferedInputStream.java:420) ~[na:na]
	at java.base/java.io.BufferedInputStream.read(BufferedInputStream.java:399) ~[na:na]
	at java.base/sun.net.www.http.HttpClient.parseHTTPHeader(HttpClient.java:827) ~[na:na]
	at java.base/sun.net.www.http.HttpClient.parseHTTP(HttpClient.java:759) ~[na:na]
	at java.base/sun.net.www.http.HttpClient.parseHTTPHeader(HttpClient.java:952) ~[na:na]
	at java.base/sun.net.www.http.HttpClient.parseHTTP(HttpClient.java:759) ~[na:na]
	at java.base/sun.net.www.protocol.http.HttpURLConnection.getInputStream0(HttpURLConnection.java:1690) ~[na:na]
	at java.base/sun.net.www.protocol.http.HttpURLConnection.getInputStream(HttpURLConnection.java:1599) ~[na:na]
	at java.base/java.net.HttpURLConnection.getResponseCode(HttpURLConnection.java:531) ~[na:na]
	at feign.Client$Default.convertResponse(Client.java:114) ~[feign-core-13.5.jar:na]
	at feign.Client$Default.execute(Client.java:110) ~[feign-core-13.5.jar:na]
	at feign.SynchronousMethodHandler.executeAndDecode(SynchronousMethodHandler.java:92) ~[feign-core-13.5.jar:na]
	at feign.SynchronousMethodHandler.invoke(SynchronousMethodHandler.java:53) ~[feign-core-13.5.jar:na]
	at feign.ReflectiveFeign$FeignInvocationHandler.invoke(ReflectiveFeign.java:104) ~[feign-core-13.5.jar:na]
	at jdk.proxy4/jdk.proxy4.$Proxy121.getStatement(Unknown Source) ~[na:na]
	at ru.gateway.service.GatewayService.getStatementById(GatewayService.java:56) ~[classes/:na]
	at ru.gateway.controller.GatewayController.getStatement(GatewayController.java:75) ~[classes/:na]
	at java.base/jdk.internal.reflect.DirectMethodHandleAccessor.invoke(DirectMethodHandleAccessor.java:103) ~[na:na]
	at java.base/java.lang.reflect.Method.invoke(Method.java:580) ~[na:na]
	at org.springframework.web.method.support.InvocableHandlerMethod.doInvoke(InvocableHandlerMethod.java:255) ~[spring-web-6.1.14.jar:6.1.14]
	at org.springframework.web.method.support.InvocableHandlerMethod.invokeForRequest(InvocableHandlerMethod.java:188) ~[spring-web-6.1.14.jar:6.1.14]
	at org.springframework.web.servlet.mvc.method.annotation.ServletInvocableHandlerMethod.invokeAndHandle(ServletInvocableHandlerMethod.java:118) ~[spring-webmvc-6.1.14.jar:6.1.14]
	at org.springframework.web.servlet.mvc.method.annotation.RequestMappingHandlerAdapter.invokeHandlerMethod(RequestMappingHandlerAdapter.java:926) ~[spring-webmvc-6.1.14.jar:6.1.14]
	at org.springframework.web.servlet.mvc.method.annotation.RequestMappingHandlerAdapter.handleInternal(RequestMappingHandlerAdapter.java:831) ~[spring-webmvc-6.1.14.jar:6.1.14]
	at org.springframework.web.servlet.mvc.method.AbstractHandlerMethodAdapter.handle(AbstractHandlerMethodAdapter.java:87) ~[spring-webmvc-6.1.14.jar:6.1.14]
	at org.springframework.web.servlet.DispatcherServlet.doDispatch(DispatcherServlet.java:1089) ~[spring-webmvc-6.1.14.jar:6.1.14]
	at org.springframework.web.servlet.DispatcherServlet.doService(DispatcherServlet.java:979) ~[spring-webmvc-6.1.14.jar:6.1.14]
	at org.springframework.web.servlet.FrameworkServlet.processRequest(FrameworkServlet.java:1014) ~[spring-webmvc-6.1.14.jar:6.1.14]
	at org.springframework.web.servlet.FrameworkServlet.doGet(FrameworkServlet.java:903) ~[spring-webmvc-6.1.14.jar:6.1.14]
	at jakarta.servlet.http.HttpServlet.service(HttpServlet.java:564) ~[tomcat-embed-core-10.1.31.jar:6.0]
	at org.springframework.web.servlet.FrameworkServlet.service(FrameworkServlet.java:885) ~[spring-webmvc-6.1.14.jar:6.1.14]
	at jakarta.servlet.http.HttpServlet.service(HttpServlet.java:658) ~[tomcat-embed-core-10.1.31.jar:6.0]
	at org.apache.catalina.core.ApplicationFilterChain.internalDoFilter(ApplicationFilterChain.java:195) ~[tomcat-embed-core-10.1.31.jar:10.1.31]
	at org.apache.catalina.core.ApplicationFilterChain.doFilter(ApplicationFilterChain.java:140) ~[tomcat-embed-core-10.1.31.jar:10.1.31]
	at org.apache.tomcat.websocket.server.WsFilter.doFilter(WsFilter.java:51) ~[tomcat-embed-websocket-10.1.31.jar:10.1.31]
	at org.apache.catalina.core.ApplicationFilterChain.internalDoFilter(ApplicationFilterChain.java:164) ~[tomcat-embed-core-10.1.31.jar:10.1.31]
	at org.apache.catalina.core.ApplicationFilterChain.doFilter(ApplicationFilterChain.java:140) ~[tomcat-embed-core-10.1.31.jar:10.1.31]
	at org.springframework.web.filter.RequestContextFilter.doFilterInternal(RequestContextFilter.java:100) ~[spring-web-6.1.14.jar:6.1.14]
	at org.springframework.web.filter.OncePerRequestFilter.doFilter(OncePerRequestFilter.java:116) ~[spring-web-6.1.14.jar:6.1.14]
	at org.apache.catalina.core.ApplicationFilterChain.internalDoFilter(ApplicationFilterChain.java:164) ~[tomcat-embed-core-10.1.31.jar:10.1.31]
	at org.apache.catalina.core.ApplicationFilterChain.doFilter(ApplicationFilterChain.java:140) ~[tomcat-embed-core-10.1.31.jar:10.1.31]
	at org.springframework.web.filter.FormContentFilter.doFilterInternal(FormContentFilter.java:93) ~[spring-web-6.1.14.jar:6.1.14]
	at org.springframework.web.filter.OncePerRequestFilter.doFilter(OncePerRequestFilter.java:116) ~[spring-web-6.1.14.jar:6.1.14]
	at org.apache.catalina.core.ApplicationFilterChain.internalDoFilter(ApplicationFilterChain.java:164) ~[tomcat-embed-core-10.1.31.jar:10.1.31]
	at org.apache.catalina.core.ApplicationFilterChain.doFilter(ApplicationFilterChain.java:140) ~[tomcat-embed-core-10.1.31.jar:10.1.31]
	at org.springframework.web.filter.CharacterEncodingFilter.doFilterInternal(CharacterEncodingFilter.java:201) ~[spring-web-6.1.14.jar:6.1.14]
	at org.springframework.web.filter.OncePerRequestFilter.doFilter(OncePerRequestFilter.java:116) ~[spring-web-6.1.14.jar:6.1.14]
	at org.apache.catalina.core.ApplicationFilterChain.internalDoFilter(ApplicationFilterChain.java:164) ~[tomcat-embed-core-10.1.31.jar:10.1.31]
	at org.apache.catalina.core.ApplicationFilterChain.doFilter(ApplicationFilterChain.java:140) ~[tomcat-embed-core-10.1.31.jar:10.1.31]
	at org.apache.catalina.core.StandardWrapperValve.invoke(StandardWrapperValve.java:167) ~[tomcat-embed-core-10.1.31.jar:10.1.31]
	at org.apache.catalina.core.StandardContextValve.invoke(StandardContextValve.java:90) ~[tomcat-embed-core-10.1.31.jar:10.1.31]
	at org.apache.catalina.authenticator.AuthenticatorBase.invoke(AuthenticatorBase.java:483) ~[tomcat-embed-core-10.1.31.jar:10.1.31]
	at org.apache.catalina.core.StandardHostValve.invoke(StandardHostValve.java:115) ~[tomcat-embed-core-10.1.31.jar:10.1.31]
	at org.apache.catalina.valves.ErrorReportValve.invoke(ErrorReportValve.java:93) ~[tomcat-embed-core-10.1.31.jar:10.1.31]
	at org.apache.catalina.core.StandardEngineValve.invoke(StandardEngineValve.java:74) ~[tomcat-embed-core-10.1.31.jar:10.1.31]
	at org.apache.catalina.connector.CoyoteAdapter.service(CoyoteAdapter.java:344) ~[tomcat-embed-core-10.1.31.jar:10.1.31]
	at org.apache.coyote.http11.Http11Processor.service(Http11Processor.java:384) ~[tomcat-embed-core-10.1.31.jar:10.1.31]
	at org.apache.coyote.AbstractProcessorLight.process(AbstractProcessorLight.java:63) ~[tomcat-embed-core-10.1.31.jar:10.1.31]
	at org.apache.coyote.AbstractProtocol$ConnectionHandler.process(AbstractProtocol.java:905) ~[tomcat-embed-core-10.1.31.jar:10.1.31]
	at org.apache.tomcat.util.net.NioEndpoint$SocketProcessor.doRun(NioEndpoint.java:1741) ~[tomcat-embed-core-10.1.31.jar:10.1.31]
	at org.apache.tomcat.util.net.SocketProcessorBase.run(SocketProcessorBase.java:52) ~[tomcat-embed-core-10.1.31.jar:10.1.31]
	at org.apache.tomcat.util.threads.ThreadPoolExecutor.runWorker(ThreadPoolExecutor.java:1190) ~[tomcat-embed-core-10.1.31.jar:10.1.31]
	at org.apache.tomcat.util.threads.ThreadPoolExecutor$Worker.run(ThreadPoolExecutor.java:659) ~[tomcat-embed-core-10.1.31.jar:10.1.31]
	at org.apache.tomcat.util.threads.TaskThread$WrappingRunnable.run(TaskThread.java:63) ~[tomcat-embed-core-10.1.31.jar:10.1.31]
	at java.base/java.lang.Thread.run(Thread.java:1583) ~[na:na]

2025-01-28T20:48:14.722+03:00  INFO 5312 --- [MS_Gateway] [SpringApplicationShutdownHook] j.LocalContainerEntityManagerFactoryBean : Closing JPA EntityManagerFactory for persistence unit 'default'
2025-01-28T20:48:14.731+03:00  WARN 5312 --- [MS_Gateway] [SpringApplicationShutdownHook] o.s.b.f.support.DisposableBeanAdapter    : Invocation of destroy method failed on bean with name 'inMemoryDatabaseShutdownExecutor': org.h2.jdbc.JdbcSQLNonTransientConnectionException: База данных уже закрыта (чтобы отключить автоматическое закрытие базы данных при останове JVM, добавьте ";DB_CLOSE_ON_EXIT=FALSE" в URL)
Database is already closed (to disable automatic closing at VM shutdown, add ";DB_CLOSE_ON_EXIT=FALSE" to the db URL) [90121-224]
2025-01-28T20:48:14.731+03:00  INFO 5312 --- [MS_Gateway] [SpringApplicationShutdownHook] com.zaxxer.hikari.HikariDataSource       : HikariPool-1 - Shutdown initiated...
2025-01-28T20:48:14.733+03:00  INFO 5312 --- [MS_Gateway] [SpringApplicationShutdownHook] com.zaxxer.hikari.HikariDataSource       : HikariPool-1 - Shutdown completed.
2025-01-28T20:48:32.336+03:00  INFO 26560 --- [MS_Gateway] [restartedMain] ru.gateway.GatewayApplication            : Starting GatewayApplication using Java 21.0.2 with PID 26560 (D:\Проекты\NeoFlex\Calculator_Neoflex\MS_Gateway\target\classes started by Admin in D:\Проекты\NeoFlex\Calculator_Neoflex)
2025-01-28T20:48:32.338+03:00  INFO 26560 --- [MS_Gateway] [restartedMain] ru.gateway.GatewayApplication            : No active profile set, falling back to 1 default profile: "default"
2025-01-28T20:48:32.397+03:00  INFO 26560 --- [MS_Gateway] [restartedMain] .e.DevToolsPropertyDefaultsPostProcessor : Devtools property defaults active! Set 'spring.devtools.add-properties' to 'false' to disable
2025-01-28T20:48:32.397+03:00  INFO 26560 --- [MS_Gateway] [restartedMain] .e.DevToolsPropertyDefaultsPostProcessor : For additional web related logging consider setting the 'logging.level.web' property to 'DEBUG'
2025-01-28T20:48:33.437+03:00  INFO 26560 --- [MS_Gateway] [restartedMain] .s.d.r.c.RepositoryConfigurationDelegate : Bootstrapping Spring Data JPA repositories in DEFAULT mode.
2025-01-28T20:48:33.460+03:00  INFO 26560 --- [MS_Gateway] [restartedMain] .s.d.r.c.RepositoryConfigurationDelegate : Finished Spring Data repository scanning in 15 ms. Found 0 JPA repository interfaces.
2025-01-28T20:48:33.743+03:00  INFO 26560 --- [MS_Gateway] [restartedMain] o.s.cloud.context.scope.GenericScope     : BeanFactory id=8f8c229c-2219-334b-8f1d-7fb190c75506
2025-01-28T20:48:34.353+03:00  INFO 26560 --- [MS_Gateway] [restartedMain] o.s.b.w.embedded.tomcat.TomcatWebServer  : Tomcat initialized with port 8084 (http)
2025-01-28T20:48:34.372+03:00  INFO 26560 --- [MS_Gateway] [restartedMain] o.apache.catalina.core.StandardService   : Starting service [Tomcat]
2025-01-28T20:48:34.373+03:00  INFO 26560 --- [MS_Gateway] [restartedMain] o.apache.catalina.core.StandardEngine    : Starting Servlet engine: [Apache Tomcat/10.1.31]
2025-01-28T20:48:34.451+03:00  INFO 26560 --- [MS_Gateway] [restartedMain] o.a.c.c.C.[Tomcat].[localhost].[/]       : Initializing Spring embedded WebApplicationContext
2025-01-28T20:48:34.452+03:00  INFO 26560 --- [MS_Gateway] [restartedMain] w.s.c.ServletWebServerApplicationContext : Root WebApplicationContext: initialization completed in 2054 ms
2025-01-28T20:48:34.480+03:00  INFO 26560 --- [MS_Gateway] [restartedMain] com.zaxxer.hikari.HikariDataSource       : HikariPool-1 - Starting...
2025-01-28T20:48:34.724+03:00  INFO 26560 --- [MS_Gateway] [restartedMain] com.zaxxer.hikari.pool.HikariPool        : HikariPool-1 - Added connection conn0: url=jdbc:h2:mem:e6b44e55-d2a1-420c-9743-211993e605fe user=SA
2025-01-28T20:48:34.726+03:00  INFO 26560 --- [MS_Gateway] [restartedMain] com.zaxxer.hikari.HikariDataSource       : HikariPool-1 - Start completed.
2025-01-28T20:48:34.737+03:00  INFO 26560 --- [MS_Gateway] [restartedMain] o.s.b.a.h2.H2ConsoleAutoConfiguration    : H2 console available at '/h2-console'. Database available at 'jdbc:h2:mem:e6b44e55-d2a1-420c-9743-211993e605fe'
2025-01-28T20:48:34.900+03:00  INFO 26560 --- [MS_Gateway] [restartedMain] o.hibernate.jpa.internal.util.LogHelper  : HHH000204: Processing PersistenceUnitInfo [name: default]
2025-01-28T20:48:34.980+03:00  INFO 26560 --- [MS_Gateway] [restartedMain] org.hibernate.Version                    : HHH000412: Hibernate ORM core version 6.5.3.Final
2025-01-28T20:48:35.029+03:00  INFO 26560 --- [MS_Gateway] [restartedMain] o.h.c.internal.RegionFactoryInitiator    : HHH000026: Second-level cache disabled
2025-01-28T20:48:35.407+03:00  INFO 26560 --- [MS_Gateway] [restartedMain] o.s.o.j.p.SpringPersistenceUnitInfo      : No LoadTimeWeaver setup: ignoring JPA class transformer
2025-01-28T20:48:35.872+03:00  INFO 26560 --- [MS_Gateway] [restartedMain] o.h.e.t.j.p.i.JtaPlatformInitiator       : HHH000489: No JTA platform available (set 'hibernate.transaction.jta.platform' to enable JTA platform integration)
2025-01-28T20:48:35.881+03:00  INFO 26560 --- [MS_Gateway] [restartedMain] j.LocalContainerEntityManagerFactoryBean : Initialized JPA EntityManagerFactory for persistence unit 'default'
2025-01-28T20:48:36.090+03:00  WARN 26560 --- [MS_Gateway] [restartedMain] JpaBaseConfiguration$JpaWebConfiguration : spring.jpa.open-in-view is enabled by default. Therefore, database queries may be performed during view rendering. Explicitly configure spring.jpa.open-in-view to disable this warning
2025-01-28T20:48:36.134+03:00  WARN 26560 --- [MS_Gateway] [restartedMain] o.s.b.d.a.OptionalLiveReloadServer       : Unable to start LiveReload server
2025-01-28T20:48:37.794+03:00  INFO 26560 --- [MS_Gateway] [restartedMain] o.s.cloud.commons.util.InetUtils         : Cannot determine local hostname
2025-01-28T20:48:37.861+03:00  INFO 26560 --- [MS_Gateway] [restartedMain] o.s.b.w.embedded.tomcat.TomcatWebServer  : Tomcat started on port 8084 (http) with context path '/'
2025-01-28T20:48:38.865+03:00  INFO 26560 --- [MS_Gateway] [restartedMain] o.s.cloud.commons.util.InetUtils         : Cannot determine local hostname
2025-01-28T20:48:38.872+03:00  INFO 26560 --- [MS_Gateway] [restartedMain] ru.gateway.GatewayApplication            : Started GatewayApplication in 8.169 seconds (process running for 9.322)
2025-01-28T20:48:57.877+03:00  INFO 26560 --- [MS_Gateway] [http-nio-8084-exec-3] o.a.c.c.C.[Tomcat].[localhost].[/]       : Initializing Spring DispatcherServlet 'dispatcherServlet'
2025-01-28T20:48:57.877+03:00  INFO 26560 --- [MS_Gateway] [http-nio-8084-exec-3] o.s.web.servlet.DispatcherServlet        : Initializing Servlet 'dispatcherServlet'
2025-01-28T20:48:57.879+03:00  INFO 26560 --- [MS_Gateway] [http-nio-8084-exec-3] o.s.web.servlet.DispatcherServlet        : Completed initialization in 2 ms
2025-01-28T20:48:57.985+03:00  INFO 26560 --- [MS_Gateway] [http-nio-8084-exec-3] ru.gateway.service.GatewayService        : Запрос к MS Deal: /deal/admin/statement/{statementId}
2025-01-28T20:48:58.451+03:00  WARN 26560 --- [MS_Gateway] [http-nio-8084-exec-3] ru.deal.config.FeignErrorDecoder         : Ошибка при вызове микросервиса: DealFeignClient#getStatement(String)
2025-01-28T20:48:58.451+03:00  WARN 26560 --- [MS_Gateway] [http-nio-8084-exec-3] ru.deal.config.FeignErrorDecoder         : Статус: 500
2025-01-28T20:48:58.453+03:00  WARN 26560 --- [MS_Gateway] [http-nio-8084-exec-3] r.g.exception.StatementExceptionHandler  : Ошибка валидации при вызове микросервиса: null
2025-01-28T20:48:58.521+03:00  WARN 26560 --- [MS_Gateway] [http-nio-8084-exec-3] .m.m.a.ExceptionHandlerExceptionResolver : Resolved [ru.deal.exception.FeignValidationException]
2025-01-28T20:49:38.997+03:00  INFO 26560 --- [MS_Gateway] [File Watcher] rtingClassPathChangeChangedEventListener : Restarting due to 5 class path changes (0 additions, 5 deletions, 0 modifications)
2025-01-28T20:49:39.010+03:00  INFO 26560 --- [MS_Gateway] [Thread-1] j.LocalContainerEntityManagerFactoryBean : Closing JPA EntityManagerFactory for persistence unit 'default'
2025-01-28T20:49:39.019+03:00  WARN 26560 --- [MS_Gateway] [Thread-1] o.s.b.f.support.DisposableBeanAdapter    : Invocation of destroy method failed on bean with name 'inMemoryDatabaseShutdownExecutor': org.h2.jdbc.JdbcSQLNonTransientConnectionException: База данных уже закрыта (чтобы отключить автоматическое закрытие базы данных при останове JVM, добавьте ";DB_CLOSE_ON_EXIT=FALSE" в URL)
Database is already closed (to disable automatic closing at VM shutdown, add ";DB_CLOSE_ON_EXIT=FALSE" to the db URL) [90121-224]
2025-01-28T20:49:39.020+03:00  INFO 26560 --- [MS_Gateway] [Thread-1] com.zaxxer.hikari.HikariDataSource       : HikariPool-1 - Shutdown initiated...
2025-01-28T20:49:39.022+03:00  INFO 26560 --- [MS_Gateway] [Thread-1] com.zaxxer.hikari.HikariDataSource       : HikariPool-1 - Shutdown completed.
2025-01-28T20:49:40.142+03:00  INFO 26560 --- [MS_Gateway] [restartedMain] ru.gateway.GatewayApplication            : Starting GatewayApplication using Java 21.0.2 with PID 26560 (D:\Проекты\NeoFlex\Calculator_Neoflex\MS_Gateway\target\classes started by Admin in D:\Проекты\NeoFlex\Calculator_Neoflex)
2025-01-28T20:49:40.143+03:00  INFO 26560 --- [MS_Gateway] [restartedMain] ru.gateway.GatewayApplication            : No active profile set, falling back to 1 default profile: "default"
2025-01-28T20:49:40.758+03:00  INFO 26560 --- [MS_Gateway] [restartedMain] .s.d.r.c.RepositoryConfigurationDelegate : Bootstrapping Spring Data JPA repositories in DEFAULT mode.
2025-01-28T20:49:40.762+03:00  INFO 26560 --- [MS_Gateway] [restartedMain] .s.d.r.c.RepositoryConfigurationDelegate : Finished Spring Data repository scanning in 4 ms. Found 0 JPA repository interfaces.
2025-01-28T20:49:40.877+03:00  INFO 26560 --- [MS_Gateway] [restartedMain] o.s.cloud.context.scope.GenericScope     : BeanFactory id=8f8c229c-2219-334b-8f1d-7fb190c75506
2025-01-28T20:49:41.020+03:00  INFO 26560 --- [MS_Gateway] [restartedMain] o.s.b.w.embedded.tomcat.TomcatWebServer  : Tomcat initialized with port 8084 (http)
2025-01-28T20:49:41.020+03:00  INFO 26560 --- [MS_Gateway] [restartedMain] o.apache.catalina.core.StandardService   : Starting service [Tomcat]
2025-01-28T20:49:41.020+03:00  INFO 26560 --- [MS_Gateway] [restartedMain] o.apache.catalina.core.StandardEngine    : Starting Servlet engine: [Apache Tomcat/10.1.31]
2025-01-28T20:49:41.067+03:00  INFO 26560 --- [MS_Gateway] [restartedMain] o.a.c.c.C.[Tomcat].[localhost].[/]       : Initializing Spring embedded WebApplicationContext
2025-01-28T20:49:41.067+03:00  INFO 26560 --- [MS_Gateway] [restartedMain] w.s.c.ServletWebServerApplicationContext : Root WebApplicationContext: initialization completed in 921 ms
2025-01-28T20:49:41.082+03:00  INFO 26560 --- [MS_Gateway] [restartedMain] com.zaxxer.hikari.HikariDataSource       : HikariPool-2 - Starting...
2025-01-28T20:49:41.084+03:00  INFO 26560 --- [MS_Gateway] [restartedMain] com.zaxxer.hikari.pool.HikariPool        : HikariPool-2 - Added connection conn10: url=jdbc:h2:mem:e523a730-6a33-49ce-b282-d0d17e8636a3 user=SA
2025-01-28T20:49:41.085+03:00  INFO 26560 --- [MS_Gateway] [restartedMain] com.zaxxer.hikari.HikariDataSource       : HikariPool-2 - Start completed.
2025-01-28T20:49:41.085+03:00  INFO 26560 --- [MS_Gateway] [restartedMain] o.s.b.a.h2.H2ConsoleAutoConfiguration    : H2 console available at '/h2-console'. Database available at 'jdbc:h2:mem:e523a730-6a33-49ce-b282-d0d17e8636a3'
2025-01-28T20:49:41.118+03:00  INFO 26560 --- [MS_Gateway] [restartedMain] o.hibernate.jpa.internal.util.LogHelper  : HHH000204: Processing PersistenceUnitInfo [name: default]
2025-01-28T20:49:41.126+03:00  INFO 26560 --- [MS_Gateway] [restartedMain] o.h.c.internal.RegionFactoryInitiator    : HHH000026: Second-level cache disabled
2025-01-28T20:49:41.143+03:00  INFO 26560 --- [MS_Gateway] [restartedMain] o.s.o.j.p.SpringPersistenceUnitInfo      : No LoadTimeWeaver setup: ignoring JPA class transformer
2025-01-28T20:49:41.180+03:00  INFO 26560 --- [MS_Gateway] [restartedMain] o.h.e.t.j.p.i.JtaPlatformInitiator       : HHH000489: No JTA platform available (set 'hibernate.transaction.jta.platform' to enable JTA platform integration)
2025-01-28T20:49:41.181+03:00  INFO 26560 --- [MS_Gateway] [restartedMain] j.LocalContainerEntityManagerFactoryBean : Initialized JPA EntityManagerFactory for persistence unit 'default'
2025-01-28T20:49:41.260+03:00  WARN 26560 --- [MS_Gateway] [restartedMain] JpaBaseConfiguration$JpaWebConfiguration : spring.jpa.open-in-view is enabled by default. Therefore, database queries may be performed during view rendering. Explicitly configure spring.jpa.open-in-view to disable this warning
2025-01-28T20:49:41.276+03:00  WARN 26560 --- [MS_Gateway] [restartedMain] o.s.b.d.a.OptionalLiveReloadServer       : Unable to start LiveReload server
2025-01-28T20:49:42.501+03:00  INFO 26560 --- [MS_Gateway] [restartedMain] o.s.cloud.commons.util.InetUtils         : Cannot determine local hostname
2025-01-28T20:49:42.535+03:00  INFO 26560 --- [MS_Gateway] [restartedMain] o.s.b.w.embedded.tomcat.TomcatWebServer  : Tomcat started on port 8084 (http) with context path '/'
2025-01-28T20:49:43.032+03:00  INFO 26560 --- [MS_Gateway] [File Watcher] rtingClassPathChangeChangedEventListener : Restarting due to 5 class path changes (5 additions, 0 deletions, 0 modifications)
2025-01-28T20:49:43.545+03:00  INFO 26560 --- [MS_Gateway] [restartedMain] o.s.cloud.commons.util.InetUtils         : Cannot determine local hostname
2025-01-28T20:49:43.549+03:00  INFO 26560 --- [MS_Gateway] [restartedMain] ru.gateway.GatewayApplication            : Started GatewayApplication in 4.475 seconds (process running for 73.998)
2025-01-28T20:49:43.550+03:00  INFO 26560 --- [MS_Gateway] [restartedMain] .ConditionEvaluationDeltaLoggingListener : Condition evaluation unchanged
2025-01-28T20:49:43.555+03:00  INFO 26560 --- [MS_Gateway] [Thread-8] j.LocalContainerEntityManagerFactoryBean : Closing JPA EntityManagerFactory for persistence unit 'default'
2025-01-28T20:49:43.555+03:00  WARN 26560 --- [MS_Gateway] [Thread-8] o.s.b.f.support.DisposableBeanAdapter    : Invocation of destroy method failed on bean with name 'inMemoryDatabaseShutdownExecutor': org.h2.jdbc.JdbcSQLNonTransientConnectionException: База данных уже закрыта (чтобы отключить автоматическое закрытие базы данных при останове JVM, добавьте ";DB_CLOSE_ON_EXIT=FALSE" в URL)
Database is already closed (to disable automatic closing at VM shutdown, add ";DB_CLOSE_ON_EXIT=FALSE" to the db URL) [90121-224]
2025-01-28T20:49:43.556+03:00  INFO 26560 --- [MS_Gateway] [Thread-8] com.zaxxer.hikari.HikariDataSource       : HikariPool-2 - Shutdown initiated...
2025-01-28T20:49:43.557+03:00  INFO 26560 --- [MS_Gateway] [Thread-8] com.zaxxer.hikari.HikariDataSource       : HikariPool-2 - Shutdown completed.
2025-01-28T20:49:44.679+03:00  INFO 26560 --- [MS_Gateway] [restartedMain] ru.gateway.GatewayApplication            : Starting GatewayApplication using Java 21.0.2 with PID 26560 (D:\Проекты\NeoFlex\Calculator_Neoflex\MS_Gateway\target\classes started by Admin in D:\Проекты\NeoFlex\Calculator_Neoflex)
2025-01-28T20:49:44.680+03:00  INFO 26560 --- [MS_Gateway] [restartedMain] ru.gateway.GatewayApplication            : No active profile set, falling back to 1 default profile: "default"
2025-01-28T20:49:45.171+03:00  INFO 26560 --- [MS_Gateway] [restartedMain] .s.d.r.c.RepositoryConfigurationDelegate : Bootstrapping Spring Data JPA repositories in DEFAULT mode.
2025-01-28T20:49:45.175+03:00  INFO 26560 --- [MS_Gateway] [restartedMain] .s.d.r.c.RepositoryConfigurationDelegate : Finished Spring Data repository scanning in 3 ms. Found 0 JPA repository interfaces.
2025-01-28T20:49:45.253+03:00  INFO 26560 --- [MS_Gateway] [restartedMain] o.s.cloud.context.scope.GenericScope     : BeanFactory id=8f8c229c-2219-334b-8f1d-7fb190c75506
2025-01-28T20:49:45.328+03:00  INFO 26560 --- [MS_Gateway] [restartedMain] o.s.b.w.embedded.tomcat.TomcatWebServer  : Tomcat initialized with port 8084 (http)
2025-01-28T20:49:45.329+03:00  INFO 26560 --- [MS_Gateway] [restartedMain] o.apache.catalina.core.StandardService   : Starting service [Tomcat]
2025-01-28T20:49:45.329+03:00  INFO 26560 --- [MS_Gateway] [restartedMain] o.apache.catalina.core.StandardEngine    : Starting Servlet engine: [Apache Tomcat/10.1.31]
2025-01-28T20:49:45.366+03:00  INFO 26560 --- [MS_Gateway] [restartedMain] o.a.c.c.C.[Tomcat].[localhost].[/]       : Initializing Spring embedded WebApplicationContext
2025-01-28T20:49:45.366+03:00  INFO 26560 --- [MS_Gateway] [restartedMain] w.s.c.ServletWebServerApplicationContext : Root WebApplicationContext: initialization completed in 683 ms
2025-01-28T20:49:45.378+03:00  INFO 26560 --- [MS_Gateway] [restartedMain] com.zaxxer.hikari.HikariDataSource       : HikariPool-3 - Starting...
2025-01-28T20:49:45.380+03:00  INFO 26560 --- [MS_Gateway] [restartedMain] com.zaxxer.hikari.pool.HikariPool        : HikariPool-3 - Added connection conn20: url=jdbc:h2:mem:368ed47d-e07d-42c0-a8a3-03d5ad8a93a4 user=SA
2025-01-28T20:49:45.380+03:00  INFO 26560 --- [MS_Gateway] [restartedMain] com.zaxxer.hikari.HikariDataSource       : HikariPool-3 - Start completed.
2025-01-28T20:49:45.380+03:00  INFO 26560 --- [MS_Gateway] [restartedMain] o.s.b.a.h2.H2ConsoleAutoConfiguration    : H2 console available at '/h2-console'. Database available at 'jdbc:h2:mem:368ed47d-e07d-42c0-a8a3-03d5ad8a93a4'
2025-01-28T20:49:45.405+03:00  INFO 26560 --- [MS_Gateway] [restartedMain] o.hibernate.jpa.internal.util.LogHelper  : HHH000204: Processing PersistenceUnitInfo [name: default]
2025-01-28T20:49:45.413+03:00  INFO 26560 --- [MS_Gateway] [restartedMain] o.h.c.internal.RegionFactoryInitiator    : HHH000026: Second-level cache disabled
2025-01-28T20:49:45.428+03:00  INFO 26560 --- [MS_Gateway] [restartedMain] o.s.o.j.p.SpringPersistenceUnitInfo      : No LoadTimeWeaver setup: ignoring JPA class transformer
2025-01-28T20:49:45.457+03:00  INFO 26560 --- [MS_Gateway] [restartedMain] o.h.e.t.j.p.i.JtaPlatformInitiator       : HHH000489: No JTA platform available (set 'hibernate.transaction.jta.platform' to enable JTA platform integration)
2025-01-28T20:49:45.458+03:00  INFO 26560 --- [MS_Gateway] [restartedMain] j.LocalContainerEntityManagerFactoryBean : Initialized JPA EntityManagerFactory for persistence unit 'default'
2025-01-28T20:49:45.518+03:00  WARN 26560 --- [MS_Gateway] [restartedMain] JpaBaseConfiguration$JpaWebConfiguration : spring.jpa.open-in-view is enabled by default. Therefore, database queries may be performed during view rendering. Explicitly configure spring.jpa.open-in-view to disable this warning
2025-01-28T20:49:45.532+03:00  WARN 26560 --- [MS_Gateway] [restartedMain] o.s.b.d.a.OptionalLiveReloadServer       : Unable to start LiveReload server
2025-01-28T20:49:46.740+03:00  INFO 26560 --- [MS_Gateway] [restartedMain] o.s.cloud.commons.util.InetUtils         : Cannot determine local hostname
2025-01-28T20:49:46.765+03:00  INFO 26560 --- [MS_Gateway] [restartedMain] o.s.b.w.embedded.tomcat.TomcatWebServer  : Tomcat started on port 8084 (http) with context path '/'
2025-01-28T20:49:47.785+03:00  INFO 26560 --- [MS_Gateway] [restartedMain] o.s.cloud.commons.util.InetUtils         : Cannot determine local hostname
2025-01-28T20:49:47.795+03:00  INFO 26560 --- [MS_Gateway] [restartedMain] ru.gateway.GatewayApplication            : Started GatewayApplication in 4.185 seconds (process running for 78.244)
2025-01-28T20:49:47.796+03:00  INFO 26560 --- [MS_Gateway] [restartedMain] .ConditionEvaluationDeltaLoggingListener : Condition evaluation unchanged
2025-01-28T20:49:53.136+03:00  INFO 26560 --- [MS_Gateway] [http-nio-8084-exec-3] o.a.c.c.C.[Tomcat].[localhost].[/]       : Initializing Spring DispatcherServlet 'dispatcherServlet'
2025-01-28T20:49:53.136+03:00  INFO 26560 --- [MS_Gateway] [http-nio-8084-exec-3] o.s.web.servlet.DispatcherServlet        : Initializing Servlet 'dispatcherServlet'
2025-01-28T20:49:53.137+03:00  INFO 26560 --- [MS_Gateway] [http-nio-8084-exec-3] o.s.web.servlet.DispatcherServlet        : Completed initialization in 1 ms
2025-01-28T20:49:53.140+03:00  INFO 26560 --- [MS_Gateway] [http-nio-8084-exec-3] ru.gateway.service.GatewayService        : Запрос к MS Deal: /deal/admin/statement/{statementId}
2025-01-28T20:50:21.093+03:00  INFO 26560 --- [MS_Gateway] [http-nio-8084-exec-2] ru.gateway.service.GatewayService        : Запрос к MS Deal: /deal/admin/statement
2025-01-28T20:56:36.707+03:00  INFO 26560 --- [MS_Gateway] [http-nio-8084-exec-7] ru.gateway.service.GatewayService        : Запрос к MS Deal: /deal/calculate/{statementId}
2025-01-28T20:56:37.961+03:00  WARN 26560 --- [MS_Gateway] [http-nio-8084-exec-7] ru.deal.config.FeignErrorDecoder         : Ошибка при вызове микросервиса: DealFeignClient#finishRegistration(String,FinishRegistrationRequestDto)
2025-01-28T20:56:37.962+03:00  WARN 26560 --- [MS_Gateway] [http-nio-8084-exec-7] ru.deal.config.FeignErrorDecoder         : Статус: 400
2025-01-28T20:56:37.963+03:00  WARN 26560 --- [MS_Gateway] [http-nio-8084-exec-7] ru.deal.config.FeignErrorDecoder         : Тело ошибки: [{"field":"amount","message":"Сумма займа должна быть меньше 24 зарплат"}]
2025-01-28T20:56:37.968+03:00 ERROR 26560 --- [MS_Gateway] [http-nio-8084-exec-7] ru.deal.config.FeignErrorDecoder         : Ошибка при обработке ответа от микросервиса

com.fasterxml.jackson.databind.exc.MismatchedInputException: Cannot deserialize value of type `ru.calculator.dto.ValidationErrorResponse` from Array value (token `JsonToken.START_ARRAY`)
 at [Source: REDACTED (`StreamReadFeature.INCLUDE_SOURCE_IN_LOCATION` disabled); line: 1, column: 1]
	at com.fasterxml.jackson.databind.exc.MismatchedInputException.from(MismatchedInputException.java:59) ~[jackson-databind-2.17.2.jar:2.17.2]
	at com.fasterxml.jackson.databind.DeserializationContext.reportInputMismatch(DeserializationContext.java:1767) ~[jackson-databind-2.17.2.jar:2.17.2]
	at com.fasterxml.jackson.databind.DeserializationContext.handleUnexpectedToken(DeserializationContext.java:1541) ~[jackson-databind-2.17.2.jar:2.17.2]
	at com.fasterxml.jackson.databind.DeserializationContext.handleUnexpectedToken(DeserializationContext.java:1488) ~[jackson-databind-2.17.2.jar:2.17.2]
	at com.fasterxml.jackson.databind.deser.BeanDeserializer._deserializeFromArray(BeanDeserializer.java:660) ~[jackson-databind-2.17.2.jar:2.17.2]
	at com.fasterxml.jackson.databind.deser.BeanDeserializer._deserializeOther(BeanDeserializer.java:211) ~[jackson-databind-2.17.2.jar:2.17.2]
	at com.fasterxml.jackson.databind.deser.BeanDeserializer.deserialize(BeanDeserializer.java:187) ~[jackson-databind-2.17.2.jar:2.17.2]
	at com.fasterxml.jackson.databind.deser.DefaultDeserializationContext.readRootValue(DefaultDeserializationContext.java:342) ~[jackson-databind-2.17.2.jar:2.17.2]
	at com.fasterxml.jackson.databind.ObjectMapper._readMapAndClose(ObjectMapper.java:4905) ~[jackson-databind-2.17.2.jar:2.17.2]
	at com.fasterxml.jackson.databind.ObjectMapper.readValue(ObjectMapper.java:3848) ~[jackson-databind-2.17.2.jar:2.17.2]
	at com.fasterxml.jackson.databind.ObjectMapper.readValue(ObjectMapper.java:3816) ~[jackson-databind-2.17.2.jar:2.17.2]
	at ru.deal.config.FeignErrorDecoder.decode(FeignErrorDecoder.java:29) ~[classes/:na]
	at feign.InvocationContext.decodeError(InvocationContext.java:133) ~[feign-core-13.5.jar:na]
	at feign.InvocationContext.proceed(InvocationContext.java:80) ~[feign-core-13.5.jar:na]
	at feign.ResponseHandler.handleResponse(ResponseHandler.java:69) ~[feign-core-13.5.jar:na]
	at feign.SynchronousMethodHandler.executeAndDecode(SynchronousMethodHandler.java:109) ~[feign-core-13.5.jar:na]
	at feign.SynchronousMethodHandler.invoke(SynchronousMethodHandler.java:53) ~[feign-core-13.5.jar:na]
	at feign.ReflectiveFeign$FeignInvocationHandler.invoke(ReflectiveFeign.java:104) ~[feign-core-13.5.jar:na]
	at jdk.proxy6/jdk.proxy6.$Proxy139.finishRegistration(Unknown Source) ~[na:na]
	at ru.gateway.service.GatewayService.finishRegistration(GatewayService.java:36) ~[classes/:na]
	at ru.gateway.controller.GatewayController.finishRegistration(GatewayController.java:51) ~[classes/:na]
	at java.base/jdk.internal.reflect.DirectMethodHandleAccessor.invoke(DirectMethodHandleAccessor.java:103) ~[na:na]
	at java.base/java.lang.reflect.Method.invoke(Method.java:580) ~[na:na]
	at org.springframework.web.method.support.InvocableHandlerMethod.doInvoke(InvocableHandlerMethod.java:255) ~[spring-web-6.1.14.jar:6.1.14]
	at org.springframework.web.method.support.InvocableHandlerMethod.invokeForRequest(InvocableHandlerMethod.java:188) ~[spring-web-6.1.14.jar:6.1.14]
	at org.springframework.web.servlet.mvc.method.annotation.ServletInvocableHandlerMethod.invokeAndHandle(ServletInvocableHandlerMethod.java:118) ~[spring-webmvc-6.1.14.jar:6.1.14]
	at org.springframework.web.servlet.mvc.method.annotation.RequestMappingHandlerAdapter.invokeHandlerMethod(RequestMappingHandlerAdapter.java:926) ~[spring-webmvc-6.1.14.jar:6.1.14]
	at org.springframework.web.servlet.mvc.method.annotation.RequestMappingHandlerAdapter.handleInternal(RequestMappingHandlerAdapter.java:831) ~[spring-webmvc-6.1.14.jar:6.1.14]
	at org.springframework.web.servlet.mvc.method.AbstractHandlerMethodAdapter.handle(AbstractHandlerMethodAdapter.java:87) ~[spring-webmvc-6.1.14.jar:6.1.14]
	at org.springframework.web.servlet.DispatcherServlet.doDispatch(DispatcherServlet.java:1089) ~[spring-webmvc-6.1.14.jar:6.1.14]
	at org.springframework.web.servlet.DispatcherServlet.doService(DispatcherServlet.java:979) ~[spring-webmvc-6.1.14.jar:6.1.14]
	at org.springframework.web.servlet.FrameworkServlet.processRequest(FrameworkServlet.java:1014) ~[spring-webmvc-6.1.14.jar:6.1.14]
	at org.springframework.web.servlet.FrameworkServlet.doPost(FrameworkServlet.java:914) ~[spring-webmvc-6.1.14.jar:6.1.14]
	at jakarta.servlet.http.HttpServlet.service(HttpServlet.java:590) ~[tomcat-embed-core-10.1.31.jar:6.0]
	at org.springframework.web.servlet.FrameworkServlet.service(FrameworkServlet.java:885) ~[spring-webmvc-6.1.14.jar:6.1.14]
	at jakarta.servlet.http.HttpServlet.service(HttpServlet.java:658) ~[tomcat-embed-core-10.1.31.jar:6.0]
	at org.apache.catalina.core.ApplicationFilterChain.internalDoFilter(ApplicationFilterChain.java:195) ~[tomcat-embed-core-10.1.31.jar:10.1.31]
	at org.apache.catalina.core.ApplicationFilterChain.doFilter(ApplicationFilterChain.java:140) ~[tomcat-embed-core-10.1.31.jar:10.1.31]
	at org.apache.tomcat.websocket.server.WsFilter.doFilter(WsFilter.java:51) ~[tomcat-embed-websocket-10.1.31.jar:10.1.31]
	at org.apache.catalina.core.ApplicationFilterChain.internalDoFilter(ApplicationFilterChain.java:164) ~[tomcat-embed-core-10.1.31.jar:10.1.31]
	at org.apache.catalina.core.ApplicationFilterChain.doFilter(ApplicationFilterChain.java:140) ~[tomcat-embed-core-10.1.31.jar:10.1.31]
	at org.springframework.web.filter.RequestContextFilter.doFilterInternal(RequestContextFilter.java:100) ~[spring-web-6.1.14.jar:6.1.14]
	at org.springframework.web.filter.OncePerRequestFilter.doFilter(OncePerRequestFilter.java:116) ~[spring-web-6.1.14.jar:6.1.14]
	at org.apache.catalina.core.ApplicationFilterChain.internalDoFilter(ApplicationFilterChain.java:164) ~[tomcat-embed-core-10.1.31.jar:10.1.31]
	at org.apache.catalina.core.ApplicationFilterChain.doFilter(ApplicationFilterChain.java:140) ~[tomcat-embed-core-10.1.31.jar:10.1.31]
	at org.springframework.web.filter.FormContentFilter.doFilterInternal(FormContentFilter.java:93) ~[spring-web-6.1.14.jar:6.1.14]
	at org.springframework.web.filter.OncePerRequestFilter.doFilter(OncePerRequestFilter.java:116) ~[spring-web-6.1.14.jar:6.1.14]
	at org.apache.catalina.core.ApplicationFilterChain.internalDoFilter(ApplicationFilterChain.java:164) ~[tomcat-embed-core-10.1.31.jar:10.1.31]
	at org.apache.catalina.core.ApplicationFilterChain.doFilter(ApplicationFilterChain.java:140) ~[tomcat-embed-core-10.1.31.jar:10.1.31]
	at org.springframework.web.filter.CharacterEncodingFilter.doFilterInternal(CharacterEncodingFilter.java:201) ~[spring-web-6.1.14.jar:6.1.14]
	at org.springframework.web.filter.OncePerRequestFilter.doFilter(OncePerRequestFilter.java:116) ~[spring-web-6.1.14.jar:6.1.14]
	at org.apache.catalina.core.ApplicationFilterChain.internalDoFilter(ApplicationFilterChain.java:164) ~[tomcat-embed-core-10.1.31.jar:10.1.31]
	at org.apache.catalina.core.ApplicationFilterChain.doFilter(ApplicationFilterChain.java:140) ~[tomcat-embed-core-10.1.31.jar:10.1.31]
	at org.apache.catalina.core.StandardWrapperValve.invoke(StandardWrapperValve.java:167) ~[tomcat-embed-core-10.1.31.jar:10.1.31]
	at org.apache.catalina.core.StandardContextValve.invoke(StandardContextValve.java:90) ~[tomcat-embed-core-10.1.31.jar:10.1.31]
	at org.apache.catalina.authenticator.AuthenticatorBase.invoke(AuthenticatorBase.java:483) ~[tomcat-embed-core-10.1.31.jar:10.1.31]
	at org.apache.catalina.core.StandardHostValve.invoke(StandardHostValve.java:115) ~[tomcat-embed-core-10.1.31.jar:10.1.31]
	at org.apache.catalina.valves.ErrorReportValve.invoke(ErrorReportValve.java:93) ~[tomcat-embed-core-10.1.31.jar:10.1.31]
	at org.apache.catalina.core.StandardEngineValve.invoke(StandardEngineValve.java:74) ~[tomcat-embed-core-10.1.31.jar:10.1.31]
	at org.apache.catalina.connector.CoyoteAdapter.service(CoyoteAdapter.java:344) ~[tomcat-embed-core-10.1.31.jar:10.1.31]
	at org.apache.coyote.http11.Http11Processor.service(Http11Processor.java:384) ~[tomcat-embed-core-10.1.31.jar:10.1.31]
	at org.apache.coyote.AbstractProcessorLight.process(AbstractProcessorLight.java:63) ~[tomcat-embed-core-10.1.31.jar:10.1.31]
	at org.apache.coyote.AbstractProtocol$ConnectionHandler.process(AbstractProtocol.java:905) ~[tomcat-embed-core-10.1.31.jar:10.1.31]
	at org.apache.tomcat.util.net.NioEndpoint$SocketProcessor.doRun(NioEndpoint.java:1741) ~[tomcat-embed-core-10.1.31.jar:10.1.31]
	at org.apache.tomcat.util.net.SocketProcessorBase.run(SocketProcessorBase.java:52) ~[tomcat-embed-core-10.1.31.jar:10.1.31]
	at org.apache.tomcat.util.threads.ThreadPoolExecutor.runWorker(ThreadPoolExecutor.java:1190) ~[tomcat-embed-core-10.1.31.jar:10.1.31]
	at org.apache.tomcat.util.threads.ThreadPoolExecutor$Worker.run(ThreadPoolExecutor.java:659) ~[tomcat-embed-core-10.1.31.jar:10.1.31]
	at org.apache.tomcat.util.threads.TaskThread$WrappingRunnable.run(TaskThread.java:63) ~[tomcat-embed-core-10.1.31.jar:10.1.31]
	at java.base/java.lang.Thread.run(Thread.java:1583) ~[na:na]

2025-01-28T20:56:37.981+03:00  WARN 26560 --- [MS_Gateway] [http-nio-8084-exec-7] r.g.exception.StatementExceptionHandler  : Ошибка валидации при вызове микросервиса: null
2025-01-28T20:56:37.983+03:00  WARN 26560 --- [MS_Gateway] [http-nio-8084-exec-7] .m.m.a.ExceptionHandlerExceptionResolver : Resolved [ru.deal.exception.FeignValidationException]
2025-01-28T20:58:53.396+03:00  INFO 26560 --- [MS_Gateway] [SpringApplicationShutdownHook] j.LocalContainerEntityManagerFactoryBean : Closing JPA EntityManagerFactory for persistence unit 'default'
2025-01-28T20:58:53.397+03:00  WARN 26560 --- [MS_Gateway] [SpringApplicationShutdownHook] o.s.b.f.support.DisposableBeanAdapter    : Invocation of destroy method failed on bean with name 'inMemoryDatabaseShutdownExecutor': org.h2.jdbc.JdbcSQLNonTransientConnectionException: База данных уже закрыта (чтобы отключить автоматическое закрытие базы данных при останове JVM, добавьте ";DB_CLOSE_ON_EXIT=FALSE" в URL)
Database is already closed (to disable automatic closing at VM shutdown, add ";DB_CLOSE_ON_EXIT=FALSE" to the db URL) [90121-224]
2025-01-28T20:58:53.397+03:00  INFO 26560 --- [MS_Gateway] [SpringApplicationShutdownHook] com.zaxxer.hikari.HikariDataSource       : HikariPool-3 - Shutdown initiated...
2025-01-28T20:58:53.398+03:00  INFO 26560 --- [MS_Gateway] [SpringApplicationShutdownHook] com.zaxxer.hikari.HikariDataSource       : HikariPool-3 - Shutdown completed.
2025-01-28T20:58:56.894+03:00  INFO 22708 --- [MS_Gateway] [restartedMain] ru.gateway.GatewayApplication            : Starting GatewayApplication using Java 21.0.2 with PID 22708 (D:\Проекты\NeoFlex\Calculator_Neoflex\MS_Gateway\target\classes started by Admin in D:\Проекты\NeoFlex\Calculator_Neoflex)
2025-01-28T20:58:56.897+03:00  INFO 22708 --- [MS_Gateway] [restartedMain] ru.gateway.GatewayApplication            : No active profile set, falling back to 1 default profile: "default"
2025-01-28T20:58:57.005+03:00  INFO 22708 --- [MS_Gateway] [restartedMain] .e.DevToolsPropertyDefaultsPostProcessor : Devtools property defaults active! Set 'spring.devtools.add-properties' to 'false' to disable
2025-01-28T20:58:57.006+03:00  INFO 22708 --- [MS_Gateway] [restartedMain] .e.DevToolsPropertyDefaultsPostProcessor : For additional web related logging consider setting the 'logging.level.web' property to 'DEBUG'
2025-01-28T20:58:58.501+03:00  INFO 22708 --- [MS_Gateway] [restartedMain] .s.d.r.c.RepositoryConfigurationDelegate : Bootstrapping Spring Data JPA repositories in DEFAULT mode.
2025-01-28T20:58:58.529+03:00  INFO 22708 --- [MS_Gateway] [restartedMain] .s.d.r.c.RepositoryConfigurationDelegate : Finished Spring Data repository scanning in 18 ms. Found 0 JPA repository interfaces.
2025-01-28T20:58:58.826+03:00  INFO 22708 --- [MS_Gateway] [restartedMain] o.s.cloud.context.scope.GenericScope     : BeanFactory id=8f8c229c-2219-334b-8f1d-7fb190c75506
2025-01-28T20:58:59.368+03:00  INFO 22708 --- [MS_Gateway] [restartedMain] o.s.b.w.embedded.tomcat.TomcatWebServer  : Tomcat initialized with port 8084 (http)
2025-01-28T20:58:59.383+03:00  INFO 22708 --- [MS_Gateway] [restartedMain] o.apache.catalina.core.StandardService   : Starting service [Tomcat]
2025-01-28T20:58:59.384+03:00  INFO 22708 --- [MS_Gateway] [restartedMain] o.apache.catalina.core.StandardEngine    : Starting Servlet engine: [Apache Tomcat/10.1.31]
2025-01-28T20:58:59.459+03:00  INFO 22708 --- [MS_Gateway] [restartedMain] o.a.c.c.C.[Tomcat].[localhost].[/]       : Initializing Spring embedded WebApplicationContext
2025-01-28T20:58:59.459+03:00  INFO 22708 --- [MS_Gateway] [restartedMain] w.s.c.ServletWebServerApplicationContext : Root WebApplicationContext: initialization completed in 2452 ms
2025-01-28T20:58:59.487+03:00  INFO 22708 --- [MS_Gateway] [restartedMain] com.zaxxer.hikari.HikariDataSource       : HikariPool-1 - Starting...
2025-01-28T20:58:59.725+03:00  INFO 22708 --- [MS_Gateway] [restartedMain] com.zaxxer.hikari.pool.HikariPool        : HikariPool-1 - Added connection conn0: url=jdbc:h2:mem:a85287ef-96ea-45cb-9824-02cbe84e004f user=SA
2025-01-28T20:58:59.727+03:00  INFO 22708 --- [MS_Gateway] [restartedMain] com.zaxxer.hikari.HikariDataSource       : HikariPool-1 - Start completed.
2025-01-28T20:58:59.736+03:00  INFO 22708 --- [MS_Gateway] [restartedMain] o.s.b.a.h2.H2ConsoleAutoConfiguration    : H2 console available at '/h2-console'. Database available at 'jdbc:h2:mem:a85287ef-96ea-45cb-9824-02cbe84e004f'
2025-01-28T20:58:59.882+03:00  INFO 22708 --- [MS_Gateway] [restartedMain] o.hibernate.jpa.internal.util.LogHelper  : HHH000204: Processing PersistenceUnitInfo [name: default]
2025-01-28T20:58:59.976+03:00  INFO 22708 --- [MS_Gateway] [restartedMain] org.hibernate.Version                    : HHH000412: Hibernate ORM core version 6.5.3.Final
2025-01-28T20:59:00.022+03:00  INFO 22708 --- [MS_Gateway] [restartedMain] o.h.c.internal.RegionFactoryInitiator    : HHH000026: Second-level cache disabled
2025-01-28T20:59:00.415+03:00  INFO 22708 --- [MS_Gateway] [restartedMain] o.s.o.j.p.SpringPersistenceUnitInfo      : No LoadTimeWeaver setup: ignoring JPA class transformer
2025-01-28T20:59:00.928+03:00  INFO 22708 --- [MS_Gateway] [restartedMain] o.h.e.t.j.p.i.JtaPlatformInitiator       : HHH000489: No JTA platform available (set 'hibernate.transaction.jta.platform' to enable JTA platform integration)
2025-01-28T20:59:00.936+03:00  INFO 22708 --- [MS_Gateway] [restartedMain] j.LocalContainerEntityManagerFactoryBean : Initialized JPA EntityManagerFactory for persistence unit 'default'
2025-01-28T20:59:01.180+03:00  WARN 22708 --- [MS_Gateway] [restartedMain] JpaBaseConfiguration$JpaWebConfiguration : spring.jpa.open-in-view is enabled by default. Therefore, database queries may be performed during view rendering. Explicitly configure spring.jpa.open-in-view to disable this warning
2025-01-28T20:59:01.232+03:00  WARN 22708 --- [MS_Gateway] [restartedMain] o.s.b.d.a.OptionalLiveReloadServer       : Unable to start LiveReload server
2025-01-28T20:59:02.958+03:00  INFO 22708 --- [MS_Gateway] [restartedMain] o.s.cloud.commons.util.InetUtils         : Cannot determine local hostname
2025-01-28T20:59:03.030+03:00  INFO 22708 --- [MS_Gateway] [restartedMain] o.s.b.w.embedded.tomcat.TomcatWebServer  : Tomcat started on port 8084 (http) with context path '/'
2025-01-28T20:59:04.047+03:00  INFO 22708 --- [MS_Gateway] [restartedMain] o.s.cloud.commons.util.InetUtils         : Cannot determine local hostname
2025-01-28T20:59:04.054+03:00  INFO 22708 --- [MS_Gateway] [restartedMain] ru.gateway.GatewayApplication            : Started GatewayApplication in 8.787 seconds (process running for 9.705)
2025-01-28T20:59:06.881+03:00  INFO 22708 --- [MS_Gateway] [http-nio-8084-exec-3] o.a.c.c.C.[Tomcat].[localhost].[/]       : Initializing Spring DispatcherServlet 'dispatcherServlet'
2025-01-28T20:59:06.881+03:00  INFO 22708 --- [MS_Gateway] [http-nio-8084-exec-3] o.s.web.servlet.DispatcherServlet        : Initializing Servlet 'dispatcherServlet'
2025-01-28T20:59:06.884+03:00  INFO 22708 --- [MS_Gateway] [http-nio-8084-exec-3] o.s.web.servlet.DispatcherServlet        : Completed initialization in 2 ms
2025-01-28T20:59:07.172+03:00  INFO 22708 --- [MS_Gateway] [http-nio-8084-exec-3] ru.gateway.service.GatewayService        : Запрос к MS Deal: /deal/calculate/{statementId}
2025-01-28T20:59:07.251+03:00  WARN 22708 --- [MS_Gateway] [http-nio-8084-exec-3] ru.deal.config.FeignErrorDecoder         : Ошибка при вызове микросервиса: DealFeignClient#finishRegistration(String,FinishRegistrationRequestDto)
2025-01-28T20:59:07.251+03:00  WARN 22708 --- [MS_Gateway] [http-nio-8084-exec-3] ru.deal.config.FeignErrorDecoder         : Статус: 400
2025-01-28T20:59:07.253+03:00  WARN 22708 --- [MS_Gateway] [http-nio-8084-exec-3] ru.deal.config.FeignErrorDecoder         : Тело ошибки: [{"field":"amount","message":"Сумма займа должна быть меньше 24 зарплат"}]
2025-01-28T20:59:31.027+03:00 ERROR 22708 --- [MS_Gateway] [http-nio-8084-exec-3] ru.deal.config.FeignErrorDecoder         : Ошибка при обработке ответа от микросервиса

com.fasterxml.jackson.databind.exc.MismatchedInputException: Cannot deserialize value of type `ru.calculator.dto.ValidationErrorResponse` from Array value (token `JsonToken.START_ARRAY`)
 at [Source: REDACTED (`StreamReadFeature.INCLUDE_SOURCE_IN_LOCATION` disabled); line: 1, column: 1]
	at com.fasterxml.jackson.databind.exc.MismatchedInputException.from(MismatchedInputException.java:59) ~[jackson-databind-2.17.2.jar:2.17.2]
	at com.fasterxml.jackson.databind.DeserializationContext.reportInputMismatch(DeserializationContext.java:1767) ~[jackson-databind-2.17.2.jar:2.17.2]
	at com.fasterxml.jackson.databind.DeserializationContext.handleUnexpectedToken(DeserializationContext.java:1541) ~[jackson-databind-2.17.2.jar:2.17.2]
	at com.fasterxml.jackson.databind.DeserializationContext.handleUnexpectedToken(DeserializationContext.java:1488) ~[jackson-databind-2.17.2.jar:2.17.2]
	at com.fasterxml.jackson.databind.deser.BeanDeserializer._deserializeFromArray(BeanDeserializer.java:660) ~[jackson-databind-2.17.2.jar:2.17.2]
	at com.fasterxml.jackson.databind.deser.BeanDeserializer._deserializeOther(BeanDeserializer.java:211) ~[jackson-databind-2.17.2.jar:2.17.2]
	at com.fasterxml.jackson.databind.deser.BeanDeserializer.deserialize(BeanDeserializer.java:187) ~[jackson-databind-2.17.2.jar:2.17.2]
	at com.fasterxml.jackson.databind.deser.DefaultDeserializationContext.readRootValue(DefaultDeserializationContext.java:342) ~[jackson-databind-2.17.2.jar:2.17.2]
	at com.fasterxml.jackson.databind.ObjectMapper._readMapAndClose(ObjectMapper.java:4905) ~[jackson-databind-2.17.2.jar:2.17.2]
	at com.fasterxml.jackson.databind.ObjectMapper.readValue(ObjectMapper.java:3848) ~[jackson-databind-2.17.2.jar:2.17.2]
	at com.fasterxml.jackson.databind.ObjectMapper.readValue(ObjectMapper.java:3816) ~[jackson-databind-2.17.2.jar:2.17.2]
	at ru.deal.config.FeignErrorDecoder.decode(FeignErrorDecoder.java:29) ~[classes/:na]
	at feign.InvocationContext.decodeError(InvocationContext.java:133) ~[feign-core-13.5.jar:na]
	at feign.InvocationContext.proceed(InvocationContext.java:80) ~[feign-core-13.5.jar:na]
	at feign.ResponseHandler.handleResponse(ResponseHandler.java:69) ~[feign-core-13.5.jar:na]
	at feign.SynchronousMethodHandler.executeAndDecode(SynchronousMethodHandler.java:109) ~[feign-core-13.5.jar:na]
	at feign.SynchronousMethodHandler.invoke(SynchronousMethodHandler.java:53) ~[feign-core-13.5.jar:na]
	at feign.ReflectiveFeign$FeignInvocationHandler.invoke(ReflectiveFeign.java:104) ~[feign-core-13.5.jar:na]
	at jdk.proxy4/jdk.proxy4.$Proxy121.finishRegistration(Unknown Source) ~[na:na]
	at ru.gateway.service.GatewayService.finishRegistration(GatewayService.java:36) ~[classes/:na]
	at ru.gateway.controller.GatewayController.finishRegistration(GatewayController.java:51) ~[classes/:na]
	at java.base/jdk.internal.reflect.DirectMethodHandleAccessor.invoke(DirectMethodHandleAccessor.java:103) ~[na:na]
	at java.base/java.lang.reflect.Method.invoke(Method.java:580) ~[na:na]
	at org.springframework.web.method.support.InvocableHandlerMethod.doInvoke(InvocableHandlerMethod.java:255) ~[spring-web-6.1.14.jar:6.1.14]
	at org.springframework.web.method.support.InvocableHandlerMethod.invokeForRequest(InvocableHandlerMethod.java:188) ~[spring-web-6.1.14.jar:6.1.14]
	at org.springframework.web.servlet.mvc.method.annotation.ServletInvocableHandlerMethod.invokeAndHandle(ServletInvocableHandlerMethod.java:118) ~[spring-webmvc-6.1.14.jar:6.1.14]
	at org.springframework.web.servlet.mvc.method.annotation.RequestMappingHandlerAdapter.invokeHandlerMethod(RequestMappingHandlerAdapter.java:926) ~[spring-webmvc-6.1.14.jar:6.1.14]
	at org.springframework.web.servlet.mvc.method.annotation.RequestMappingHandlerAdapter.handleInternal(RequestMappingHandlerAdapter.java:831) ~[spring-webmvc-6.1.14.jar:6.1.14]
	at org.springframework.web.servlet.mvc.method.AbstractHandlerMethodAdapter.handle(AbstractHandlerMethodAdapter.java:87) ~[spring-webmvc-6.1.14.jar:6.1.14]
	at org.springframework.web.servlet.DispatcherServlet.doDispatch(DispatcherServlet.java:1089) ~[spring-webmvc-6.1.14.jar:6.1.14]
	at org.springframework.web.servlet.DispatcherServlet.doService(DispatcherServlet.java:979) ~[spring-webmvc-6.1.14.jar:6.1.14]
	at org.springframework.web.servlet.FrameworkServlet.processRequest(FrameworkServlet.java:1014) ~[spring-webmvc-6.1.14.jar:6.1.14]
	at org.springframework.web.servlet.FrameworkServlet.doPost(FrameworkServlet.java:914) ~[spring-webmvc-6.1.14.jar:6.1.14]
	at jakarta.servlet.http.HttpServlet.service(HttpServlet.java:590) ~[tomcat-embed-core-10.1.31.jar:6.0]
	at org.springframework.web.servlet.FrameworkServlet.service(FrameworkServlet.java:885) ~[spring-webmvc-6.1.14.jar:6.1.14]
	at jakarta.servlet.http.HttpServlet.service(HttpServlet.java:658) ~[tomcat-embed-core-10.1.31.jar:6.0]
	at org.apache.catalina.core.ApplicationFilterChain.internalDoFilter(ApplicationFilterChain.java:195) ~[tomcat-embed-core-10.1.31.jar:10.1.31]
	at org.apache.catalina.core.ApplicationFilterChain.doFilter(ApplicationFilterChain.java:140) ~[tomcat-embed-core-10.1.31.jar:10.1.31]
	at org.apache.tomcat.websocket.server.WsFilter.doFilter(WsFilter.java:51) ~[tomcat-embed-websocket-10.1.31.jar:10.1.31]
	at org.apache.catalina.core.ApplicationFilterChain.internalDoFilter(ApplicationFilterChain.java:164) ~[tomcat-embed-core-10.1.31.jar:10.1.31]
	at org.apache.catalina.core.ApplicationFilterChain.doFilter(ApplicationFilterChain.java:140) ~[tomcat-embed-core-10.1.31.jar:10.1.31]
	at org.springframework.web.filter.RequestContextFilter.doFilterInternal(RequestContextFilter.java:100) ~[spring-web-6.1.14.jar:6.1.14]
	at org.springframework.web.filter.OncePerRequestFilter.doFilter(OncePerRequestFilter.java:116) ~[spring-web-6.1.14.jar:6.1.14]
	at org.apache.catalina.core.ApplicationFilterChain.internalDoFilter(ApplicationFilterChain.java:164) ~[tomcat-embed-core-10.1.31.jar:10.1.31]
	at org.apache.catalina.core.ApplicationFilterChain.doFilter(ApplicationFilterChain.java:140) ~[tomcat-embed-core-10.1.31.jar:10.1.31]
	at org.springframework.web.filter.FormContentFilter.doFilterInternal(FormContentFilter.java:93) ~[spring-web-6.1.14.jar:6.1.14]
	at org.springframework.web.filter.OncePerRequestFilter.doFilter(OncePerRequestFilter.java:116) ~[spring-web-6.1.14.jar:6.1.14]
	at org.apache.catalina.core.ApplicationFilterChain.internalDoFilter(ApplicationFilterChain.java:164) ~[tomcat-embed-core-10.1.31.jar:10.1.31]
	at org.apache.catalina.core.ApplicationFilterChain.doFilter(ApplicationFilterChain.java:140) ~[tomcat-embed-core-10.1.31.jar:10.1.31]
	at org.springframework.web.filter.CharacterEncodingFilter.doFilterInternal(CharacterEncodingFilter.java:201) ~[spring-web-6.1.14.jar:6.1.14]
	at org.springframework.web.filter.OncePerRequestFilter.doFilter(OncePerRequestFilter.java:116) ~[spring-web-6.1.14.jar:6.1.14]
	at org.apache.catalina.core.ApplicationFilterChain.internalDoFilter(ApplicationFilterChain.java:164) ~[tomcat-embed-core-10.1.31.jar:10.1.31]
	at org.apache.catalina.core.ApplicationFilterChain.doFilter(ApplicationFilterChain.java:140) ~[tomcat-embed-core-10.1.31.jar:10.1.31]
	at org.apache.catalina.core.StandardWrapperValve.invoke(StandardWrapperValve.java:167) ~[tomcat-embed-core-10.1.31.jar:10.1.31]
	at org.apache.catalina.core.StandardContextValve.invoke(StandardContextValve.java:90) ~[tomcat-embed-core-10.1.31.jar:10.1.31]
	at org.apache.catalina.authenticator.AuthenticatorBase.invoke(AuthenticatorBase.java:483) ~[tomcat-embed-core-10.1.31.jar:10.1.31]
	at org.apache.catalina.core.StandardHostValve.invoke(StandardHostValve.java:115) ~[tomcat-embed-core-10.1.31.jar:10.1.31]
	at org.apache.catalina.valves.ErrorReportValve.invoke(ErrorReportValve.java:93) ~[tomcat-embed-core-10.1.31.jar:10.1.31]
	at org.apache.catalina.core.StandardEngineValve.invoke(StandardEngineValve.java:74) ~[tomcat-embed-core-10.1.31.jar:10.1.31]
	at org.apache.catalina.connector.CoyoteAdapter.service(CoyoteAdapter.java:344) ~[tomcat-embed-core-10.1.31.jar:10.1.31]
	at org.apache.coyote.http11.Http11Processor.service(Http11Processor.java:384) ~[tomcat-embed-core-10.1.31.jar:10.1.31]
	at org.apache.coyote.AbstractProcessorLight.process(AbstractProcessorLight.java:63) ~[tomcat-embed-core-10.1.31.jar:10.1.31]
	at org.apache.coyote.AbstractProtocol$ConnectionHandler.process(AbstractProtocol.java:905) ~[tomcat-embed-core-10.1.31.jar:10.1.31]
	at org.apache.tomcat.util.net.NioEndpoint$SocketProcessor.doRun(NioEndpoint.java:1741) ~[tomcat-embed-core-10.1.31.jar:10.1.31]
	at org.apache.tomcat.util.net.SocketProcessorBase.run(SocketProcessorBase.java:52) ~[tomcat-embed-core-10.1.31.jar:10.1.31]
	at org.apache.tomcat.util.threads.ThreadPoolExecutor.runWorker(ThreadPoolExecutor.java:1190) ~[tomcat-embed-core-10.1.31.jar:10.1.31]
	at org.apache.tomcat.util.threads.ThreadPoolExecutor$Worker.run(ThreadPoolExecutor.java:659) ~[tomcat-embed-core-10.1.31.jar:10.1.31]
	at org.apache.tomcat.util.threads.TaskThread$WrappingRunnable.run(TaskThread.java:63) ~[tomcat-embed-core-10.1.31.jar:10.1.31]
	at java.base/java.lang.Thread.run(Thread.java:1583) ~[na:na]

2025-01-28T20:59:31.100+03:00  WARN 22708 --- [MS_Gateway] [http-nio-8084-exec-3] r.g.exception.StatementExceptionHandler  : Ошибка валидации при вызове микросервиса: null
2025-01-28T20:59:31.112+03:00  WARN 22708 --- [MS_Gateway] [http-nio-8084-exec-3] .m.m.a.ExceptionHandlerExceptionResolver : Resolved [ru.deal.exception.FeignValidationException]
2025-01-28T20:59:54.157+03:00  INFO 22708 --- [MS_Gateway] [http-nio-8084-exec-2] ru.gateway.service.GatewayService        : Запрос к MS Deal: /deal/calculate/{statementId}
2025-01-28T20:59:54.188+03:00  WARN 22708 --- [MS_Gateway] [http-nio-8084-exec-2] ru.deal.config.FeignErrorDecoder         : Ошибка при вызове микросервиса: DealFeignClient#finishRegistration(String,FinishRegistrationRequestDto)
2025-01-28T20:59:54.188+03:00  WARN 22708 --- [MS_Gateway] [http-nio-8084-exec-2] ru.deal.config.FeignErrorDecoder         : Статус: 400
2025-01-28T20:59:54.188+03:00  WARN 22708 --- [MS_Gateway] [http-nio-8084-exec-2] ru.deal.config.FeignErrorDecoder         : Тело ошибки: [{"field":"amount","message":"Сумма займа должна быть меньше 24 зарплат"}]
2025-01-28T20:59:54.188+03:00 ERROR 22708 --- [MS_Gateway] [http-nio-8084-exec-2] ru.deal.config.FeignErrorDecoder         : Ошибка при обработке ответа от микросервиса

com.fasterxml.jackson.databind.exc.MismatchedInputException: Cannot deserialize value of type `ru.calculator.dto.ValidationErrorResponse` from Array value (token `JsonToken.START_ARRAY`)
 at [Source: REDACTED (`StreamReadFeature.INCLUDE_SOURCE_IN_LOCATION` disabled); line: 1, column: 1]
	at com.fasterxml.jackson.databind.exc.MismatchedInputException.from(MismatchedInputException.java:59) ~[jackson-databind-2.17.2.jar:2.17.2]
	at com.fasterxml.jackson.databind.DeserializationContext.reportInputMismatch(DeserializationContext.java:1767) ~[jackson-databind-2.17.2.jar:2.17.2]
	at com.fasterxml.jackson.databind.DeserializationContext.handleUnexpectedToken(DeserializationContext.java:1541) ~[jackson-databind-2.17.2.jar:2.17.2]
	at com.fasterxml.jackson.databind.DeserializationContext.handleUnexpectedToken(DeserializationContext.java:1488) ~[jackson-databind-2.17.2.jar:2.17.2]
	at com.fasterxml.jackson.databind.deser.BeanDeserializer._deserializeFromArray(BeanDeserializer.java:660) ~[jackson-databind-2.17.2.jar:2.17.2]
	at com.fasterxml.jackson.databind.deser.BeanDeserializer._deserializeOther(BeanDeserializer.java:211) ~[jackson-databind-2.17.2.jar:2.17.2]
	at com.fasterxml.jackson.databind.deser.BeanDeserializer.deserialize(BeanDeserializer.java:187) ~[jackson-databind-2.17.2.jar:2.17.2]
	at com.fasterxml.jackson.databind.deser.DefaultDeserializationContext.readRootValue(DefaultDeserializationContext.java:342) ~[jackson-databind-2.17.2.jar:2.17.2]
	at com.fasterxml.jackson.databind.ObjectMapper._readMapAndClose(ObjectMapper.java:4905) ~[jackson-databind-2.17.2.jar:2.17.2]
	at com.fasterxml.jackson.databind.ObjectMapper.readValue(ObjectMapper.java:3848) ~[jackson-databind-2.17.2.jar:2.17.2]
	at com.fasterxml.jackson.databind.ObjectMapper.readValue(ObjectMapper.java:3816) ~[jackson-databind-2.17.2.jar:2.17.2]
	at ru.deal.config.FeignErrorDecoder.decode(FeignErrorDecoder.java:29) ~[classes/:na]
	at feign.InvocationContext.decodeError(InvocationContext.java:133) ~[feign-core-13.5.jar:na]
	at feign.InvocationContext.proceed(InvocationContext.java:80) ~[feign-core-13.5.jar:na]
	at feign.ResponseHandler.handleResponse(ResponseHandler.java:69) ~[feign-core-13.5.jar:na]
	at feign.SynchronousMethodHandler.executeAndDecode(SynchronousMethodHandler.java:109) ~[feign-core-13.5.jar:na]
	at feign.SynchronousMethodHandler.invoke(SynchronousMethodHandler.java:53) ~[feign-core-13.5.jar:na]
	at feign.ReflectiveFeign$FeignInvocationHandler.invoke(ReflectiveFeign.java:104) ~[feign-core-13.5.jar:na]
	at jdk.proxy4/jdk.proxy4.$Proxy121.finishRegistration(Unknown Source) ~[na:na]
	at ru.gateway.service.GatewayService.finishRegistration(GatewayService.java:36) ~[classes/:na]
	at ru.gateway.controller.GatewayController.finishRegistration(GatewayController.java:51) ~[classes/:na]
	at java.base/jdk.internal.reflect.DirectMethodHandleAccessor.invoke(DirectMethodHandleAccessor.java:103) ~[na:na]
	at java.base/java.lang.reflect.Method.invoke(Method.java:580) ~[na:na]
	at org.springframework.web.method.support.InvocableHandlerMethod.doInvoke(InvocableHandlerMethod.java:255) ~[spring-web-6.1.14.jar:6.1.14]
	at org.springframework.web.method.support.InvocableHandlerMethod.invokeForRequest(InvocableHandlerMethod.java:188) ~[spring-web-6.1.14.jar:6.1.14]
	at org.springframework.web.servlet.mvc.method.annotation.ServletInvocableHandlerMethod.invokeAndHandle(ServletInvocableHandlerMethod.java:118) ~[spring-webmvc-6.1.14.jar:6.1.14]
	at org.springframework.web.servlet.mvc.method.annotation.RequestMappingHandlerAdapter.invokeHandlerMethod(RequestMappingHandlerAdapter.java:926) ~[spring-webmvc-6.1.14.jar:6.1.14]
	at org.springframework.web.servlet.mvc.method.annotation.RequestMappingHandlerAdapter.handleInternal(RequestMappingHandlerAdapter.java:831) ~[spring-webmvc-6.1.14.jar:6.1.14]
	at org.springframework.web.servlet.mvc.method.AbstractHandlerMethodAdapter.handle(AbstractHandlerMethodAdapter.java:87) ~[spring-webmvc-6.1.14.jar:6.1.14]
	at org.springframework.web.servlet.DispatcherServlet.doDispatch(DispatcherServlet.java:1089) ~[spring-webmvc-6.1.14.jar:6.1.14]
	at org.springframework.web.servlet.DispatcherServlet.doService(DispatcherServlet.java:979) ~[spring-webmvc-6.1.14.jar:6.1.14]
	at org.springframework.web.servlet.FrameworkServlet.processRequest(FrameworkServlet.java:1014) ~[spring-webmvc-6.1.14.jar:6.1.14]
	at org.springframework.web.servlet.FrameworkServlet.doPost(FrameworkServlet.java:914) ~[spring-webmvc-6.1.14.jar:6.1.14]
	at jakarta.servlet.http.HttpServlet.service(HttpServlet.java:590) ~[tomcat-embed-core-10.1.31.jar:6.0]
	at org.springframework.web.servlet.FrameworkServlet.service(FrameworkServlet.java:885) ~[spring-webmvc-6.1.14.jar:6.1.14]
	at jakarta.servlet.http.HttpServlet.service(HttpServlet.java:658) ~[tomcat-embed-core-10.1.31.jar:6.0]
	at org.apache.catalina.core.ApplicationFilterChain.internalDoFilter(ApplicationFilterChain.java:195) ~[tomcat-embed-core-10.1.31.jar:10.1.31]
	at org.apache.catalina.core.ApplicationFilterChain.doFilter(ApplicationFilterChain.java:140) ~[tomcat-embed-core-10.1.31.jar:10.1.31]
	at org.apache.tomcat.websocket.server.WsFilter.doFilter(WsFilter.java:51) ~[tomcat-embed-websocket-10.1.31.jar:10.1.31]
	at org.apache.catalina.core.ApplicationFilterChain.internalDoFilter(ApplicationFilterChain.java:164) ~[tomcat-embed-core-10.1.31.jar:10.1.31]
	at org.apache.catalina.core.ApplicationFilterChain.doFilter(ApplicationFilterChain.java:140) ~[tomcat-embed-core-10.1.31.jar:10.1.31]
	at org.springframework.web.filter.RequestContextFilter.doFilterInternal(RequestContextFilter.java:100) ~[spring-web-6.1.14.jar:6.1.14]
	at org.springframework.web.filter.OncePerRequestFilter.doFilter(OncePerRequestFilter.java:116) ~[spring-web-6.1.14.jar:6.1.14]
	at org.apache.catalina.core.ApplicationFilterChain.internalDoFilter(ApplicationFilterChain.java:164) ~[tomcat-embed-core-10.1.31.jar:10.1.31]
	at org.apache.catalina.core.ApplicationFilterChain.doFilter(ApplicationFilterChain.java:140) ~[tomcat-embed-core-10.1.31.jar:10.1.31]
	at org.springframework.web.filter.FormContentFilter.doFilterInternal(FormContentFilter.java:93) ~[spring-web-6.1.14.jar:6.1.14]
	at org.springframework.web.filter.OncePerRequestFilter.doFilter(OncePerRequestFilter.java:116) ~[spring-web-6.1.14.jar:6.1.14]
	at org.apache.catalina.core.ApplicationFilterChain.internalDoFilter(ApplicationFilterChain.java:164) ~[tomcat-embed-core-10.1.31.jar:10.1.31]
	at org.apache.catalina.core.ApplicationFilterChain.doFilter(ApplicationFilterChain.java:140) ~[tomcat-embed-core-10.1.31.jar:10.1.31]
	at org.springframework.web.filter.CharacterEncodingFilter.doFilterInternal(CharacterEncodingFilter.java:201) ~[spring-web-6.1.14.jar:6.1.14]
	at org.springframework.web.filter.OncePerRequestFilter.doFilter(OncePerRequestFilter.java:116) ~[spring-web-6.1.14.jar:6.1.14]
	at org.apache.catalina.core.ApplicationFilterChain.internalDoFilter(ApplicationFilterChain.java:164) ~[tomcat-embed-core-10.1.31.jar:10.1.31]
	at org.apache.catalina.core.ApplicationFilterChain.doFilter(ApplicationFilterChain.java:140) ~[tomcat-embed-core-10.1.31.jar:10.1.31]
	at org.apache.catalina.core.StandardWrapperValve.invoke(StandardWrapperValve.java:167) ~[tomcat-embed-core-10.1.31.jar:10.1.31]
	at org.apache.catalina.core.StandardContextValve.invoke(StandardContextValve.java:90) ~[tomcat-embed-core-10.1.31.jar:10.1.31]
	at org.apache.catalina.authenticator.AuthenticatorBase.invoke(AuthenticatorBase.java:483) ~[tomcat-embed-core-10.1.31.jar:10.1.31]
	at org.apache.catalina.core.StandardHostValve.invoke(StandardHostValve.java:115) ~[tomcat-embed-core-10.1.31.jar:10.1.31]
	at org.apache.catalina.valves.ErrorReportValve.invoke(ErrorReportValve.java:93) ~[tomcat-embed-core-10.1.31.jar:10.1.31]
	at org.apache.catalina.core.StandardEngineValve.invoke(StandardEngineValve.java:74) ~[tomcat-embed-core-10.1.31.jar:10.1.31]
	at org.apache.catalina.connector.CoyoteAdapter.service(CoyoteAdapter.java:344) ~[tomcat-embed-core-10.1.31.jar:10.1.31]
	at org.apache.coyote.http11.Http11Processor.service(Http11Processor.java:384) ~[tomcat-embed-core-10.1.31.jar:10.1.31]
	at org.apache.coyote.AbstractProcessorLight.process(AbstractProcessorLight.java:63) ~[tomcat-embed-core-10.1.31.jar:10.1.31]
	at org.apache.coyote.AbstractProtocol$ConnectionHandler.process(AbstractProtocol.java:905) ~[tomcat-embed-core-10.1.31.jar:10.1.31]
	at org.apache.tomcat.util.net.NioEndpoint$SocketProcessor.doRun(NioEndpoint.java:1741) ~[tomcat-embed-core-10.1.31.jar:10.1.31]
	at org.apache.tomcat.util.net.SocketProcessorBase.run(SocketProcessorBase.java:52) ~[tomcat-embed-core-10.1.31.jar:10.1.31]
	at org.apache.tomcat.util.threads.ThreadPoolExecutor.runWorker(ThreadPoolExecutor.java:1190) ~[tomcat-embed-core-10.1.31.jar:10.1.31]
	at org.apache.tomcat.util.threads.ThreadPoolExecutor$Worker.run(ThreadPoolExecutor.java:659) ~[tomcat-embed-core-10.1.31.jar:10.1.31]
	at org.apache.tomcat.util.threads.TaskThread$WrappingRunnable.run(TaskThread.java:63) ~[tomcat-embed-core-10.1.31.jar:10.1.31]
	at java.base/java.lang.Thread.run(Thread.java:1583) ~[na:na]

2025-01-28T20:59:54.191+03:00  WARN 22708 --- [MS_Gateway] [http-nio-8084-exec-2] r.g.exception.StatementExceptionHandler  : Ошибка валидации при вызове микросервиса: null
2025-01-28T20:59:54.192+03:00  WARN 22708 --- [MS_Gateway] [http-nio-8084-exec-2] .m.m.a.ExceptionHandlerExceptionResolver : Resolved [ru.deal.exception.FeignValidationException]
2025-01-28T20:59:57.850+03:00  INFO 22708 --- [MS_Gateway] [http-nio-8084-exec-6] ru.gateway.service.GatewayService        : Запрос к MS Deal: /deal/calculate/{statementId}
2025-01-28T20:59:57.882+03:00  WARN 22708 --- [MS_Gateway] [http-nio-8084-exec-6] ru.deal.config.FeignErrorDecoder         : Ошибка при вызове микросервиса: DealFeignClient#finishRegistration(String,FinishRegistrationRequestDto)
2025-01-28T20:59:57.882+03:00  WARN 22708 --- [MS_Gateway] [http-nio-8084-exec-6] ru.deal.config.FeignErrorDecoder         : Статус: 400
2025-01-28T21:00:01.757+03:00  WARN 22708 --- [MS_Gateway] [http-nio-8084-exec-6] ru.deal.config.FeignErrorDecoder         : Тело ошибки: [{"field":"amount","message":"Сумма займа должна быть меньше 24 зарплат"}]
2025-01-28T21:00:11.216+03:00 ERROR 22708 --- [MS_Gateway] [http-nio-8084-exec-6] ru.deal.config.FeignErrorDecoder         : Ошибка при обработке ответа от микросервиса

com.fasterxml.jackson.databind.exc.MismatchedInputException: Cannot deserialize value of type `ru.calculator.dto.ValidationErrorResponse` from Array value (token `JsonToken.START_ARRAY`)
 at [Source: REDACTED (`StreamReadFeature.INCLUDE_SOURCE_IN_LOCATION` disabled); line: 1, column: 1]
	at com.fasterxml.jackson.databind.exc.MismatchedInputException.from(MismatchedInputException.java:59) ~[jackson-databind-2.17.2.jar:2.17.2]
	at com.fasterxml.jackson.databind.DeserializationContext.reportInputMismatch(DeserializationContext.java:1767) ~[jackson-databind-2.17.2.jar:2.17.2]
	at com.fasterxml.jackson.databind.DeserializationContext.handleUnexpectedToken(DeserializationContext.java:1541) ~[jackson-databind-2.17.2.jar:2.17.2]
	at com.fasterxml.jackson.databind.DeserializationContext.handleUnexpectedToken(DeserializationContext.java:1488) ~[jackson-databind-2.17.2.jar:2.17.2]
	at com.fasterxml.jackson.databind.deser.BeanDeserializer._deserializeFromArray(BeanDeserializer.java:660) ~[jackson-databind-2.17.2.jar:2.17.2]
	at com.fasterxml.jackson.databind.deser.BeanDeserializer._deserializeOther(BeanDeserializer.java:211) ~[jackson-databind-2.17.2.jar:2.17.2]
	at com.fasterxml.jackson.databind.deser.BeanDeserializer.deserialize(BeanDeserializer.java:187) ~[jackson-databind-2.17.2.jar:2.17.2]
	at com.fasterxml.jackson.databind.deser.DefaultDeserializationContext.readRootValue(DefaultDeserializationContext.java:342) ~[jackson-databind-2.17.2.jar:2.17.2]
	at com.fasterxml.jackson.databind.ObjectMapper._readMapAndClose(ObjectMapper.java:4905) ~[jackson-databind-2.17.2.jar:2.17.2]
	at com.fasterxml.jackson.databind.ObjectMapper.readValue(ObjectMapper.java:3848) ~[jackson-databind-2.17.2.jar:2.17.2]
	at com.fasterxml.jackson.databind.ObjectMapper.readValue(ObjectMapper.java:3816) ~[jackson-databind-2.17.2.jar:2.17.2]
	at ru.deal.config.FeignErrorDecoder.decode(FeignErrorDecoder.java:29) ~[classes/:na]
	at feign.InvocationContext.decodeError(InvocationContext.java:133) ~[feign-core-13.5.jar:na]
	at feign.InvocationContext.proceed(InvocationContext.java:80) ~[feign-core-13.5.jar:na]
	at feign.ResponseHandler.handleResponse(ResponseHandler.java:69) ~[feign-core-13.5.jar:na]
	at feign.SynchronousMethodHandler.executeAndDecode(SynchronousMethodHandler.java:109) ~[feign-core-13.5.jar:na]
	at feign.SynchronousMethodHandler.invoke(SynchronousMethodHandler.java:53) ~[feign-core-13.5.jar:na]
	at feign.ReflectiveFeign$FeignInvocationHandler.invoke(ReflectiveFeign.java:104) ~[feign-core-13.5.jar:na]
	at jdk.proxy4/jdk.proxy4.$Proxy121.finishRegistration(Unknown Source) ~[na:na]
	at ru.gateway.service.GatewayService.finishRegistration(GatewayService.java:36) ~[classes/:na]
	at ru.gateway.controller.GatewayController.finishRegistration(GatewayController.java:51) ~[classes/:na]
	at java.base/jdk.internal.reflect.DirectMethodHandleAccessor.invoke(DirectMethodHandleAccessor.java:103) ~[na:na]
	at java.base/java.lang.reflect.Method.invoke(Method.java:580) ~[na:na]
	at org.springframework.web.method.support.InvocableHandlerMethod.doInvoke(InvocableHandlerMethod.java:255) ~[spring-web-6.1.14.jar:6.1.14]
	at org.springframework.web.method.support.InvocableHandlerMethod.invokeForRequest(InvocableHandlerMethod.java:188) ~[spring-web-6.1.14.jar:6.1.14]
	at org.springframework.web.servlet.mvc.method.annotation.ServletInvocableHandlerMethod.invokeAndHandle(ServletInvocableHandlerMethod.java:118) ~[spring-webmvc-6.1.14.jar:6.1.14]
	at org.springframework.web.servlet.mvc.method.annotation.RequestMappingHandlerAdapter.invokeHandlerMethod(RequestMappingHandlerAdapter.java:926) ~[spring-webmvc-6.1.14.jar:6.1.14]
	at org.springframework.web.servlet.mvc.method.annotation.RequestMappingHandlerAdapter.handleInternal(RequestMappingHandlerAdapter.java:831) ~[spring-webmvc-6.1.14.jar:6.1.14]
	at org.springframework.web.servlet.mvc.method.AbstractHandlerMethodAdapter.handle(AbstractHandlerMethodAdapter.java:87) ~[spring-webmvc-6.1.14.jar:6.1.14]
	at org.springframework.web.servlet.DispatcherServlet.doDispatch(DispatcherServlet.java:1089) ~[spring-webmvc-6.1.14.jar:6.1.14]
	at org.springframework.web.servlet.DispatcherServlet.doService(DispatcherServlet.java:979) ~[spring-webmvc-6.1.14.jar:6.1.14]
	at org.springframework.web.servlet.FrameworkServlet.processRequest(FrameworkServlet.java:1014) ~[spring-webmvc-6.1.14.jar:6.1.14]
	at org.springframework.web.servlet.FrameworkServlet.doPost(FrameworkServlet.java:914) ~[spring-webmvc-6.1.14.jar:6.1.14]
	at jakarta.servlet.http.HttpServlet.service(HttpServlet.java:590) ~[tomcat-embed-core-10.1.31.jar:6.0]
	at org.springframework.web.servlet.FrameworkServlet.service(FrameworkServlet.java:885) ~[spring-webmvc-6.1.14.jar:6.1.14]
	at jakarta.servlet.http.HttpServlet.service(HttpServlet.java:658) ~[tomcat-embed-core-10.1.31.jar:6.0]
	at org.apache.catalina.core.ApplicationFilterChain.internalDoFilter(ApplicationFilterChain.java:195) ~[tomcat-embed-core-10.1.31.jar:10.1.31]
	at org.apache.catalina.core.ApplicationFilterChain.doFilter(ApplicationFilterChain.java:140) ~[tomcat-embed-core-10.1.31.jar:10.1.31]
	at org.apache.tomcat.websocket.server.WsFilter.doFilter(WsFilter.java:51) ~[tomcat-embed-websocket-10.1.31.jar:10.1.31]
	at org.apache.catalina.core.ApplicationFilterChain.internalDoFilter(ApplicationFilterChain.java:164) ~[tomcat-embed-core-10.1.31.jar:10.1.31]
	at org.apache.catalina.core.ApplicationFilterChain.doFilter(ApplicationFilterChain.java:140) ~[tomcat-embed-core-10.1.31.jar:10.1.31]
	at org.springframework.web.filter.RequestContextFilter.doFilterInternal(RequestContextFilter.java:100) ~[spring-web-6.1.14.jar:6.1.14]
	at org.springframework.web.filter.OncePerRequestFilter.doFilter(OncePerRequestFilter.java:116) ~[spring-web-6.1.14.jar:6.1.14]
	at org.apache.catalina.core.ApplicationFilterChain.internalDoFilter(ApplicationFilterChain.java:164) ~[tomcat-embed-core-10.1.31.jar:10.1.31]
	at org.apache.catalina.core.ApplicationFilterChain.doFilter(ApplicationFilterChain.java:140) ~[tomcat-embed-core-10.1.31.jar:10.1.31]
	at org.springframework.web.filter.FormContentFilter.doFilterInternal(FormContentFilter.java:93) ~[spring-web-6.1.14.jar:6.1.14]
	at org.springframework.web.filter.OncePerRequestFilter.doFilter(OncePerRequestFilter.java:116) ~[spring-web-6.1.14.jar:6.1.14]
	at org.apache.catalina.core.ApplicationFilterChain.internalDoFilter(ApplicationFilterChain.java:164) ~[tomcat-embed-core-10.1.31.jar:10.1.31]
	at org.apache.catalina.core.ApplicationFilterChain.doFilter(ApplicationFilterChain.java:140) ~[tomcat-embed-core-10.1.31.jar:10.1.31]
	at org.springframework.web.filter.CharacterEncodingFilter.doFilterInternal(CharacterEncodingFilter.java:201) ~[spring-web-6.1.14.jar:6.1.14]
	at org.springframework.web.filter.OncePerRequestFilter.doFilter(OncePerRequestFilter.java:116) ~[spring-web-6.1.14.jar:6.1.14]
	at org.apache.catalina.core.ApplicationFilterChain.internalDoFilter(ApplicationFilterChain.java:164) ~[tomcat-embed-core-10.1.31.jar:10.1.31]
	at org.apache.catalina.core.ApplicationFilterChain.doFilter(ApplicationFilterChain.java:140) ~[tomcat-embed-core-10.1.31.jar:10.1.31]
	at org.apache.catalina.core.StandardWrapperValve.invoke(StandardWrapperValve.java:167) ~[tomcat-embed-core-10.1.31.jar:10.1.31]
	at org.apache.catalina.core.StandardContextValve.invoke(StandardContextValve.java:90) ~[tomcat-embed-core-10.1.31.jar:10.1.31]
	at org.apache.catalina.authenticator.AuthenticatorBase.invoke(AuthenticatorBase.java:483) ~[tomcat-embed-core-10.1.31.jar:10.1.31]
	at org.apache.catalina.core.StandardHostValve.invoke(StandardHostValve.java:115) ~[tomcat-embed-core-10.1.31.jar:10.1.31]
	at org.apache.catalina.valves.ErrorReportValve.invoke(ErrorReportValve.java:93) ~[tomcat-embed-core-10.1.31.jar:10.1.31]
	at org.apache.catalina.core.StandardEngineValve.invoke(StandardEngineValve.java:74) ~[tomcat-embed-core-10.1.31.jar:10.1.31]
	at org.apache.catalina.connector.CoyoteAdapter.service(CoyoteAdapter.java:344) ~[tomcat-embed-core-10.1.31.jar:10.1.31]
	at org.apache.coyote.http11.Http11Processor.service(Http11Processor.java:384) ~[tomcat-embed-core-10.1.31.jar:10.1.31]
	at org.apache.coyote.AbstractProcessorLight.process(AbstractProcessorLight.java:63) ~[tomcat-embed-core-10.1.31.jar:10.1.31]
	at org.apache.coyote.AbstractProtocol$ConnectionHandler.process(AbstractProtocol.java:905) ~[tomcat-embed-core-10.1.31.jar:10.1.31]
	at org.apache.tomcat.util.net.NioEndpoint$SocketProcessor.doRun(NioEndpoint.java:1741) ~[tomcat-embed-core-10.1.31.jar:10.1.31]
	at org.apache.tomcat.util.net.SocketProcessorBase.run(SocketProcessorBase.java:52) ~[tomcat-embed-core-10.1.31.jar:10.1.31]
	at org.apache.tomcat.util.threads.ThreadPoolExecutor.runWorker(ThreadPoolExecutor.java:1190) ~[tomcat-embed-core-10.1.31.jar:10.1.31]
	at org.apache.tomcat.util.threads.ThreadPoolExecutor$Worker.run(ThreadPoolExecutor.java:659) ~[tomcat-embed-core-10.1.31.jar:10.1.31]
	at org.apache.tomcat.util.threads.TaskThread$WrappingRunnable.run(TaskThread.java:63) ~[tomcat-embed-core-10.1.31.jar:10.1.31]
	at java.base/java.lang.Thread.run(Thread.java:1583) ~[na:na]

2025-01-28T21:00:11.229+03:00  WARN 22708 --- [MS_Gateway] [http-nio-8084-exec-6] r.g.exception.StatementExceptionHandler  : Ошибка валидации при вызове микросервиса: null
2025-01-28T21:00:11.231+03:00  WARN 22708 --- [MS_Gateway] [http-nio-8084-exec-6] .m.m.a.ExceptionHandlerExceptionResolver : Resolved [ru.deal.exception.FeignValidationException]
2025-01-28T21:00:17.443+03:00  INFO 22708 --- [MS_Gateway] [http-nio-8084-exec-8] ru.gateway.service.GatewayService        : Запрос к MS Deal: /deal/calculate/{statementId}
2025-01-28T21:00:17.476+03:00  WARN 22708 --- [MS_Gateway] [http-nio-8084-exec-8] ru.deal.config.FeignErrorDecoder         : Ошибка при вызове микросервиса: DealFeignClient#finishRegistration(String,FinishRegistrationRequestDto)
2025-01-28T21:00:17.476+03:00  WARN 22708 --- [MS_Gateway] [http-nio-8084-exec-8] ru.deal.config.FeignErrorDecoder         : Статус: 400
2025-01-28T21:00:25.102+03:00  WARN 22708 --- [MS_Gateway] [http-nio-8084-exec-8] ru.deal.config.FeignErrorDecoder         : Тело ошибки: [{"field":"amount","message":"Сумма займа должна быть меньше 24 зарплат"},{"field":"employment.employmentStatus","message":"Рабочий статус не должен быть 'Безработный'"}]
2025-01-28T21:01:19.298+03:00  WARN 22708 --- [MS_Gateway] [HikariPool-1 housekeeper] com.zaxxer.hikari.pool.HikariPool        : HikariPool-1 - Thread starvation or clock leap detected (housekeeper delta=1m17s542ms249µs800ns).
2025-01-28T21:01:19.301+03:00 ERROR 22708 --- [MS_Gateway] [http-nio-8084-exec-8] ru.deal.config.FeignErrorDecoder         : Ошибка при обработке ответа от микросервиса

com.fasterxml.jackson.databind.exc.MismatchedInputException: Cannot deserialize value of type `ru.calculator.dto.ValidationErrorResponse` from Array value (token `JsonToken.START_ARRAY`)
 at [Source: REDACTED (`StreamReadFeature.INCLUDE_SOURCE_IN_LOCATION` disabled); line: 1, column: 1]
	at com.fasterxml.jackson.databind.exc.MismatchedInputException.from(MismatchedInputException.java:59) ~[jackson-databind-2.17.2.jar:2.17.2]
	at com.fasterxml.jackson.databind.DeserializationContext.reportInputMismatch(DeserializationContext.java:1767) ~[jackson-databind-2.17.2.jar:2.17.2]
	at com.fasterxml.jackson.databind.DeserializationContext.handleUnexpectedToken(DeserializationContext.java:1541) ~[jackson-databind-2.17.2.jar:2.17.2]
	at com.fasterxml.jackson.databind.DeserializationContext.handleUnexpectedToken(DeserializationContext.java:1488) ~[jackson-databind-2.17.2.jar:2.17.2]
	at com.fasterxml.jackson.databind.deser.BeanDeserializer._deserializeFromArray(BeanDeserializer.java:660) ~[jackson-databind-2.17.2.jar:2.17.2]
	at com.fasterxml.jackson.databind.deser.BeanDeserializer._deserializeOther(BeanDeserializer.java:211) ~[jackson-databind-2.17.2.jar:2.17.2]
	at com.fasterxml.jackson.databind.deser.BeanDeserializer.deserialize(BeanDeserializer.java:187) ~[jackson-databind-2.17.2.jar:2.17.2]
	at com.fasterxml.jackson.databind.deser.DefaultDeserializationContext.readRootValue(DefaultDeserializationContext.java:342) ~[jackson-databind-2.17.2.jar:2.17.2]
	at com.fasterxml.jackson.databind.ObjectMapper._readMapAndClose(ObjectMapper.java:4905) ~[jackson-databind-2.17.2.jar:2.17.2]
	at com.fasterxml.jackson.databind.ObjectMapper.readValue(ObjectMapper.java:3848) ~[jackson-databind-2.17.2.jar:2.17.2]
	at com.fasterxml.jackson.databind.ObjectMapper.readValue(ObjectMapper.java:3816) ~[jackson-databind-2.17.2.jar:2.17.2]
	at ru.deal.config.FeignErrorDecoder.decode(FeignErrorDecoder.java:29) ~[classes/:na]
	at feign.InvocationContext.decodeError(InvocationContext.java:133) ~[feign-core-13.5.jar:na]
	at feign.InvocationContext.proceed(InvocationContext.java:80) ~[feign-core-13.5.jar:na]
	at feign.ResponseHandler.handleResponse(ResponseHandler.java:69) ~[feign-core-13.5.jar:na]
	at feign.SynchronousMethodHandler.executeAndDecode(SynchronousMethodHandler.java:109) ~[feign-core-13.5.jar:na]
	at feign.SynchronousMethodHandler.invoke(SynchronousMethodHandler.java:53) ~[feign-core-13.5.jar:na]
	at feign.ReflectiveFeign$FeignInvocationHandler.invoke(ReflectiveFeign.java:104) ~[feign-core-13.5.jar:na]
	at jdk.proxy4/jdk.proxy4.$Proxy121.finishRegistration(Unknown Source) ~[na:na]
	at ru.gateway.service.GatewayService.finishRegistration(GatewayService.java:36) ~[classes/:na]
	at ru.gateway.controller.GatewayController.finishRegistration(GatewayController.java:51) ~[classes/:na]
	at java.base/jdk.internal.reflect.DirectMethodHandleAccessor.invoke(DirectMethodHandleAccessor.java:103) ~[na:na]
	at java.base/java.lang.reflect.Method.invoke(Method.java:580) ~[na:na]
	at org.springframework.web.method.support.InvocableHandlerMethod.doInvoke(InvocableHandlerMethod.java:255) ~[spring-web-6.1.14.jar:6.1.14]
	at org.springframework.web.method.support.InvocableHandlerMethod.invokeForRequest(InvocableHandlerMethod.java:188) ~[spring-web-6.1.14.jar:6.1.14]
	at org.springframework.web.servlet.mvc.method.annotation.ServletInvocableHandlerMethod.invokeAndHandle(ServletInvocableHandlerMethod.java:118) ~[spring-webmvc-6.1.14.jar:6.1.14]
	at org.springframework.web.servlet.mvc.method.annotation.RequestMappingHandlerAdapter.invokeHandlerMethod(RequestMappingHandlerAdapter.java:926) ~[spring-webmvc-6.1.14.jar:6.1.14]
	at org.springframework.web.servlet.mvc.method.annotation.RequestMappingHandlerAdapter.handleInternal(RequestMappingHandlerAdapter.java:831) ~[spring-webmvc-6.1.14.jar:6.1.14]
	at org.springframework.web.servlet.mvc.method.AbstractHandlerMethodAdapter.handle(AbstractHandlerMethodAdapter.java:87) ~[spring-webmvc-6.1.14.jar:6.1.14]
	at org.springframework.web.servlet.DispatcherServlet.doDispatch(DispatcherServlet.java:1089) ~[spring-webmvc-6.1.14.jar:6.1.14]
	at org.springframework.web.servlet.DispatcherServlet.doService(DispatcherServlet.java:979) ~[spring-webmvc-6.1.14.jar:6.1.14]
	at org.springframework.web.servlet.FrameworkServlet.processRequest(FrameworkServlet.java:1014) ~[spring-webmvc-6.1.14.jar:6.1.14]
	at org.springframework.web.servlet.FrameworkServlet.doPost(FrameworkServlet.java:914) ~[spring-webmvc-6.1.14.jar:6.1.14]
	at jakarta.servlet.http.HttpServlet.service(HttpServlet.java:590) ~[tomcat-embed-core-10.1.31.jar:6.0]
	at org.springframework.web.servlet.FrameworkServlet.service(FrameworkServlet.java:885) ~[spring-webmvc-6.1.14.jar:6.1.14]
	at jakarta.servlet.http.HttpServlet.service(HttpServlet.java:658) ~[tomcat-embed-core-10.1.31.jar:6.0]
	at org.apache.catalina.core.ApplicationFilterChain.internalDoFilter(ApplicationFilterChain.java:195) ~[tomcat-embed-core-10.1.31.jar:10.1.31]
	at org.apache.catalina.core.ApplicationFilterChain.doFilter(ApplicationFilterChain.java:140) ~[tomcat-embed-core-10.1.31.jar:10.1.31]
	at org.apache.tomcat.websocket.server.WsFilter.doFilter(WsFilter.java:51) ~[tomcat-embed-websocket-10.1.31.jar:10.1.31]
	at org.apache.catalina.core.ApplicationFilterChain.internalDoFilter(ApplicationFilterChain.java:164) ~[tomcat-embed-core-10.1.31.jar:10.1.31]
	at org.apache.catalina.core.ApplicationFilterChain.doFilter(ApplicationFilterChain.java:140) ~[tomcat-embed-core-10.1.31.jar:10.1.31]
	at org.springframework.web.filter.RequestContextFilter.doFilterInternal(RequestContextFilter.java:100) ~[spring-web-6.1.14.jar:6.1.14]
	at org.springframework.web.filter.OncePerRequestFilter.doFilter(OncePerRequestFilter.java:116) ~[spring-web-6.1.14.jar:6.1.14]
	at org.apache.catalina.core.ApplicationFilterChain.internalDoFilter(ApplicationFilterChain.java:164) ~[tomcat-embed-core-10.1.31.jar:10.1.31]
	at org.apache.catalina.core.ApplicationFilterChain.doFilter(ApplicationFilterChain.java:140) ~[tomcat-embed-core-10.1.31.jar:10.1.31]
	at org.springframework.web.filter.FormContentFilter.doFilterInternal(FormContentFilter.java:93) ~[spring-web-6.1.14.jar:6.1.14]
	at org.springframework.web.filter.OncePerRequestFilter.doFilter(OncePerRequestFilter.java:116) ~[spring-web-6.1.14.jar:6.1.14]
	at org.apache.catalina.core.ApplicationFilterChain.internalDoFilter(ApplicationFilterChain.java:164) ~[tomcat-embed-core-10.1.31.jar:10.1.31]
	at org.apache.catalina.core.ApplicationFilterChain.doFilter(ApplicationFilterChain.java:140) ~[tomcat-embed-core-10.1.31.jar:10.1.31]
	at org.springframework.web.filter.CharacterEncodingFilter.doFilterInternal(CharacterEncodingFilter.java:201) ~[spring-web-6.1.14.jar:6.1.14]
	at org.springframework.web.filter.OncePerRequestFilter.doFilter(OncePerRequestFilter.java:116) ~[spring-web-6.1.14.jar:6.1.14]
	at org.apache.catalina.core.ApplicationFilterChain.internalDoFilter(ApplicationFilterChain.java:164) ~[tomcat-embed-core-10.1.31.jar:10.1.31]
	at org.apache.catalina.core.ApplicationFilterChain.doFilter(ApplicationFilterChain.java:140) ~[tomcat-embed-core-10.1.31.jar:10.1.31]
	at org.apache.catalina.core.StandardWrapperValve.invoke(StandardWrapperValve.java:167) ~[tomcat-embed-core-10.1.31.jar:10.1.31]
	at org.apache.catalina.core.StandardContextValve.invoke(StandardContextValve.java:90) ~[tomcat-embed-core-10.1.31.jar:10.1.31]
	at org.apache.catalina.authenticator.AuthenticatorBase.invoke(AuthenticatorBase.java:483) ~[tomcat-embed-core-10.1.31.jar:10.1.31]
	at org.apache.catalina.core.StandardHostValve.invoke(StandardHostValve.java:115) ~[tomcat-embed-core-10.1.31.jar:10.1.31]
	at org.apache.catalina.valves.ErrorReportValve.invoke(ErrorReportValve.java:93) ~[tomcat-embed-core-10.1.31.jar:10.1.31]
	at org.apache.catalina.core.StandardEngineValve.invoke(StandardEngineValve.java:74) ~[tomcat-embed-core-10.1.31.jar:10.1.31]
	at org.apache.catalina.connector.CoyoteAdapter.service(CoyoteAdapter.java:344) ~[tomcat-embed-core-10.1.31.jar:10.1.31]
	at org.apache.coyote.http11.Http11Processor.service(Http11Processor.java:384) ~[tomcat-embed-core-10.1.31.jar:10.1.31]
	at org.apache.coyote.AbstractProcessorLight.process(AbstractProcessorLight.java:63) ~[tomcat-embed-core-10.1.31.jar:10.1.31]
	at org.apache.coyote.AbstractProtocol$ConnectionHandler.process(AbstractProtocol.java:905) ~[tomcat-embed-core-10.1.31.jar:10.1.31]
	at org.apache.tomcat.util.net.NioEndpoint$SocketProcessor.doRun(NioEndpoint.java:1741) ~[tomcat-embed-core-10.1.31.jar:10.1.31]
	at org.apache.tomcat.util.net.SocketProcessorBase.run(SocketProcessorBase.java:52) ~[tomcat-embed-core-10.1.31.jar:10.1.31]
	at org.apache.tomcat.util.threads.ThreadPoolExecutor.runWorker(ThreadPoolExecutor.java:1190) ~[tomcat-embed-core-10.1.31.jar:10.1.31]
	at org.apache.tomcat.util.threads.ThreadPoolExecutor$Worker.run(ThreadPoolExecutor.java:659) ~[tomcat-embed-core-10.1.31.jar:10.1.31]
	at org.apache.tomcat.util.threads.TaskThread$WrappingRunnable.run(TaskThread.java:63) ~[tomcat-embed-core-10.1.31.jar:10.1.31]
	at java.base/java.lang.Thread.run(Thread.java:1583) ~[na:na]

2025-01-28T21:01:19.318+03:00  WARN 22708 --- [MS_Gateway] [http-nio-8084-exec-8] r.g.exception.StatementExceptionHandler  : Ошибка валидации при вызове микросервиса: null
2025-01-28T21:01:19.318+03:00  WARN 22708 --- [MS_Gateway] [http-nio-8084-exec-8] .m.m.a.ExceptionHandlerExceptionResolver : Resolved [ru.deal.exception.FeignValidationException]
2025-01-28T21:01:19.383+03:00  INFO 22708 --- [MS_Gateway] [SpringApplicationShutdownHook] j.LocalContainerEntityManagerFactoryBean : Closing JPA EntityManagerFactory for persistence unit 'default'
2025-01-28T21:01:19.392+03:00  WARN 22708 --- [MS_Gateway] [SpringApplicationShutdownHook] o.s.b.f.support.DisposableBeanAdapter    : Invocation of destroy method failed on bean with name 'inMemoryDatabaseShutdownExecutor': org.h2.jdbc.JdbcSQLNonTransientConnectionException: База данных уже закрыта (чтобы отключить автоматическое закрытие базы данных при останове JVM, добавьте ";DB_CLOSE_ON_EXIT=FALSE" в URL)
Database is already closed (to disable automatic closing at VM shutdown, add ";DB_CLOSE_ON_EXIT=FALSE" to the db URL) [90121-224]
2025-01-28T21:01:19.392+03:00  INFO 22708 --- [MS_Gateway] [SpringApplicationShutdownHook] com.zaxxer.hikari.HikariDataSource       : HikariPool-1 - Shutdown initiated...
2025-01-28T21:01:19.394+03:00  INFO 22708 --- [MS_Gateway] [SpringApplicationShutdownHook] com.zaxxer.hikari.HikariDataSource       : HikariPool-1 - Shutdown completed.
2025-01-28T21:02:59.068+03:00  INFO 24416 --- [MS_Gateway] [restartedMain] ru.gateway.GatewayApplication            : Starting GatewayApplication using Java 21.0.2 with PID 24416 (D:\Проекты\NeoFlex\Calculator_Neoflex\MS_Gateway\target\classes started by Admin in D:\Проекты\NeoFlex\Calculator_Neoflex)
2025-01-28T21:02:59.071+03:00  INFO 24416 --- [MS_Gateway] [restartedMain] ru.gateway.GatewayApplication            : No active profile set, falling back to 1 default profile: "default"
2025-01-28T21:02:59.138+03:00  INFO 24416 --- [MS_Gateway] [restartedMain] .e.DevToolsPropertyDefaultsPostProcessor : Devtools property defaults active! Set 'spring.devtools.add-properties' to 'false' to disable
2025-01-28T21:02:59.138+03:00  INFO 24416 --- [MS_Gateway] [restartedMain] .e.DevToolsPropertyDefaultsPostProcessor : For additional web related logging consider setting the 'logging.level.web' property to 'DEBUG'
2025-01-28T21:03:00.296+03:00  INFO 24416 --- [MS_Gateway] [restartedMain] .s.d.r.c.RepositoryConfigurationDelegate : Bootstrapping Spring Data JPA repositories in DEFAULT mode.
2025-01-28T21:03:00.319+03:00  INFO 24416 --- [MS_Gateway] [restartedMain] .s.d.r.c.RepositoryConfigurationDelegate : Finished Spring Data repository scanning in 14 ms. Found 0 JPA repository interfaces.
2025-01-28T21:03:00.594+03:00  INFO 24416 --- [MS_Gateway] [restartedMain] o.s.cloud.context.scope.GenericScope     : BeanFactory id=8f8c229c-2219-334b-8f1d-7fb190c75506
2025-01-28T21:03:01.155+03:00  INFO 24416 --- [MS_Gateway] [restartedMain] o.s.b.w.embedded.tomcat.TomcatWebServer  : Tomcat initialized with port 8084 (http)
2025-01-28T21:03:01.172+03:00  INFO 24416 --- [MS_Gateway] [restartedMain] o.apache.catalina.core.StandardService   : Starting service [Tomcat]
2025-01-28T21:03:01.172+03:00  INFO 24416 --- [MS_Gateway] [restartedMain] o.apache.catalina.core.StandardEngine    : Starting Servlet engine: [Apache Tomcat/10.1.31]
2025-01-28T21:03:01.253+03:00  INFO 24416 --- [MS_Gateway] [restartedMain] o.a.c.c.C.[Tomcat].[localhost].[/]       : Initializing Spring embedded WebApplicationContext
2025-01-28T21:03:01.253+03:00  INFO 24416 --- [MS_Gateway] [restartedMain] w.s.c.ServletWebServerApplicationContext : Root WebApplicationContext: initialization completed in 2114 ms
2025-01-28T21:03:01.291+03:00  INFO 24416 --- [MS_Gateway] [restartedMain] com.zaxxer.hikari.HikariDataSource       : HikariPool-1 - Starting...
2025-01-28T21:03:01.544+03:00  INFO 24416 --- [MS_Gateway] [restartedMain] com.zaxxer.hikari.pool.HikariPool        : HikariPool-1 - Added connection conn0: url=jdbc:h2:mem:ca900dc7-e09a-45a9-b515-dc9b788892e8 user=SA
2025-01-28T21:03:01.547+03:00  INFO 24416 --- [MS_Gateway] [restartedMain] com.zaxxer.hikari.HikariDataSource       : HikariPool-1 - Start completed.
2025-01-28T21:03:01.558+03:00  INFO 24416 --- [MS_Gateway] [restartedMain] o.s.b.a.h2.H2ConsoleAutoConfiguration    : H2 console available at '/h2-console'. Database available at 'jdbc:h2:mem:ca900dc7-e09a-45a9-b515-dc9b788892e8'
2025-01-28T21:03:01.728+03:00  INFO 24416 --- [MS_Gateway] [restartedMain] o.hibernate.jpa.internal.util.LogHelper  : HHH000204: Processing PersistenceUnitInfo [name: default]
2025-01-28T21:03:01.862+03:00  INFO 24416 --- [MS_Gateway] [restartedMain] org.hibernate.Version                    : HHH000412: Hibernate ORM core version 6.5.3.Final
2025-01-28T21:03:01.924+03:00  INFO 24416 --- [MS_Gateway] [restartedMain] o.h.c.internal.RegionFactoryInitiator    : HHH000026: Second-level cache disabled
2025-01-28T21:03:02.407+03:00  INFO 24416 --- [MS_Gateway] [restartedMain] o.s.o.j.p.SpringPersistenceUnitInfo      : No LoadTimeWeaver setup: ignoring JPA class transformer
2025-01-28T21:03:02.954+03:00  INFO 24416 --- [MS_Gateway] [restartedMain] o.h.e.t.j.p.i.JtaPlatformInitiator       : HHH000489: No JTA platform available (set 'hibernate.transaction.jta.platform' to enable JTA platform integration)
2025-01-28T21:03:02.962+03:00  INFO 24416 --- [MS_Gateway] [restartedMain] j.LocalContainerEntityManagerFactoryBean : Initialized JPA EntityManagerFactory for persistence unit 'default'
2025-01-28T21:03:03.190+03:00  WARN 24416 --- [MS_Gateway] [restartedMain] JpaBaseConfiguration$JpaWebConfiguration : spring.jpa.open-in-view is enabled by default. Therefore, database queries may be performed during view rendering. Explicitly configure spring.jpa.open-in-view to disable this warning
2025-01-28T21:03:03.233+03:00  WARN 24416 --- [MS_Gateway] [restartedMain] o.s.b.d.a.OptionalLiveReloadServer       : Unable to start LiveReload server
2025-01-28T21:03:04.931+03:00  INFO 24416 --- [MS_Gateway] [restartedMain] o.s.cloud.commons.util.InetUtils         : Cannot determine local hostname
2025-01-28T21:03:05.073+03:00  INFO 24416 --- [MS_Gateway] [restartedMain] o.s.b.w.embedded.tomcat.TomcatWebServer  : Tomcat started on port 8084 (http) with context path '/'
2025-01-28T21:03:06.081+03:00  INFO 24416 --- [MS_Gateway] [restartedMain] o.s.cloud.commons.util.InetUtils         : Cannot determine local hostname
2025-01-28T21:03:06.088+03:00  INFO 24416 --- [MS_Gateway] [restartedMain] ru.gateway.GatewayApplication            : Started GatewayApplication in 8.59 seconds (process running for 9.477)
2025-01-28T21:03:11.178+03:00  INFO 24416 --- [MS_Gateway] [http-nio-8084-exec-4] o.a.c.c.C.[Tomcat].[localhost].[/]       : Initializing Spring DispatcherServlet 'dispatcherServlet'
2025-01-28T21:03:11.179+03:00  INFO 24416 --- [MS_Gateway] [http-nio-8084-exec-4] o.s.web.servlet.DispatcherServlet        : Initializing Servlet 'dispatcherServlet'
2025-01-28T21:03:11.181+03:00  INFO 24416 --- [MS_Gateway] [http-nio-8084-exec-4] o.s.web.servlet.DispatcherServlet        : Completed initialization in 1 ms
2025-01-28T21:03:11.492+03:00  INFO 24416 --- [MS_Gateway] [http-nio-8084-exec-4] ru.gateway.service.GatewayService        : Запрос к MS Deal: /deal/calculate/{statementId}
2025-01-28T21:04:11.024+03:00  WARN 24416 --- [MS_Gateway] [http-nio-8084-exec-4] ru.deal.config.FeignErrorDecoder         : Ошибка при вызове микросервиса: DealFeignClient#finishRegistration(String,FinishRegistrationRequestDto)
2025-01-28T21:04:11.024+03:00  WARN 24416 --- [MS_Gateway] [http-nio-8084-exec-4] ru.deal.config.FeignErrorDecoder         : Статус: 400
2025-01-28T21:04:34.794+03:00  WARN 24416 --- [MS_Gateway] [http-nio-8084-exec-4] ru.deal.config.FeignErrorDecoder         : Тело ошибки: [{"field":"employment.employmentStatus","message":"Рабочий статус не должен быть 'Безработный'"},{"field":"amount","message":"Сумма займа должна быть меньше 24 зарплат"}]
2025-01-28T21:04:34.821+03:00 ERROR 24416 --- [MS_Gateway] [http-nio-8084-exec-4] ru.deal.config.FeignErrorDecoder         : Ошибка при обработке ответа от микросервиса

com.fasterxml.jackson.databind.exc.MismatchedInputException: Cannot deserialize value of type `ru.calculator.dto.ValidationErrorResponse` from Array value (token `JsonToken.START_ARRAY`)
 at [Source: REDACTED (`StreamReadFeature.INCLUDE_SOURCE_IN_LOCATION` disabled); line: 1, column: 1]
	at com.fasterxml.jackson.databind.exc.MismatchedInputException.from(MismatchedInputException.java:59) ~[jackson-databind-2.17.2.jar:2.17.2]
	at com.fasterxml.jackson.databind.DeserializationContext.reportInputMismatch(DeserializationContext.java:1767) ~[jackson-databind-2.17.2.jar:2.17.2]
	at com.fasterxml.jackson.databind.DeserializationContext.handleUnexpectedToken(DeserializationContext.java:1541) ~[jackson-databind-2.17.2.jar:2.17.2]
	at com.fasterxml.jackson.databind.DeserializationContext.handleUnexpectedToken(DeserializationContext.java:1488) ~[jackson-databind-2.17.2.jar:2.17.2]
	at com.fasterxml.jackson.databind.deser.BeanDeserializer._deserializeFromArray(BeanDeserializer.java:660) ~[jackson-databind-2.17.2.jar:2.17.2]
	at com.fasterxml.jackson.databind.deser.BeanDeserializer._deserializeOther(BeanDeserializer.java:211) ~[jackson-databind-2.17.2.jar:2.17.2]
	at com.fasterxml.jackson.databind.deser.BeanDeserializer.deserialize(BeanDeserializer.java:187) ~[jackson-databind-2.17.2.jar:2.17.2]
	at com.fasterxml.jackson.databind.deser.DefaultDeserializationContext.readRootValue(DefaultDeserializationContext.java:342) ~[jackson-databind-2.17.2.jar:2.17.2]
	at com.fasterxml.jackson.databind.ObjectMapper._readMapAndClose(ObjectMapper.java:4905) ~[jackson-databind-2.17.2.jar:2.17.2]
	at com.fasterxml.jackson.databind.ObjectMapper.readValue(ObjectMapper.java:3848) ~[jackson-databind-2.17.2.jar:2.17.2]
	at com.fasterxml.jackson.databind.ObjectMapper.readValue(ObjectMapper.java:3816) ~[jackson-databind-2.17.2.jar:2.17.2]
	at ru.deal.config.FeignErrorDecoder.decode(FeignErrorDecoder.java:29) ~[classes/:na]
	at feign.InvocationContext.decodeError(InvocationContext.java:133) ~[feign-core-13.5.jar:na]
	at feign.InvocationContext.proceed(InvocationContext.java:80) ~[feign-core-13.5.jar:na]
	at feign.ResponseHandler.handleResponse(ResponseHandler.java:69) ~[feign-core-13.5.jar:na]
	at feign.SynchronousMethodHandler.executeAndDecode(SynchronousMethodHandler.java:109) ~[feign-core-13.5.jar:na]
	at feign.SynchronousMethodHandler.invoke(SynchronousMethodHandler.java:53) ~[feign-core-13.5.jar:na]
	at feign.ReflectiveFeign$FeignInvocationHandler.invoke(ReflectiveFeign.java:104) ~[feign-core-13.5.jar:na]
	at jdk.proxy4/jdk.proxy4.$Proxy121.finishRegistration(Unknown Source) ~[na:na]
	at ru.gateway.service.GatewayService.finishRegistration(GatewayService.java:36) ~[classes/:na]
	at ru.gateway.controller.GatewayController.finishRegistration(GatewayController.java:51) ~[classes/:na]
	at java.base/jdk.internal.reflect.DirectMethodHandleAccessor.invoke(DirectMethodHandleAccessor.java:103) ~[na:na]
	at java.base/java.lang.reflect.Method.invoke(Method.java:580) ~[na:na]
	at org.springframework.web.method.support.InvocableHandlerMethod.doInvoke(InvocableHandlerMethod.java:255) ~[spring-web-6.1.14.jar:6.1.14]
	at org.springframework.web.method.support.InvocableHandlerMethod.invokeForRequest(InvocableHandlerMethod.java:188) ~[spring-web-6.1.14.jar:6.1.14]
	at org.springframework.web.servlet.mvc.method.annotation.ServletInvocableHandlerMethod.invokeAndHandle(ServletInvocableHandlerMethod.java:118) ~[spring-webmvc-6.1.14.jar:6.1.14]
	at org.springframework.web.servlet.mvc.method.annotation.RequestMappingHandlerAdapter.invokeHandlerMethod(RequestMappingHandlerAdapter.java:926) ~[spring-webmvc-6.1.14.jar:6.1.14]
	at org.springframework.web.servlet.mvc.method.annotation.RequestMappingHandlerAdapter.handleInternal(RequestMappingHandlerAdapter.java:831) ~[spring-webmvc-6.1.14.jar:6.1.14]
	at org.springframework.web.servlet.mvc.method.AbstractHandlerMethodAdapter.handle(AbstractHandlerMethodAdapter.java:87) ~[spring-webmvc-6.1.14.jar:6.1.14]
	at org.springframework.web.servlet.DispatcherServlet.doDispatch(DispatcherServlet.java:1089) ~[spring-webmvc-6.1.14.jar:6.1.14]
	at org.springframework.web.servlet.DispatcherServlet.doService(DispatcherServlet.java:979) ~[spring-webmvc-6.1.14.jar:6.1.14]
	at org.springframework.web.servlet.FrameworkServlet.processRequest(FrameworkServlet.java:1014) ~[spring-webmvc-6.1.14.jar:6.1.14]
	at org.springframework.web.servlet.FrameworkServlet.doPost(FrameworkServlet.java:914) ~[spring-webmvc-6.1.14.jar:6.1.14]
	at jakarta.servlet.http.HttpServlet.service(HttpServlet.java:590) ~[tomcat-embed-core-10.1.31.jar:6.0]
	at org.springframework.web.servlet.FrameworkServlet.service(FrameworkServlet.java:885) ~[spring-webmvc-6.1.14.jar:6.1.14]
	at jakarta.servlet.http.HttpServlet.service(HttpServlet.java:658) ~[tomcat-embed-core-10.1.31.jar:6.0]
	at org.apache.catalina.core.ApplicationFilterChain.internalDoFilter(ApplicationFilterChain.java:195) ~[tomcat-embed-core-10.1.31.jar:10.1.31]
	at org.apache.catalina.core.ApplicationFilterChain.doFilter(ApplicationFilterChain.java:140) ~[tomcat-embed-core-10.1.31.jar:10.1.31]
	at org.apache.tomcat.websocket.server.WsFilter.doFilter(WsFilter.java:51) ~[tomcat-embed-websocket-10.1.31.jar:10.1.31]
	at org.apache.catalina.core.ApplicationFilterChain.internalDoFilter(ApplicationFilterChain.java:164) ~[tomcat-embed-core-10.1.31.jar:10.1.31]
	at org.apache.catalina.core.ApplicationFilterChain.doFilter(ApplicationFilterChain.java:140) ~[tomcat-embed-core-10.1.31.jar:10.1.31]
	at org.springframework.web.filter.RequestContextFilter.doFilterInternal(RequestContextFilter.java:100) ~[spring-web-6.1.14.jar:6.1.14]
	at org.springframework.web.filter.OncePerRequestFilter.doFilter(OncePerRequestFilter.java:116) ~[spring-web-6.1.14.jar:6.1.14]
	at org.apache.catalina.core.ApplicationFilterChain.internalDoFilter(ApplicationFilterChain.java:164) ~[tomcat-embed-core-10.1.31.jar:10.1.31]
	at org.apache.catalina.core.ApplicationFilterChain.doFilter(ApplicationFilterChain.java:140) ~[tomcat-embed-core-10.1.31.jar:10.1.31]
	at org.springframework.web.filter.FormContentFilter.doFilterInternal(FormContentFilter.java:93) ~[spring-web-6.1.14.jar:6.1.14]
	at org.springframework.web.filter.OncePerRequestFilter.doFilter(OncePerRequestFilter.java:116) ~[spring-web-6.1.14.jar:6.1.14]
	at org.apache.catalina.core.ApplicationFilterChain.internalDoFilter(ApplicationFilterChain.java:164) ~[tomcat-embed-core-10.1.31.jar:10.1.31]
	at org.apache.catalina.core.ApplicationFilterChain.doFilter(ApplicationFilterChain.java:140) ~[tomcat-embed-core-10.1.31.jar:10.1.31]
	at org.springframework.web.filter.CharacterEncodingFilter.doFilterInternal(CharacterEncodingFilter.java:201) ~[spring-web-6.1.14.jar:6.1.14]
	at org.springframework.web.filter.OncePerRequestFilter.doFilter(OncePerRequestFilter.java:116) ~[spring-web-6.1.14.jar:6.1.14]
	at org.apache.catalina.core.ApplicationFilterChain.internalDoFilter(ApplicationFilterChain.java:164) ~[tomcat-embed-core-10.1.31.jar:10.1.31]
	at org.apache.catalina.core.ApplicationFilterChain.doFilter(ApplicationFilterChain.java:140) ~[tomcat-embed-core-10.1.31.jar:10.1.31]
	at org.apache.catalina.core.StandardWrapperValve.invoke(StandardWrapperValve.java:167) ~[tomcat-embed-core-10.1.31.jar:10.1.31]
	at org.apache.catalina.core.StandardContextValve.invoke(StandardContextValve.java:90) ~[tomcat-embed-core-10.1.31.jar:10.1.31]
	at org.apache.catalina.authenticator.AuthenticatorBase.invoke(AuthenticatorBase.java:483) ~[tomcat-embed-core-10.1.31.jar:10.1.31]
	at org.apache.catalina.core.StandardHostValve.invoke(StandardHostValve.java:115) ~[tomcat-embed-core-10.1.31.jar:10.1.31]
	at org.apache.catalina.valves.ErrorReportValve.invoke(ErrorReportValve.java:93) ~[tomcat-embed-core-10.1.31.jar:10.1.31]
	at org.apache.catalina.core.StandardEngineValve.invoke(StandardEngineValve.java:74) ~[tomcat-embed-core-10.1.31.jar:10.1.31]
	at org.apache.catalina.connector.CoyoteAdapter.service(CoyoteAdapter.java:344) ~[tomcat-embed-core-10.1.31.jar:10.1.31]
	at org.apache.coyote.http11.Http11Processor.service(Http11Processor.java:384) ~[tomcat-embed-core-10.1.31.jar:10.1.31]
	at org.apache.coyote.AbstractProcessorLight.process(AbstractProcessorLight.java:63) ~[tomcat-embed-core-10.1.31.jar:10.1.31]
	at org.apache.coyote.AbstractProtocol$ConnectionHandler.process(AbstractProtocol.java:905) ~[tomcat-embed-core-10.1.31.jar:10.1.31]
	at org.apache.tomcat.util.net.NioEndpoint$SocketProcessor.doRun(NioEndpoint.java:1741) ~[tomcat-embed-core-10.1.31.jar:10.1.31]
	at org.apache.tomcat.util.net.SocketProcessorBase.run(SocketProcessorBase.java:52) ~[tomcat-embed-core-10.1.31.jar:10.1.31]
	at org.apache.tomcat.util.threads.ThreadPoolExecutor.runWorker(ThreadPoolExecutor.java:1190) ~[tomcat-embed-core-10.1.31.jar:10.1.31]
	at org.apache.tomcat.util.threads.ThreadPoolExecutor$Worker.run(ThreadPoolExecutor.java:659) ~[tomcat-embed-core-10.1.31.jar:10.1.31]
	at org.apache.tomcat.util.threads.TaskThread$WrappingRunnable.run(TaskThread.java:63) ~[tomcat-embed-core-10.1.31.jar:10.1.31]
	at java.base/java.lang.Thread.run(Thread.java:1583) ~[na:na]

2025-01-28T21:04:34.895+03:00  WARN 24416 --- [MS_Gateway] [http-nio-8084-exec-4] r.g.exception.StatementExceptionHandler  : Ошибка валидации при вызове микросервиса: null
2025-01-28T21:04:34.909+03:00  WARN 24416 --- [MS_Gateway] [http-nio-8084-exec-4] .m.m.a.ExceptionHandlerExceptionResolver : Resolved [ru.deal.exception.FeignValidationException]
2025-01-28T21:04:41.529+03:00  INFO 24416 --- [MS_Gateway] [http-nio-8084-exec-10] ru.gateway.service.GatewayService        : Запрос к MS Deal: /deal/calculate/{statementId}
2025-01-28T21:05:41.551+03:00 ERROR 24416 --- [MS_Gateway] [http-nio-8084-exec-10] o.a.c.c.C.[.[.[/].[dispatcherServlet]    : Servlet.service() for servlet [dispatcherServlet] in context with path [] threw exception [Request processing failed: feign.RetryableException: Read timed out executing POST http://localhost:8081/deal/calculate/001591af-c9ba-450b-b7db-6386b1b0ece1] with root cause

java.net.SocketTimeoutException: Read timed out
	at java.base/sun.nio.ch.NioSocketImpl.timedRead(NioSocketImpl.java:278) ~[na:na]
	at java.base/sun.nio.ch.NioSocketImpl.implRead(NioSocketImpl.java:304) ~[na:na]
	at java.base/sun.nio.ch.NioSocketImpl.read(NioSocketImpl.java:346) ~[na:na]
	at java.base/sun.nio.ch.NioSocketImpl$1.read(NioSocketImpl.java:796) ~[na:na]
	at java.base/java.net.Socket$SocketInputStream.read(Socket.java:1099) ~[na:na]
	at java.base/java.io.BufferedInputStream.fill(BufferedInputStream.java:291) ~[na:na]
	at java.base/java.io.BufferedInputStream.read1(BufferedInputStream.java:347) ~[na:na]
	at java.base/java.io.BufferedInputStream.implRead(BufferedInputStream.java:420) ~[na:na]
	at java.base/java.io.BufferedInputStream.read(BufferedInputStream.java:399) ~[na:na]
	at java.base/sun.net.www.http.HttpClient.parseHTTPHeader(HttpClient.java:827) ~[na:na]
	at java.base/sun.net.www.http.HttpClient.parseHTTP(HttpClient.java:759) ~[na:na]
	at java.base/sun.net.www.protocol.http.HttpURLConnection.getInputStream0(HttpURLConnection.java:1690) ~[na:na]
	at java.base/sun.net.www.protocol.http.HttpURLConnection.getInputStream(HttpURLConnection.java:1599) ~[na:na]
	at java.base/java.net.HttpURLConnection.getResponseCode(HttpURLConnection.java:531) ~[na:na]
	at feign.Client$Default.convertResponse(Client.java:114) ~[feign-core-13.5.jar:na]
	at feign.Client$Default.execute(Client.java:110) ~[feign-core-13.5.jar:na]
	at feign.SynchronousMethodHandler.executeAndDecode(SynchronousMethodHandler.java:92) ~[feign-core-13.5.jar:na]
	at feign.SynchronousMethodHandler.invoke(SynchronousMethodHandler.java:53) ~[feign-core-13.5.jar:na]
	at feign.ReflectiveFeign$FeignInvocationHandler.invoke(ReflectiveFeign.java:104) ~[feign-core-13.5.jar:na]
	at jdk.proxy4/jdk.proxy4.$Proxy121.finishRegistration(Unknown Source) ~[na:na]
	at ru.gateway.service.GatewayService.finishRegistration(GatewayService.java:36) ~[classes/:na]
	at ru.gateway.controller.GatewayController.finishRegistration(GatewayController.java:51) ~[classes/:na]
	at java.base/jdk.internal.reflect.DirectMethodHandleAccessor.invoke(DirectMethodHandleAccessor.java:103) ~[na:na]
	at java.base/java.lang.reflect.Method.invoke(Method.java:580) ~[na:na]
	at org.springframework.web.method.support.InvocableHandlerMethod.doInvoke(InvocableHandlerMethod.java:255) ~[spring-web-6.1.14.jar:6.1.14]
	at org.springframework.web.method.support.InvocableHandlerMethod.invokeForRequest(InvocableHandlerMethod.java:188) ~[spring-web-6.1.14.jar:6.1.14]
	at org.springframework.web.servlet.mvc.method.annotation.ServletInvocableHandlerMethod.invokeAndHandle(ServletInvocableHandlerMethod.java:118) ~[spring-webmvc-6.1.14.jar:6.1.14]
	at org.springframework.web.servlet.mvc.method.annotation.RequestMappingHandlerAdapter.invokeHandlerMethod(RequestMappingHandlerAdapter.java:926) ~[spring-webmvc-6.1.14.jar:6.1.14]
	at org.springframework.web.servlet.mvc.method.annotation.RequestMappingHandlerAdapter.handleInternal(RequestMappingHandlerAdapter.java:831) ~[spring-webmvc-6.1.14.jar:6.1.14]
	at org.springframework.web.servlet.mvc.method.AbstractHandlerMethodAdapter.handle(AbstractHandlerMethodAdapter.java:87) ~[spring-webmvc-6.1.14.jar:6.1.14]
	at org.springframework.web.servlet.DispatcherServlet.doDispatch(DispatcherServlet.java:1089) ~[spring-webmvc-6.1.14.jar:6.1.14]
	at org.springframework.web.servlet.DispatcherServlet.doService(DispatcherServlet.java:979) ~[spring-webmvc-6.1.14.jar:6.1.14]
	at org.springframework.web.servlet.FrameworkServlet.processRequest(FrameworkServlet.java:1014) ~[spring-webmvc-6.1.14.jar:6.1.14]
	at org.springframework.web.servlet.FrameworkServlet.doPost(FrameworkServlet.java:914) ~[spring-webmvc-6.1.14.jar:6.1.14]
	at jakarta.servlet.http.HttpServlet.service(HttpServlet.java:590) ~[tomcat-embed-core-10.1.31.jar:6.0]
	at org.springframework.web.servlet.FrameworkServlet.service(FrameworkServlet.java:885) ~[spring-webmvc-6.1.14.jar:6.1.14]
	at jakarta.servlet.http.HttpServlet.service(HttpServlet.java:658) ~[tomcat-embed-core-10.1.31.jar:6.0]
	at org.apache.catalina.core.ApplicationFilterChain.internalDoFilter(ApplicationFilterChain.java:195) ~[tomcat-embed-core-10.1.31.jar:10.1.31]
	at org.apache.catalina.core.ApplicationFilterChain.doFilter(ApplicationFilterChain.java:140) ~[tomcat-embed-core-10.1.31.jar:10.1.31]
	at org.apache.tomcat.websocket.server.WsFilter.doFilter(WsFilter.java:51) ~[tomcat-embed-websocket-10.1.31.jar:10.1.31]
	at org.apache.catalina.core.ApplicationFilterChain.internalDoFilter(ApplicationFilterChain.java:164) ~[tomcat-embed-core-10.1.31.jar:10.1.31]
	at org.apache.catalina.core.ApplicationFilterChain.doFilter(ApplicationFilterChain.java:140) ~[tomcat-embed-core-10.1.31.jar:10.1.31]
	at org.springframework.web.filter.RequestContextFilter.doFilterInternal(RequestContextFilter.java:100) ~[spring-web-6.1.14.jar:6.1.14]
	at org.springframework.web.filter.OncePerRequestFilter.doFilter(OncePerRequestFilter.java:116) ~[spring-web-6.1.14.jar:6.1.14]
	at org.apache.catalina.core.ApplicationFilterChain.internalDoFilter(ApplicationFilterChain.java:164) ~[tomcat-embed-core-10.1.31.jar:10.1.31]
	at org.apache.catalina.core.ApplicationFilterChain.doFilter(ApplicationFilterChain.java:140) ~[tomcat-embed-core-10.1.31.jar:10.1.31]
	at org.springframework.web.filter.FormContentFilter.doFilterInternal(FormContentFilter.java:93) ~[spring-web-6.1.14.jar:6.1.14]
	at org.springframework.web.filter.OncePerRequestFilter.doFilter(OncePerRequestFilter.java:116) ~[spring-web-6.1.14.jar:6.1.14]
	at org.apache.catalina.core.ApplicationFilterChain.internalDoFilter(ApplicationFilterChain.java:164) ~[tomcat-embed-core-10.1.31.jar:10.1.31]
	at org.apache.catalina.core.ApplicationFilterChain.doFilter(ApplicationFilterChain.java:140) ~[tomcat-embed-core-10.1.31.jar:10.1.31]
	at org.springframework.web.filter.CharacterEncodingFilter.doFilterInternal(CharacterEncodingFilter.java:201) ~[spring-web-6.1.14.jar:6.1.14]
	at org.springframework.web.filter.OncePerRequestFilter.doFilter(OncePerRequestFilter.java:116) ~[spring-web-6.1.14.jar:6.1.14]
	at org.apache.catalina.core.ApplicationFilterChain.internalDoFilter(ApplicationFilterChain.java:164) ~[tomcat-embed-core-10.1.31.jar:10.1.31]
	at org.apache.catalina.core.ApplicationFilterChain.doFilter(ApplicationFilterChain.java:140) ~[tomcat-embed-core-10.1.31.jar:10.1.31]
	at org.apache.catalina.core.StandardWrapperValve.invoke(StandardWrapperValve.java:167) ~[tomcat-embed-core-10.1.31.jar:10.1.31]
	at org.apache.catalina.core.StandardContextValve.invoke(StandardContextValve.java:90) ~[tomcat-embed-core-10.1.31.jar:10.1.31]
	at org.apache.catalina.authenticator.AuthenticatorBase.invoke(AuthenticatorBase.java:483) ~[tomcat-embed-core-10.1.31.jar:10.1.31]
	at org.apache.catalina.core.StandardHostValve.invoke(StandardHostValve.java:115) ~[tomcat-embed-core-10.1.31.jar:10.1.31]
	at org.apache.catalina.valves.ErrorReportValve.invoke(ErrorReportValve.java:93) ~[tomcat-embed-core-10.1.31.jar:10.1.31]
	at org.apache.catalina.core.StandardEngineValve.invoke(StandardEngineValve.java:74) ~[tomcat-embed-core-10.1.31.jar:10.1.31]
	at org.apache.catalina.connector.CoyoteAdapter.service(CoyoteAdapter.java:344) ~[tomcat-embed-core-10.1.31.jar:10.1.31]
	at org.apache.coyote.http11.Http11Processor.service(Http11Processor.java:384) ~[tomcat-embed-core-10.1.31.jar:10.1.31]
	at org.apache.coyote.AbstractProcessorLight.process(AbstractProcessorLight.java:63) ~[tomcat-embed-core-10.1.31.jar:10.1.31]
	at org.apache.coyote.AbstractProtocol$ConnectionHandler.process(AbstractProtocol.java:905) ~[tomcat-embed-core-10.1.31.jar:10.1.31]
	at org.apache.tomcat.util.net.NioEndpoint$SocketProcessor.doRun(NioEndpoint.java:1741) ~[tomcat-embed-core-10.1.31.jar:10.1.31]
	at org.apache.tomcat.util.net.SocketProcessorBase.run(SocketProcessorBase.java:52) ~[tomcat-embed-core-10.1.31.jar:10.1.31]
	at org.apache.tomcat.util.threads.ThreadPoolExecutor.runWorker(ThreadPoolExecutor.java:1190) ~[tomcat-embed-core-10.1.31.jar:10.1.31]
	at org.apache.tomcat.util.threads.ThreadPoolExecutor$Worker.run(ThreadPoolExecutor.java:659) ~[tomcat-embed-core-10.1.31.jar:10.1.31]
	at org.apache.tomcat.util.threads.TaskThread$WrappingRunnable.run(TaskThread.java:63) ~[tomcat-embed-core-10.1.31.jar:10.1.31]
	at java.base/java.lang.Thread.run(Thread.java:1583) ~[na:na]

2025-01-28T21:06:18.945+03:00  INFO 24416 --- [MS_Gateway] [http-nio-8084-exec-2] ru.gateway.service.GatewayService        : Запрос к MS Deal: /deal/calculate/{statementId}
2025-01-28T21:06:27.817+03:00  WARN 24416 --- [MS_Gateway] [http-nio-8084-exec-2] ru.deal.config.FeignErrorDecoder         : Ошибка при вызове микросервиса: DealFeignClient#finishRegistration(String,FinishRegistrationRequestDto)
2025-01-28T21:06:27.818+03:00  WARN 24416 --- [MS_Gateway] [http-nio-8084-exec-2] ru.deal.config.FeignErrorDecoder         : Статус: 400
2025-01-28T21:06:27.818+03:00  WARN 24416 --- [MS_Gateway] [http-nio-8084-exec-2] ru.deal.config.FeignErrorDecoder         : Тело ошибки: [{"field":"amount","message":"Сумма займа должна быть меньше 24 зарплат"},{"field":"employment.employmentStatus","message":"Рабочий статус не должен быть 'Безработный'"}]
2025-01-28T21:06:41.855+03:00 ERROR 24416 --- [MS_Gateway] [http-nio-8084-exec-2] ru.deal.config.FeignErrorDecoder         : Ошибка при обработке ответа от микросервиса

com.fasterxml.jackson.databind.exc.MismatchedInputException: Cannot deserialize value of type `ru.calculator.dto.ValidationErrorResponse` from Array value (token `JsonToken.START_ARRAY`)
 at [Source: REDACTED (`StreamReadFeature.INCLUDE_SOURCE_IN_LOCATION` disabled); line: 1, column: 1]
	at com.fasterxml.jackson.databind.exc.MismatchedInputException.from(MismatchedInputException.java:59) ~[jackson-databind-2.17.2.jar:2.17.2]
	at com.fasterxml.jackson.databind.DeserializationContext.reportInputMismatch(DeserializationContext.java:1767) ~[jackson-databind-2.17.2.jar:2.17.2]
	at com.fasterxml.jackson.databind.DeserializationContext.handleUnexpectedToken(DeserializationContext.java:1541) ~[jackson-databind-2.17.2.jar:2.17.2]
	at com.fasterxml.jackson.databind.DeserializationContext.handleUnexpectedToken(DeserializationContext.java:1488) ~[jackson-databind-2.17.2.jar:2.17.2]
	at com.fasterxml.jackson.databind.deser.BeanDeserializer._deserializeFromArray(BeanDeserializer.java:660) ~[jackson-databind-2.17.2.jar:2.17.2]
	at com.fasterxml.jackson.databind.deser.BeanDeserializer._deserializeOther(BeanDeserializer.java:211) ~[jackson-databind-2.17.2.jar:2.17.2]
	at com.fasterxml.jackson.databind.deser.BeanDeserializer.deserialize(BeanDeserializer.java:187) ~[jackson-databind-2.17.2.jar:2.17.2]
	at com.fasterxml.jackson.databind.deser.DefaultDeserializationContext.readRootValue(DefaultDeserializationContext.java:342) ~[jackson-databind-2.17.2.jar:2.17.2]
	at com.fasterxml.jackson.databind.ObjectMapper._readMapAndClose(ObjectMapper.java:4905) ~[jackson-databind-2.17.2.jar:2.17.2]
	at com.fasterxml.jackson.databind.ObjectMapper.readValue(ObjectMapper.java:3848) ~[jackson-databind-2.17.2.jar:2.17.2]
	at com.fasterxml.jackson.databind.ObjectMapper.readValue(ObjectMapper.java:3816) ~[jackson-databind-2.17.2.jar:2.17.2]
	at ru.deal.config.FeignErrorDecoder.decode(FeignErrorDecoder.java:29) ~[classes/:na]
	at feign.InvocationContext.decodeError(InvocationContext.java:133) ~[feign-core-13.5.jar:na]
	at feign.InvocationContext.proceed(InvocationContext.java:80) ~[feign-core-13.5.jar:na]
	at feign.ResponseHandler.handleResponse(ResponseHandler.java:69) ~[feign-core-13.5.jar:na]
	at feign.SynchronousMethodHandler.executeAndDecode(SynchronousMethodHandler.java:109) ~[feign-core-13.5.jar:na]
	at feign.SynchronousMethodHandler.invoke(SynchronousMethodHandler.java:53) ~[feign-core-13.5.jar:na]
	at feign.ReflectiveFeign$FeignInvocationHandler.invoke(ReflectiveFeign.java:104) ~[feign-core-13.5.jar:na]
	at jdk.proxy4/jdk.proxy4.$Proxy121.finishRegistration(Unknown Source) ~[na:na]
	at ru.gateway.service.GatewayService.finishRegistration(GatewayService.java:36) ~[classes/:na]
	at ru.gateway.controller.GatewayController.finishRegistration(GatewayController.java:51) ~[classes/:na]
	at java.base/jdk.internal.reflect.DirectMethodHandleAccessor.invoke(DirectMethodHandleAccessor.java:103) ~[na:na]
	at java.base/java.lang.reflect.Method.invoke(Method.java:580) ~[na:na]
	at org.springframework.web.method.support.InvocableHandlerMethod.doInvoke(InvocableHandlerMethod.java:255) ~[spring-web-6.1.14.jar:6.1.14]
	at org.springframework.web.method.support.InvocableHandlerMethod.invokeForRequest(InvocableHandlerMethod.java:188) ~[spring-web-6.1.14.jar:6.1.14]
	at org.springframework.web.servlet.mvc.method.annotation.ServletInvocableHandlerMethod.invokeAndHandle(ServletInvocableHandlerMethod.java:118) ~[spring-webmvc-6.1.14.jar:6.1.14]
	at org.springframework.web.servlet.mvc.method.annotation.RequestMappingHandlerAdapter.invokeHandlerMethod(RequestMappingHandlerAdapter.java:926) ~[spring-webmvc-6.1.14.jar:6.1.14]
	at org.springframework.web.servlet.mvc.method.annotation.RequestMappingHandlerAdapter.handleInternal(RequestMappingHandlerAdapter.java:831) ~[spring-webmvc-6.1.14.jar:6.1.14]
	at org.springframework.web.servlet.mvc.method.AbstractHandlerMethodAdapter.handle(AbstractHandlerMethodAdapter.java:87) ~[spring-webmvc-6.1.14.jar:6.1.14]
	at org.springframework.web.servlet.DispatcherServlet.doDispatch(DispatcherServlet.java:1089) ~[spring-webmvc-6.1.14.jar:6.1.14]
	at org.springframework.web.servlet.DispatcherServlet.doService(DispatcherServlet.java:979) ~[spring-webmvc-6.1.14.jar:6.1.14]
	at org.springframework.web.servlet.FrameworkServlet.processRequest(FrameworkServlet.java:1014) ~[spring-webmvc-6.1.14.jar:6.1.14]
	at org.springframework.web.servlet.FrameworkServlet.doPost(FrameworkServlet.java:914) ~[spring-webmvc-6.1.14.jar:6.1.14]
	at jakarta.servlet.http.HttpServlet.service(HttpServlet.java:590) ~[tomcat-embed-core-10.1.31.jar:6.0]
	at org.springframework.web.servlet.FrameworkServlet.service(FrameworkServlet.java:885) ~[spring-webmvc-6.1.14.jar:6.1.14]
	at jakarta.servlet.http.HttpServlet.service(HttpServlet.java:658) ~[tomcat-embed-core-10.1.31.jar:6.0]
	at org.apache.catalina.core.ApplicationFilterChain.internalDoFilter(ApplicationFilterChain.java:195) ~[tomcat-embed-core-10.1.31.jar:10.1.31]
	at org.apache.catalina.core.ApplicationFilterChain.doFilter(ApplicationFilterChain.java:140) ~[tomcat-embed-core-10.1.31.jar:10.1.31]
	at org.apache.tomcat.websocket.server.WsFilter.doFilter(WsFilter.java:51) ~[tomcat-embed-websocket-10.1.31.jar:10.1.31]
	at org.apache.catalina.core.ApplicationFilterChain.internalDoFilter(ApplicationFilterChain.java:164) ~[tomcat-embed-core-10.1.31.jar:10.1.31]
	at org.apache.catalina.core.ApplicationFilterChain.doFilter(ApplicationFilterChain.java:140) ~[tomcat-embed-core-10.1.31.jar:10.1.31]
	at org.springframework.web.filter.RequestContextFilter.doFilterInternal(RequestContextFilter.java:100) ~[spring-web-6.1.14.jar:6.1.14]
	at org.springframework.web.filter.OncePerRequestFilter.doFilter(OncePerRequestFilter.java:116) ~[spring-web-6.1.14.jar:6.1.14]
	at org.apache.catalina.core.ApplicationFilterChain.internalDoFilter(ApplicationFilterChain.java:164) ~[tomcat-embed-core-10.1.31.jar:10.1.31]
	at org.apache.catalina.core.ApplicationFilterChain.doFilter(ApplicationFilterChain.java:140) ~[tomcat-embed-core-10.1.31.jar:10.1.31]
	at org.springframework.web.filter.FormContentFilter.doFilterInternal(FormContentFilter.java:93) ~[spring-web-6.1.14.jar:6.1.14]
	at org.springframework.web.filter.OncePerRequestFilter.doFilter(OncePerRequestFilter.java:116) ~[spring-web-6.1.14.jar:6.1.14]
	at org.apache.catalina.core.ApplicationFilterChain.internalDoFilter(ApplicationFilterChain.java:164) ~[tomcat-embed-core-10.1.31.jar:10.1.31]
	at org.apache.catalina.core.ApplicationFilterChain.doFilter(ApplicationFilterChain.java:140) ~[tomcat-embed-core-10.1.31.jar:10.1.31]
	at org.springframework.web.filter.CharacterEncodingFilter.doFilterInternal(CharacterEncodingFilter.java:201) ~[spring-web-6.1.14.jar:6.1.14]
	at org.springframework.web.filter.OncePerRequestFilter.doFilter(OncePerRequestFilter.java:116) ~[spring-web-6.1.14.jar:6.1.14]
	at org.apache.catalina.core.ApplicationFilterChain.internalDoFilter(ApplicationFilterChain.java:164) ~[tomcat-embed-core-10.1.31.jar:10.1.31]
	at org.apache.catalina.core.ApplicationFilterChain.doFilter(ApplicationFilterChain.java:140) ~[tomcat-embed-core-10.1.31.jar:10.1.31]
	at org.apache.catalina.core.StandardWrapperValve.invoke(StandardWrapperValve.java:167) ~[tomcat-embed-core-10.1.31.jar:10.1.31]
	at org.apache.catalina.core.StandardContextValve.invoke(StandardContextValve.java:90) ~[tomcat-embed-core-10.1.31.jar:10.1.31]
	at org.apache.catalina.authenticator.AuthenticatorBase.invoke(AuthenticatorBase.java:483) ~[tomcat-embed-core-10.1.31.jar:10.1.31]
	at org.apache.catalina.core.StandardHostValve.invoke(StandardHostValve.java:115) ~[tomcat-embed-core-10.1.31.jar:10.1.31]
	at org.apache.catalina.valves.ErrorReportValve.invoke(ErrorReportValve.java:93) ~[tomcat-embed-core-10.1.31.jar:10.1.31]
	at org.apache.catalina.core.StandardEngineValve.invoke(StandardEngineValve.java:74) ~[tomcat-embed-core-10.1.31.jar:10.1.31]
	at org.apache.catalina.connector.CoyoteAdapter.service(CoyoteAdapter.java:344) ~[tomcat-embed-core-10.1.31.jar:10.1.31]
	at org.apache.coyote.http11.Http11Processor.service(Http11Processor.java:384) ~[tomcat-embed-core-10.1.31.jar:10.1.31]
	at org.apache.coyote.AbstractProcessorLight.process(AbstractProcessorLight.java:63) ~[tomcat-embed-core-10.1.31.jar:10.1.31]
	at org.apache.coyote.AbstractProtocol$ConnectionHandler.process(AbstractProtocol.java:905) ~[tomcat-embed-core-10.1.31.jar:10.1.31]
	at org.apache.tomcat.util.net.NioEndpoint$SocketProcessor.doRun(NioEndpoint.java:1741) ~[tomcat-embed-core-10.1.31.jar:10.1.31]
	at org.apache.tomcat.util.net.SocketProcessorBase.run(SocketProcessorBase.java:52) ~[tomcat-embed-core-10.1.31.jar:10.1.31]
	at org.apache.tomcat.util.threads.ThreadPoolExecutor.runWorker(ThreadPoolExecutor.java:1190) ~[tomcat-embed-core-10.1.31.jar:10.1.31]
	at org.apache.tomcat.util.threads.ThreadPoolExecutor$Worker.run(ThreadPoolExecutor.java:659) ~[tomcat-embed-core-10.1.31.jar:10.1.31]
	at org.apache.tomcat.util.threads.TaskThread$WrappingRunnable.run(TaskThread.java:63) ~[tomcat-embed-core-10.1.31.jar:10.1.31]
	at java.base/java.lang.Thread.run(Thread.java:1583) ~[na:na]

2025-01-28T21:06:41.857+03:00  WARN 24416 --- [MS_Gateway] [http-nio-8084-exec-2] r.g.exception.StatementExceptionHandler  : Ошибка валидации при вызове микросервиса: null
2025-01-28T21:06:41.858+03:00  WARN 24416 --- [MS_Gateway] [http-nio-8084-exec-2] .m.m.a.ExceptionHandlerExceptionResolver : Resolved [ru.deal.exception.FeignValidationException]
2025-01-28T21:11:31.948+03:00  INFO 24416 --- [MS_Gateway] [SpringApplicationShutdownHook] j.LocalContainerEntityManagerFactoryBean : Closing JPA EntityManagerFactory for persistence unit 'default'
2025-01-28T21:11:31.956+03:00  WARN 24416 --- [MS_Gateway] [SpringApplicationShutdownHook] o.s.b.f.support.DisposableBeanAdapter    : Invocation of destroy method failed on bean with name 'inMemoryDatabaseShutdownExecutor': org.h2.jdbc.JdbcSQLNonTransientConnectionException: База данных уже закрыта (чтобы отключить автоматическое закрытие базы данных при останове JVM, добавьте ";DB_CLOSE_ON_EXIT=FALSE" в URL)
Database is already closed (to disable automatic closing at VM shutdown, add ";DB_CLOSE_ON_EXIT=FALSE" to the db URL) [90121-224]
2025-01-28T21:11:31.956+03:00  INFO 24416 --- [MS_Gateway] [SpringApplicationShutdownHook] com.zaxxer.hikari.HikariDataSource       : HikariPool-1 - Shutdown initiated...
2025-01-28T21:11:31.958+03:00  INFO 24416 --- [MS_Gateway] [SpringApplicationShutdownHook] com.zaxxer.hikari.HikariDataSource       : HikariPool-1 - Shutdown completed.
2025-01-28T21:11:39.089+03:00  INFO 25620 --- [MS_Gateway] [restartedMain] ru.gateway.GatewayApplication            : Starting GatewayApplication using Java 21.0.2 with PID 25620 (D:\Проекты\NeoFlex\Calculator_Neoflex\MS_Gateway\target\classes started by Admin in D:\Проекты\NeoFlex\Calculator_Neoflex)
2025-01-28T21:11:39.091+03:00  INFO 25620 --- [MS_Gateway] [restartedMain] ru.gateway.GatewayApplication            : No active profile set, falling back to 1 default profile: "default"
2025-01-28T21:11:39.149+03:00  INFO 25620 --- [MS_Gateway] [restartedMain] .e.DevToolsPropertyDefaultsPostProcessor : Devtools property defaults active! Set 'spring.devtools.add-properties' to 'false' to disable
2025-01-28T21:11:39.149+03:00  INFO 25620 --- [MS_Gateway] [restartedMain] .e.DevToolsPropertyDefaultsPostProcessor : For additional web related logging consider setting the 'logging.level.web' property to 'DEBUG'
2025-01-28T21:11:40.196+03:00  INFO 25620 --- [MS_Gateway] [restartedMain] .s.d.r.c.RepositoryConfigurationDelegate : Bootstrapping Spring Data JPA repositories in DEFAULT mode.
2025-01-28T21:11:40.219+03:00  INFO 25620 --- [MS_Gateway] [restartedMain] .s.d.r.c.RepositoryConfigurationDelegate : Finished Spring Data repository scanning in 15 ms. Found 0 JPA repository interfaces.
2025-01-28T21:11:40.480+03:00  INFO 25620 --- [MS_Gateway] [restartedMain] o.s.cloud.context.scope.GenericScope     : BeanFactory id=8f8c229c-2219-334b-8f1d-7fb190c75506
2025-01-28T21:11:40.999+03:00  INFO 25620 --- [MS_Gateway] [restartedMain] o.s.b.w.embedded.tomcat.TomcatWebServer  : Tomcat initialized with port 8084 (http)
2025-01-28T21:11:41.015+03:00  INFO 25620 --- [MS_Gateway] [restartedMain] o.apache.catalina.core.StandardService   : Starting service [Tomcat]
2025-01-28T21:11:41.015+03:00  INFO 25620 --- [MS_Gateway] [restartedMain] o.apache.catalina.core.StandardEngine    : Starting Servlet engine: [Apache Tomcat/10.1.31]
2025-01-28T21:11:41.091+03:00  INFO 25620 --- [MS_Gateway] [restartedMain] o.a.c.c.C.[Tomcat].[localhost].[/]       : Initializing Spring embedded WebApplicationContext
2025-01-28T21:11:41.092+03:00  INFO 25620 --- [MS_Gateway] [restartedMain] w.s.c.ServletWebServerApplicationContext : Root WebApplicationContext: initialization completed in 1942 ms
2025-01-28T21:11:41.124+03:00  INFO 25620 --- [MS_Gateway] [restartedMain] com.zaxxer.hikari.HikariDataSource       : HikariPool-1 - Starting...
2025-01-28T21:11:41.338+03:00  INFO 25620 --- [MS_Gateway] [restartedMain] com.zaxxer.hikari.pool.HikariPool        : HikariPool-1 - Added connection conn0: url=jdbc:h2:mem:2d28c6f0-a6e7-4c80-9fbb-0947c6d63d16 user=SA
2025-01-28T21:11:41.340+03:00  INFO 25620 --- [MS_Gateway] [restartedMain] com.zaxxer.hikari.HikariDataSource       : HikariPool-1 - Start completed.
2025-01-28T21:11:41.350+03:00  INFO 25620 --- [MS_Gateway] [restartedMain] o.s.b.a.h2.H2ConsoleAutoConfiguration    : H2 console available at '/h2-console'. Database available at 'jdbc:h2:mem:2d28c6f0-a6e7-4c80-9fbb-0947c6d63d16'
2025-01-28T21:11:41.494+03:00  INFO 25620 --- [MS_Gateway] [restartedMain] o.hibernate.jpa.internal.util.LogHelper  : HHH000204: Processing PersistenceUnitInfo [name: default]
2025-01-28T21:11:41.585+03:00  INFO 25620 --- [MS_Gateway] [restartedMain] org.hibernate.Version                    : HHH000412: Hibernate ORM core version 6.5.3.Final
2025-01-28T21:11:41.633+03:00  INFO 25620 --- [MS_Gateway] [restartedMain] o.h.c.internal.RegionFactoryInitiator    : HHH000026: Second-level cache disabled
2025-01-28T21:11:42.022+03:00  INFO 25620 --- [MS_Gateway] [restartedMain] o.s.o.j.p.SpringPersistenceUnitInfo      : No LoadTimeWeaver setup: ignoring JPA class transformer
2025-01-28T21:11:42.551+03:00  INFO 25620 --- [MS_Gateway] [restartedMain] o.h.e.t.j.p.i.JtaPlatformInitiator       : HHH000489: No JTA platform available (set 'hibernate.transaction.jta.platform' to enable JTA platform integration)
2025-01-28T21:11:42.560+03:00  INFO 25620 --- [MS_Gateway] [restartedMain] j.LocalContainerEntityManagerFactoryBean : Initialized JPA EntityManagerFactory for persistence unit 'default'
2025-01-28T21:11:42.787+03:00  WARN 25620 --- [MS_Gateway] [restartedMain] JpaBaseConfiguration$JpaWebConfiguration : spring.jpa.open-in-view is enabled by default. Therefore, database queries may be performed during view rendering. Explicitly configure spring.jpa.open-in-view to disable this warning
2025-01-28T21:11:42.829+03:00  WARN 25620 --- [MS_Gateway] [restartedMain] o.s.b.d.a.OptionalLiveReloadServer       : Unable to start LiveReload server
2025-01-28T21:11:44.531+03:00  INFO 25620 --- [MS_Gateway] [restartedMain] o.s.cloud.commons.util.InetUtils         : Cannot determine local hostname
2025-01-28T21:11:44.619+03:00  INFO 25620 --- [MS_Gateway] [restartedMain] o.s.b.w.embedded.tomcat.TomcatWebServer  : Tomcat started on port 8084 (http) with context path '/'
2025-01-28T21:11:45.631+03:00  INFO 25620 --- [MS_Gateway] [restartedMain] o.s.cloud.commons.util.InetUtils         : Cannot determine local hostname
2025-01-28T21:11:45.637+03:00  INFO 25620 --- [MS_Gateway] [restartedMain] ru.gateway.GatewayApplication            : Started GatewayApplication in 8.046 seconds (process running for 10.623)
2025-01-28T21:11:55.942+03:00  INFO 25620 --- [MS_Gateway] [http-nio-8084-exec-2] o.a.c.c.C.[Tomcat].[localhost].[/]       : Initializing Spring DispatcherServlet 'dispatcherServlet'
2025-01-28T21:11:55.943+03:00  INFO 25620 --- [MS_Gateway] [http-nio-8084-exec-2] o.s.web.servlet.DispatcherServlet        : Initializing Servlet 'dispatcherServlet'
2025-01-28T21:11:55.944+03:00  INFO 25620 --- [MS_Gateway] [http-nio-8084-exec-2] o.s.web.servlet.DispatcherServlet        : Completed initialization in 1 ms
2025-01-28T21:11:56.215+03:00  INFO 25620 --- [MS_Gateway] [http-nio-8084-exec-2] ru.gateway.service.GatewayService        : Запрос к MS Deal: /deal/calculate/{statementId}
2025-01-28T21:11:57.989+03:00  WARN 25620 --- [MS_Gateway] [http-nio-8084-exec-2] ru.deal.config.FeignErrorDecoder         : Ошибка при вызове микросервиса: DealFeignClient#finishRegistration(String,FinishRegistrationRequestDto)
2025-01-28T21:11:57.989+03:00  WARN 25620 --- [MS_Gateway] [http-nio-8084-exec-2] ru.deal.config.FeignErrorDecoder         : Статус: 400
2025-01-28T21:11:57.990+03:00  WARN 25620 --- [MS_Gateway] [http-nio-8084-exec-2] ru.deal.config.FeignErrorDecoder         : Тело ошибки: [{"field":"amount","message":"Сумма займа должна быть меньше 24 зарплат"},{"field":"employment.employmentStatus","message":"Рабочий статус не должен быть 'Безработный'"}]
2025-01-28T21:12:19.527+03:00 ERROR 25620 --- [MS_Gateway] [http-nio-8084-exec-2] ru.deal.config.FeignErrorDecoder         : Ошибка при обработке ответа от микросервиса

com.fasterxml.jackson.databind.exc.MismatchedInputException: Cannot deserialize value of type `ru.calculator.dto.ValidationErrorResponse` from Array value (token `JsonToken.START_ARRAY`)
 at [Source: REDACTED (`StreamReadFeature.INCLUDE_SOURCE_IN_LOCATION` disabled); line: 1, column: 1]
	at com.fasterxml.jackson.databind.exc.MismatchedInputException.from(MismatchedInputException.java:59) ~[jackson-databind-2.17.2.jar:2.17.2]
	at com.fasterxml.jackson.databind.DeserializationContext.reportInputMismatch(DeserializationContext.java:1767) ~[jackson-databind-2.17.2.jar:2.17.2]
	at com.fasterxml.jackson.databind.DeserializationContext.handleUnexpectedToken(DeserializationContext.java:1541) ~[jackson-databind-2.17.2.jar:2.17.2]
	at com.fasterxml.jackson.databind.DeserializationContext.handleUnexpectedToken(DeserializationContext.java:1488) ~[jackson-databind-2.17.2.jar:2.17.2]
	at com.fasterxml.jackson.databind.deser.BeanDeserializer._deserializeFromArray(BeanDeserializer.java:660) ~[jackson-databind-2.17.2.jar:2.17.2]
	at com.fasterxml.jackson.databind.deser.BeanDeserializer._deserializeOther(BeanDeserializer.java:211) ~[jackson-databind-2.17.2.jar:2.17.2]
	at com.fasterxml.jackson.databind.deser.BeanDeserializer.deserialize(BeanDeserializer.java:187) ~[jackson-databind-2.17.2.jar:2.17.2]
	at com.fasterxml.jackson.databind.deser.DefaultDeserializationContext.readRootValue(DefaultDeserializationContext.java:342) ~[jackson-databind-2.17.2.jar:2.17.2]
	at com.fasterxml.jackson.databind.ObjectMapper._readMapAndClose(ObjectMapper.java:4905) ~[jackson-databind-2.17.2.jar:2.17.2]
	at com.fasterxml.jackson.databind.ObjectMapper.readValue(ObjectMapper.java:3848) ~[jackson-databind-2.17.2.jar:2.17.2]
	at com.fasterxml.jackson.databind.ObjectMapper.readValue(ObjectMapper.java:3816) ~[jackson-databind-2.17.2.jar:2.17.2]
	at ru.deal.config.FeignErrorDecoder.decode(FeignErrorDecoder.java:29) ~[classes/:na]
	at feign.InvocationContext.decodeError(InvocationContext.java:133) ~[feign-core-13.5.jar:na]
	at feign.InvocationContext.proceed(InvocationContext.java:80) ~[feign-core-13.5.jar:na]
	at feign.ResponseHandler.handleResponse(ResponseHandler.java:69) ~[feign-core-13.5.jar:na]
	at feign.SynchronousMethodHandler.executeAndDecode(SynchronousMethodHandler.java:109) ~[feign-core-13.5.jar:na]
	at feign.SynchronousMethodHandler.invoke(SynchronousMethodHandler.java:53) ~[feign-core-13.5.jar:na]
	at feign.ReflectiveFeign$FeignInvocationHandler.invoke(ReflectiveFeign.java:104) ~[feign-core-13.5.jar:na]
	at jdk.proxy4/jdk.proxy4.$Proxy121.finishRegistration(Unknown Source) ~[na:na]
	at ru.gateway.service.GatewayService.finishRegistration(GatewayService.java:36) ~[classes/:na]
	at ru.gateway.controller.GatewayController.finishRegistration(GatewayController.java:51) ~[classes/:na]
	at java.base/jdk.internal.reflect.DirectMethodHandleAccessor.invoke(DirectMethodHandleAccessor.java:103) ~[na:na]
	at java.base/java.lang.reflect.Method.invoke(Method.java:580) ~[na:na]
	at org.springframework.web.method.support.InvocableHandlerMethod.doInvoke(InvocableHandlerMethod.java:255) ~[spring-web-6.1.14.jar:6.1.14]
	at org.springframework.web.method.support.InvocableHandlerMethod.invokeForRequest(InvocableHandlerMethod.java:188) ~[spring-web-6.1.14.jar:6.1.14]
	at org.springframework.web.servlet.mvc.method.annotation.ServletInvocableHandlerMethod.invokeAndHandle(ServletInvocableHandlerMethod.java:118) ~[spring-webmvc-6.1.14.jar:6.1.14]
	at org.springframework.web.servlet.mvc.method.annotation.RequestMappingHandlerAdapter.invokeHandlerMethod(RequestMappingHandlerAdapter.java:926) ~[spring-webmvc-6.1.14.jar:6.1.14]
	at org.springframework.web.servlet.mvc.method.annotation.RequestMappingHandlerAdapter.handleInternal(RequestMappingHandlerAdapter.java:831) ~[spring-webmvc-6.1.14.jar:6.1.14]
	at org.springframework.web.servlet.mvc.method.AbstractHandlerMethodAdapter.handle(AbstractHandlerMethodAdapter.java:87) ~[spring-webmvc-6.1.14.jar:6.1.14]
	at org.springframework.web.servlet.DispatcherServlet.doDispatch(DispatcherServlet.java:1089) ~[spring-webmvc-6.1.14.jar:6.1.14]
	at org.springframework.web.servlet.DispatcherServlet.doService(DispatcherServlet.java:979) ~[spring-webmvc-6.1.14.jar:6.1.14]
	at org.springframework.web.servlet.FrameworkServlet.processRequest(FrameworkServlet.java:1014) ~[spring-webmvc-6.1.14.jar:6.1.14]
	at org.springframework.web.servlet.FrameworkServlet.doPost(FrameworkServlet.java:914) ~[spring-webmvc-6.1.14.jar:6.1.14]
	at jakarta.servlet.http.HttpServlet.service(HttpServlet.java:590) ~[tomcat-embed-core-10.1.31.jar:6.0]
	at org.springframework.web.servlet.FrameworkServlet.service(FrameworkServlet.java:885) ~[spring-webmvc-6.1.14.jar:6.1.14]
	at jakarta.servlet.http.HttpServlet.service(HttpServlet.java:658) ~[tomcat-embed-core-10.1.31.jar:6.0]
	at org.apache.catalina.core.ApplicationFilterChain.internalDoFilter(ApplicationFilterChain.java:195) ~[tomcat-embed-core-10.1.31.jar:10.1.31]
	at org.apache.catalina.core.ApplicationFilterChain.doFilter(ApplicationFilterChain.java:140) ~[tomcat-embed-core-10.1.31.jar:10.1.31]
	at org.apache.tomcat.websocket.server.WsFilter.doFilter(WsFilter.java:51) ~[tomcat-embed-websocket-10.1.31.jar:10.1.31]
	at org.apache.catalina.core.ApplicationFilterChain.internalDoFilter(ApplicationFilterChain.java:164) ~[tomcat-embed-core-10.1.31.jar:10.1.31]
	at org.apache.catalina.core.ApplicationFilterChain.doFilter(ApplicationFilterChain.java:140) ~[tomcat-embed-core-10.1.31.jar:10.1.31]
	at org.springframework.web.filter.RequestContextFilter.doFilterInternal(RequestContextFilter.java:100) ~[spring-web-6.1.14.jar:6.1.14]
	at org.springframework.web.filter.OncePerRequestFilter.doFilter(OncePerRequestFilter.java:116) ~[spring-web-6.1.14.jar:6.1.14]
	at org.apache.catalina.core.ApplicationFilterChain.internalDoFilter(ApplicationFilterChain.java:164) ~[tomcat-embed-core-10.1.31.jar:10.1.31]
	at org.apache.catalina.core.ApplicationFilterChain.doFilter(ApplicationFilterChain.java:140) ~[tomcat-embed-core-10.1.31.jar:10.1.31]
	at org.springframework.web.filter.FormContentFilter.doFilterInternal(FormContentFilter.java:93) ~[spring-web-6.1.14.jar:6.1.14]
	at org.springframework.web.filter.OncePerRequestFilter.doFilter(OncePerRequestFilter.java:116) ~[spring-web-6.1.14.jar:6.1.14]
	at org.apache.catalina.core.ApplicationFilterChain.internalDoFilter(ApplicationFilterChain.java:164) ~[tomcat-embed-core-10.1.31.jar:10.1.31]
	at org.apache.catalina.core.ApplicationFilterChain.doFilter(ApplicationFilterChain.java:140) ~[tomcat-embed-core-10.1.31.jar:10.1.31]
	at org.springframework.web.filter.CharacterEncodingFilter.doFilterInternal(CharacterEncodingFilter.java:201) ~[spring-web-6.1.14.jar:6.1.14]
	at org.springframework.web.filter.OncePerRequestFilter.doFilter(OncePerRequestFilter.java:116) ~[spring-web-6.1.14.jar:6.1.14]
	at org.apache.catalina.core.ApplicationFilterChain.internalDoFilter(ApplicationFilterChain.java:164) ~[tomcat-embed-core-10.1.31.jar:10.1.31]
	at org.apache.catalina.core.ApplicationFilterChain.doFilter(ApplicationFilterChain.java:140) ~[tomcat-embed-core-10.1.31.jar:10.1.31]
	at org.apache.catalina.core.StandardWrapperValve.invoke(StandardWrapperValve.java:167) ~[tomcat-embed-core-10.1.31.jar:10.1.31]
	at org.apache.catalina.core.StandardContextValve.invoke(StandardContextValve.java:90) ~[tomcat-embed-core-10.1.31.jar:10.1.31]
	at org.apache.catalina.authenticator.AuthenticatorBase.invoke(AuthenticatorBase.java:483) ~[tomcat-embed-core-10.1.31.jar:10.1.31]
	at org.apache.catalina.core.StandardHostValve.invoke(StandardHostValve.java:115) ~[tomcat-embed-core-10.1.31.jar:10.1.31]
	at org.apache.catalina.valves.ErrorReportValve.invoke(ErrorReportValve.java:93) ~[tomcat-embed-core-10.1.31.jar:10.1.31]
	at org.apache.catalina.core.StandardEngineValve.invoke(StandardEngineValve.java:74) ~[tomcat-embed-core-10.1.31.jar:10.1.31]
	at org.apache.catalina.connector.CoyoteAdapter.service(CoyoteAdapter.java:344) ~[tomcat-embed-core-10.1.31.jar:10.1.31]
	at org.apache.coyote.http11.Http11Processor.service(Http11Processor.java:384) ~[tomcat-embed-core-10.1.31.jar:10.1.31]
	at org.apache.coyote.AbstractProcessorLight.process(AbstractProcessorLight.java:63) ~[tomcat-embed-core-10.1.31.jar:10.1.31]
	at org.apache.coyote.AbstractProtocol$ConnectionHandler.process(AbstractProtocol.java:905) ~[tomcat-embed-core-10.1.31.jar:10.1.31]
	at org.apache.tomcat.util.net.NioEndpoint$SocketProcessor.doRun(NioEndpoint.java:1741) ~[tomcat-embed-core-10.1.31.jar:10.1.31]
	at org.apache.tomcat.util.net.SocketProcessorBase.run(SocketProcessorBase.java:52) ~[tomcat-embed-core-10.1.31.jar:10.1.31]
	at org.apache.tomcat.util.threads.ThreadPoolExecutor.runWorker(ThreadPoolExecutor.java:1190) ~[tomcat-embed-core-10.1.31.jar:10.1.31]
	at org.apache.tomcat.util.threads.ThreadPoolExecutor$Worker.run(ThreadPoolExecutor.java:659) ~[tomcat-embed-core-10.1.31.jar:10.1.31]
	at org.apache.tomcat.util.threads.TaskThread$WrappingRunnable.run(TaskThread.java:63) ~[tomcat-embed-core-10.1.31.jar:10.1.31]
	at java.base/java.lang.Thread.run(Thread.java:1583) ~[na:na]

2025-01-28T21:12:21.770+03:00  WARN 25620 --- [MS_Gateway] [http-nio-8084-exec-2] .m.m.a.ExceptionHandlerExceptionResolver : Failure in @ExceptionHandler ru.gateway.exception.StatementExceptionHandler#handleFeignValidationException(MethodArgumentNotValidException)

java.lang.IllegalStateException: Could not resolve parameter [0] in public org.springframework.http.ResponseEntity<java.util.Map<java.lang.String, java.lang.String>> ru.gateway.exception.StatementExceptionHandler.handleFeignValidationException(org.springframework.web.bind.MethodArgumentNotValidException): No suitable resolver
	at org.springframework.web.method.support.InvocableHandlerMethod.getMethodArgumentValues(InvocableHandlerMethod.java:221) ~[spring-web-6.1.14.jar:6.1.14]
	at org.springframework.web.method.support.InvocableHandlerMethod.invokeForRequest(InvocableHandlerMethod.java:178) ~[spring-web-6.1.14.jar:6.1.14]
	at org.springframework.web.servlet.mvc.method.annotation.ServletInvocableHandlerMethod.invokeAndHandle(ServletInvocableHandlerMethod.java:118) ~[spring-webmvc-6.1.14.jar:6.1.14]
	at org.springframework.web.servlet.mvc.method.annotation.ExceptionHandlerExceptionResolver.doResolveHandlerMethodException(ExceptionHandlerExceptionResolver.java:432) ~[spring-webmvc-6.1.14.jar:6.1.14]
	at org.springframework.web.servlet.handler.AbstractHandlerMethodExceptionResolver.doResolveException(AbstractHandlerMethodExceptionResolver.java:74) ~[spring-webmvc-6.1.14.jar:6.1.14]
	at org.springframework.web.servlet.handler.AbstractHandlerExceptionResolver.resolveException(AbstractHandlerExceptionResolver.java:175) ~[spring-webmvc-6.1.14.jar:6.1.14]
	at org.springframework.web.servlet.handler.HandlerExceptionResolverComposite.resolveException(HandlerExceptionResolverComposite.java:80) ~[spring-webmvc-6.1.14.jar:6.1.14]
	at org.springframework.web.servlet.DispatcherServlet.processHandlerException(DispatcherServlet.java:1358) ~[spring-webmvc-6.1.14.jar:6.1.14]
	at org.springframework.web.servlet.DispatcherServlet.processDispatchResult(DispatcherServlet.java:1161) ~[spring-webmvc-6.1.14.jar:6.1.14]
	at org.springframework.web.servlet.DispatcherServlet.doDispatch(DispatcherServlet.java:1106) ~[spring-webmvc-6.1.14.jar:6.1.14]
	at org.springframework.web.servlet.DispatcherServlet.doService(DispatcherServlet.java:979) ~[spring-webmvc-6.1.14.jar:6.1.14]
	at org.springframework.web.servlet.FrameworkServlet.processRequest(FrameworkServlet.java:1014) ~[spring-webmvc-6.1.14.jar:6.1.14]
	at org.springframework.web.servlet.FrameworkServlet.doPost(FrameworkServlet.java:914) ~[spring-webmvc-6.1.14.jar:6.1.14]
	at jakarta.servlet.http.HttpServlet.service(HttpServlet.java:590) ~[tomcat-embed-core-10.1.31.jar:6.0]
	at org.springframework.web.servlet.FrameworkServlet.service(FrameworkServlet.java:885) ~[spring-webmvc-6.1.14.jar:6.1.14]
	at jakarta.servlet.http.HttpServlet.service(HttpServlet.java:658) ~[tomcat-embed-core-10.1.31.jar:6.0]
	at org.apache.catalina.core.ApplicationFilterChain.internalDoFilter(ApplicationFilterChain.java:195) ~[tomcat-embed-core-10.1.31.jar:10.1.31]
	at org.apache.catalina.core.ApplicationFilterChain.doFilter(ApplicationFilterChain.java:140) ~[tomcat-embed-core-10.1.31.jar:10.1.31]
	at org.apache.tomcat.websocket.server.WsFilter.doFilter(WsFilter.java:51) ~[tomcat-embed-websocket-10.1.31.jar:10.1.31]
	at org.apache.catalina.core.ApplicationFilterChain.internalDoFilter(ApplicationFilterChain.java:164) ~[tomcat-embed-core-10.1.31.jar:10.1.31]
	at org.apache.catalina.core.ApplicationFilterChain.doFilter(ApplicationFilterChain.java:140) ~[tomcat-embed-core-10.1.31.jar:10.1.31]
	at org.springframework.web.filter.RequestContextFilter.doFilterInternal(RequestContextFilter.java:100) ~[spring-web-6.1.14.jar:6.1.14]
	at org.springframework.web.filter.OncePerRequestFilter.doFilter(OncePerRequestFilter.java:116) ~[spring-web-6.1.14.jar:6.1.14]
	at org.apache.catalina.core.ApplicationFilterChain.internalDoFilter(ApplicationFilterChain.java:164) ~[tomcat-embed-core-10.1.31.jar:10.1.31]
	at org.apache.catalina.core.ApplicationFilterChain.doFilter(ApplicationFilterChain.java:140) ~[tomcat-embed-core-10.1.31.jar:10.1.31]
	at org.springframework.web.filter.FormContentFilter.doFilterInternal(FormContentFilter.java:93) ~[spring-web-6.1.14.jar:6.1.14]
	at org.springframework.web.filter.OncePerRequestFilter.doFilter(OncePerRequestFilter.java:116) ~[spring-web-6.1.14.jar:6.1.14]
	at org.apache.catalina.core.ApplicationFilterChain.internalDoFilter(ApplicationFilterChain.java:164) ~[tomcat-embed-core-10.1.31.jar:10.1.31]
	at org.apache.catalina.core.ApplicationFilterChain.doFilter(ApplicationFilterChain.java:140) ~[tomcat-embed-core-10.1.31.jar:10.1.31]
	at org.springframework.web.filter.CharacterEncodingFilter.doFilterInternal(CharacterEncodingFilter.java:201) ~[spring-web-6.1.14.jar:6.1.14]
	at org.springframework.web.filter.OncePerRequestFilter.doFilter(OncePerRequestFilter.java:116) ~[spring-web-6.1.14.jar:6.1.14]
	at org.apache.catalina.core.ApplicationFilterChain.internalDoFilter(ApplicationFilterChain.java:164) ~[tomcat-embed-core-10.1.31.jar:10.1.31]
	at org.apache.catalina.core.ApplicationFilterChain.doFilter(ApplicationFilterChain.java:140) ~[tomcat-embed-core-10.1.31.jar:10.1.31]
	at org.apache.catalina.core.StandardWrapperValve.invoke(StandardWrapperValve.java:167) ~[tomcat-embed-core-10.1.31.jar:10.1.31]
	at org.apache.catalina.core.StandardContextValve.invoke(StandardContextValve.java:90) ~[tomcat-embed-core-10.1.31.jar:10.1.31]
	at org.apache.catalina.authenticator.AuthenticatorBase.invoke(AuthenticatorBase.java:483) ~[tomcat-embed-core-10.1.31.jar:10.1.31]
	at org.apache.catalina.core.StandardHostValve.invoke(StandardHostValve.java:115) ~[tomcat-embed-core-10.1.31.jar:10.1.31]
	at org.apache.catalina.valves.ErrorReportValve.invoke(ErrorReportValve.java:93) ~[tomcat-embed-core-10.1.31.jar:10.1.31]
	at org.apache.catalina.core.StandardEngineValve.invoke(StandardEngineValve.java:74) ~[tomcat-embed-core-10.1.31.jar:10.1.31]
	at org.apache.catalina.connector.CoyoteAdapter.service(CoyoteAdapter.java:344) ~[tomcat-embed-core-10.1.31.jar:10.1.31]
	at org.apache.coyote.http11.Http11Processor.service(Http11Processor.java:384) ~[tomcat-embed-core-10.1.31.jar:10.1.31]
	at org.apache.coyote.AbstractProcessorLight.process(AbstractProcessorLight.java:63) ~[tomcat-embed-core-10.1.31.jar:10.1.31]
	at org.apache.coyote.AbstractProtocol$ConnectionHandler.process(AbstractProtocol.java:905) ~[tomcat-embed-core-10.1.31.jar:10.1.31]
	at org.apache.tomcat.util.net.NioEndpoint$SocketProcessor.doRun(NioEndpoint.java:1741) ~[tomcat-embed-core-10.1.31.jar:10.1.31]
	at org.apache.tomcat.util.net.SocketProcessorBase.run(SocketProcessorBase.java:52) ~[tomcat-embed-core-10.1.31.jar:10.1.31]
	at org.apache.tomcat.util.threads.ThreadPoolExecutor.runWorker(ThreadPoolExecutor.java:1190) ~[tomcat-embed-core-10.1.31.jar:10.1.31]
	at org.apache.tomcat.util.threads.ThreadPoolExecutor$Worker.run(ThreadPoolExecutor.java:659) ~[tomcat-embed-core-10.1.31.jar:10.1.31]
	at org.apache.tomcat.util.threads.TaskThread$WrappingRunnable.run(TaskThread.java:63) ~[tomcat-embed-core-10.1.31.jar:10.1.31]
	at java.base/java.lang.Thread.run(Thread.java:1583) ~[na:na]

2025-01-28T21:12:21.777+03:00 ERROR 25620 --- [MS_Gateway] [http-nio-8084-exec-2] o.a.c.c.C.[.[.[/].[dispatcherServlet]    : Servlet.service() for servlet [dispatcherServlet] in context with path [] threw exception [Request processing failed: ru.deal.exception.FeignValidationException] with root cause

ru.deal.exception.FeignValidationException: null
	at ru.deal.config.FeignErrorDecoder.decode(FeignErrorDecoder.java:37) ~[classes/:na]
	at feign.InvocationContext.decodeError(InvocationContext.java:133) ~[feign-core-13.5.jar:na]
	at feign.InvocationContext.proceed(InvocationContext.java:80) ~[feign-core-13.5.jar:na]
	at feign.ResponseHandler.handleResponse(ResponseHandler.java:69) ~[feign-core-13.5.jar:na]
	at feign.SynchronousMethodHandler.executeAndDecode(SynchronousMethodHandler.java:109) ~[feign-core-13.5.jar:na]
	at feign.SynchronousMethodHandler.invoke(SynchronousMethodHandler.java:53) ~[feign-core-13.5.jar:na]
	at feign.ReflectiveFeign$FeignInvocationHandler.invoke(ReflectiveFeign.java:104) ~[feign-core-13.5.jar:na]
	at jdk.proxy4/jdk.proxy4.$Proxy121.finishRegistration(Unknown Source) ~[na:na]
	at ru.gateway.service.GatewayService.finishRegistration(GatewayService.java:36) ~[classes/:na]
	at ru.gateway.controller.GatewayController.finishRegistration(GatewayController.java:51) ~[classes/:na]
	at java.base/jdk.internal.reflect.DirectMethodHandleAccessor.invoke(DirectMethodHandleAccessor.java:103) ~[na:na]
	at java.base/java.lang.reflect.Method.invoke(Method.java:580) ~[na:na]
	at org.springframework.web.method.support.InvocableHandlerMethod.doInvoke(InvocableHandlerMethod.java:255) ~[spring-web-6.1.14.jar:6.1.14]
	at org.springframework.web.method.support.InvocableHandlerMethod.invokeForRequest(InvocableHandlerMethod.java:188) ~[spring-web-6.1.14.jar:6.1.14]
	at org.springframework.web.servlet.mvc.method.annotation.ServletInvocableHandlerMethod.invokeAndHandle(ServletInvocableHandlerMethod.java:118) ~[spring-webmvc-6.1.14.jar:6.1.14]
	at org.springframework.web.servlet.mvc.method.annotation.RequestMappingHandlerAdapter.invokeHandlerMethod(RequestMappingHandlerAdapter.java:926) ~[spring-webmvc-6.1.14.jar:6.1.14]
	at org.springframework.web.servlet.mvc.method.annotation.RequestMappingHandlerAdapter.handleInternal(RequestMappingHandlerAdapter.java:831) ~[spring-webmvc-6.1.14.jar:6.1.14]
	at org.springframework.web.servlet.mvc.method.AbstractHandlerMethodAdapter.handle(AbstractHandlerMethodAdapter.java:87) ~[spring-webmvc-6.1.14.jar:6.1.14]
	at org.springframework.web.servlet.DispatcherServlet.doDispatch(DispatcherServlet.java:1089) ~[spring-webmvc-6.1.14.jar:6.1.14]
	at org.springframework.web.servlet.DispatcherServlet.doService(DispatcherServlet.java:979) ~[spring-webmvc-6.1.14.jar:6.1.14]
	at org.springframework.web.servlet.FrameworkServlet.processRequest(FrameworkServlet.java:1014) ~[spring-webmvc-6.1.14.jar:6.1.14]
	at org.springframework.web.servlet.FrameworkServlet.doPost(FrameworkServlet.java:914) ~[spring-webmvc-6.1.14.jar:6.1.14]
	at jakarta.servlet.http.HttpServlet.service(HttpServlet.java:590) ~[tomcat-embed-core-10.1.31.jar:6.0]
	at org.springframework.web.servlet.FrameworkServlet.service(FrameworkServlet.java:885) ~[spring-webmvc-6.1.14.jar:6.1.14]
	at jakarta.servlet.http.HttpServlet.service(HttpServlet.java:658) ~[tomcat-embed-core-10.1.31.jar:6.0]
	at org.apache.catalina.core.ApplicationFilterChain.internalDoFilter(ApplicationFilterChain.java:195) ~[tomcat-embed-core-10.1.31.jar:10.1.31]
	at org.apache.catalina.core.ApplicationFilterChain.doFilter(ApplicationFilterChain.java:140) ~[tomcat-embed-core-10.1.31.jar:10.1.31]
	at org.apache.tomcat.websocket.server.WsFilter.doFilter(WsFilter.java:51) ~[tomcat-embed-websocket-10.1.31.jar:10.1.31]
	at org.apache.catalina.core.ApplicationFilterChain.internalDoFilter(ApplicationFilterChain.java:164) ~[tomcat-embed-core-10.1.31.jar:10.1.31]
	at org.apache.catalina.core.ApplicationFilterChain.doFilter(ApplicationFilterChain.java:140) ~[tomcat-embed-core-10.1.31.jar:10.1.31]
	at org.springframework.web.filter.RequestContextFilter.doFilterInternal(RequestContextFilter.java:100) ~[spring-web-6.1.14.jar:6.1.14]
	at org.springframework.web.filter.OncePerRequestFilter.doFilter(OncePerRequestFilter.java:116) ~[spring-web-6.1.14.jar:6.1.14]
	at org.apache.catalina.core.ApplicationFilterChain.internalDoFilter(ApplicationFilterChain.java:164) ~[tomcat-embed-core-10.1.31.jar:10.1.31]
	at org.apache.catalina.core.ApplicationFilterChain.doFilter(ApplicationFilterChain.java:140) ~[tomcat-embed-core-10.1.31.jar:10.1.31]
	at org.springframework.web.filter.FormContentFilter.doFilterInternal(FormContentFilter.java:93) ~[spring-web-6.1.14.jar:6.1.14]
	at org.springframework.web.filter.OncePerRequestFilter.doFilter(OncePerRequestFilter.java:116) ~[spring-web-6.1.14.jar:6.1.14]
	at org.apache.catalina.core.ApplicationFilterChain.internalDoFilter(ApplicationFilterChain.java:164) ~[tomcat-embed-core-10.1.31.jar:10.1.31]
	at org.apache.catalina.core.ApplicationFilterChain.doFilter(ApplicationFilterChain.java:140) ~[tomcat-embed-core-10.1.31.jar:10.1.31]
	at org.springframework.web.filter.CharacterEncodingFilter.doFilterInternal(CharacterEncodingFilter.java:201) ~[spring-web-6.1.14.jar:6.1.14]
	at org.springframework.web.filter.OncePerRequestFilter.doFilter(OncePerRequestFilter.java:116) ~[spring-web-6.1.14.jar:6.1.14]
	at org.apache.catalina.core.ApplicationFilterChain.internalDoFilter(ApplicationFilterChain.java:164) ~[tomcat-embed-core-10.1.31.jar:10.1.31]
	at org.apache.catalina.core.ApplicationFilterChain.doFilter(ApplicationFilterChain.java:140) ~[tomcat-embed-core-10.1.31.jar:10.1.31]
	at org.apache.catalina.core.StandardWrapperValve.invoke(StandardWrapperValve.java:167) ~[tomcat-embed-core-10.1.31.jar:10.1.31]
	at org.apache.catalina.core.StandardContextValve.invoke(StandardContextValve.java:90) ~[tomcat-embed-core-10.1.31.jar:10.1.31]
	at org.apache.catalina.authenticator.AuthenticatorBase.invoke(AuthenticatorBase.java:483) ~[tomcat-embed-core-10.1.31.jar:10.1.31]
	at org.apache.catalina.core.StandardHostValve.invoke(StandardHostValve.java:115) ~[tomcat-embed-core-10.1.31.jar:10.1.31]
	at org.apache.catalina.valves.ErrorReportValve.invoke(ErrorReportValve.java:93) ~[tomcat-embed-core-10.1.31.jar:10.1.31]
	at org.apache.catalina.core.StandardEngineValve.invoke(StandardEngineValve.java:74) ~[tomcat-embed-core-10.1.31.jar:10.1.31]
	at org.apache.catalina.connector.CoyoteAdapter.service(CoyoteAdapter.java:344) ~[tomcat-embed-core-10.1.31.jar:10.1.31]
	at org.apache.coyote.http11.Http11Processor.service(Http11Processor.java:384) ~[tomcat-embed-core-10.1.31.jar:10.1.31]
	at org.apache.coyote.AbstractProcessorLight.process(AbstractProcessorLight.java:63) ~[tomcat-embed-core-10.1.31.jar:10.1.31]
	at org.apache.coyote.AbstractProtocol$ConnectionHandler.process(AbstractProtocol.java:905) ~[tomcat-embed-core-10.1.31.jar:10.1.31]
	at org.apache.tomcat.util.net.NioEndpoint$SocketProcessor.doRun(NioEndpoint.java:1741) ~[tomcat-embed-core-10.1.31.jar:10.1.31]
	at org.apache.tomcat.util.net.SocketProcessorBase.run(SocketProcessorBase.java:52) ~[tomcat-embed-core-10.1.31.jar:10.1.31]
	at org.apache.tomcat.util.threads.ThreadPoolExecutor.runWorker(ThreadPoolExecutor.java:1190) ~[tomcat-embed-core-10.1.31.jar:10.1.31]
	at org.apache.tomcat.util.threads.ThreadPoolExecutor$Worker.run(ThreadPoolExecutor.java:659) ~[tomcat-embed-core-10.1.31.jar:10.1.31]
	at org.apache.tomcat.util.threads.TaskThread$WrappingRunnable.run(TaskThread.java:63) ~[tomcat-embed-core-10.1.31.jar:10.1.31]
	at java.base/java.lang.Thread.run(Thread.java:1583) ~[na:na]

2025-01-28T21:12:30.571+03:00  INFO 25620 --- [MS_Gateway] [http-nio-8084-exec-4] ru.gateway.service.GatewayService        : Запрос к MS Deal: /deal/calculate/{statementId}
2025-01-28T21:13:30.582+03:00 ERROR 25620 --- [MS_Gateway] [http-nio-8084-exec-4] o.a.c.c.C.[.[.[/].[dispatcherServlet]    : Servlet.service() for servlet [dispatcherServlet] in context with path [] threw exception [Request processing failed: feign.RetryableException: Read timed out executing POST http://localhost:8081/deal/calculate/001591af-c9ba-450b-b7db-6386b1b0ece1] with root cause

java.net.SocketTimeoutException: Read timed out
	at java.base/sun.nio.ch.NioSocketImpl.timedRead(NioSocketImpl.java:278) ~[na:na]
	at java.base/sun.nio.ch.NioSocketImpl.implRead(NioSocketImpl.java:304) ~[na:na]
	at java.base/sun.nio.ch.NioSocketImpl.read(NioSocketImpl.java:346) ~[na:na]
	at java.base/sun.nio.ch.NioSocketImpl$1.read(NioSocketImpl.java:796) ~[na:na]
	at java.base/java.net.Socket$SocketInputStream.read(Socket.java:1099) ~[na:na]
	at java.base/java.io.BufferedInputStream.fill(BufferedInputStream.java:291) ~[na:na]
	at java.base/java.io.BufferedInputStream.read1(BufferedInputStream.java:347) ~[na:na]
	at java.base/java.io.BufferedInputStream.implRead(BufferedInputStream.java:420) ~[na:na]
	at java.base/java.io.BufferedInputStream.read(BufferedInputStream.java:399) ~[na:na]
	at java.base/sun.net.www.http.HttpClient.parseHTTPHeader(HttpClient.java:827) ~[na:na]
	at java.base/sun.net.www.http.HttpClient.parseHTTP(HttpClient.java:759) ~[na:na]
	at java.base/sun.net.www.protocol.http.HttpURLConnection.getInputStream0(HttpURLConnection.java:1690) ~[na:na]
	at java.base/sun.net.www.protocol.http.HttpURLConnection.getInputStream(HttpURLConnection.java:1599) ~[na:na]
	at java.base/java.net.HttpURLConnection.getResponseCode(HttpURLConnection.java:531) ~[na:na]
	at feign.Client$Default.convertResponse(Client.java:114) ~[feign-core-13.5.jar:na]
	at feign.Client$Default.execute(Client.java:110) ~[feign-core-13.5.jar:na]
	at feign.SynchronousMethodHandler.executeAndDecode(SynchronousMethodHandler.java:92) ~[feign-core-13.5.jar:na]
	at feign.SynchronousMethodHandler.invoke(SynchronousMethodHandler.java:53) ~[feign-core-13.5.jar:na]
	at feign.ReflectiveFeign$FeignInvocationHandler.invoke(ReflectiveFeign.java:104) ~[feign-core-13.5.jar:na]
	at jdk.proxy4/jdk.proxy4.$Proxy121.finishRegistration(Unknown Source) ~[na:na]
	at ru.gateway.service.GatewayService.finishRegistration(GatewayService.java:36) ~[classes/:na]
	at ru.gateway.controller.GatewayController.finishRegistration(GatewayController.java:51) ~[classes/:na]
	at java.base/jdk.internal.reflect.DirectMethodHandleAccessor.invoke(DirectMethodHandleAccessor.java:103) ~[na:na]
	at java.base/java.lang.reflect.Method.invoke(Method.java:580) ~[na:na]
	at org.springframework.web.method.support.InvocableHandlerMethod.doInvoke(InvocableHandlerMethod.java:255) ~[spring-web-6.1.14.jar:6.1.14]
	at org.springframework.web.method.support.InvocableHandlerMethod.invokeForRequest(InvocableHandlerMethod.java:188) ~[spring-web-6.1.14.jar:6.1.14]
	at org.springframework.web.servlet.mvc.method.annotation.ServletInvocableHandlerMethod.invokeAndHandle(ServletInvocableHandlerMethod.java:118) ~[spring-webmvc-6.1.14.jar:6.1.14]
	at org.springframework.web.servlet.mvc.method.annotation.RequestMappingHandlerAdapter.invokeHandlerMethod(RequestMappingHandlerAdapter.java:926) ~[spring-webmvc-6.1.14.jar:6.1.14]
	at org.springframework.web.servlet.mvc.method.annotation.RequestMappingHandlerAdapter.handleInternal(RequestMappingHandlerAdapter.java:831) ~[spring-webmvc-6.1.14.jar:6.1.14]
	at org.springframework.web.servlet.mvc.method.AbstractHandlerMethodAdapter.handle(AbstractHandlerMethodAdapter.java:87) ~[spring-webmvc-6.1.14.jar:6.1.14]
	at org.springframework.web.servlet.DispatcherServlet.doDispatch(DispatcherServlet.java:1089) ~[spring-webmvc-6.1.14.jar:6.1.14]
	at org.springframework.web.servlet.DispatcherServlet.doService(DispatcherServlet.java:979) ~[spring-webmvc-6.1.14.jar:6.1.14]
	at org.springframework.web.servlet.FrameworkServlet.processRequest(FrameworkServlet.java:1014) ~[spring-webmvc-6.1.14.jar:6.1.14]
	at org.springframework.web.servlet.FrameworkServlet.doPost(FrameworkServlet.java:914) ~[spring-webmvc-6.1.14.jar:6.1.14]
	at jakarta.servlet.http.HttpServlet.service(HttpServlet.java:590) ~[tomcat-embed-core-10.1.31.jar:6.0]
	at org.springframework.web.servlet.FrameworkServlet.service(FrameworkServlet.java:885) ~[spring-webmvc-6.1.14.jar:6.1.14]
	at jakarta.servlet.http.HttpServlet.service(HttpServlet.java:658) ~[tomcat-embed-core-10.1.31.jar:6.0]
	at org.apache.catalina.core.ApplicationFilterChain.internalDoFilter(ApplicationFilterChain.java:195) ~[tomcat-embed-core-10.1.31.jar:10.1.31]
	at org.apache.catalina.core.ApplicationFilterChain.doFilter(ApplicationFilterChain.java:140) ~[tomcat-embed-core-10.1.31.jar:10.1.31]
	at org.apache.tomcat.websocket.server.WsFilter.doFilter(WsFilter.java:51) ~[tomcat-embed-websocket-10.1.31.jar:10.1.31]
	at org.apache.catalina.core.ApplicationFilterChain.internalDoFilter(ApplicationFilterChain.java:164) ~[tomcat-embed-core-10.1.31.jar:10.1.31]
	at org.apache.catalina.core.ApplicationFilterChain.doFilter(ApplicationFilterChain.java:140) ~[tomcat-embed-core-10.1.31.jar:10.1.31]
	at org.springframework.web.filter.RequestContextFilter.doFilterInternal(RequestContextFilter.java:100) ~[spring-web-6.1.14.jar:6.1.14]
	at org.springframework.web.filter.OncePerRequestFilter.doFilter(OncePerRequestFilter.java:116) ~[spring-web-6.1.14.jar:6.1.14]
	at org.apache.catalina.core.ApplicationFilterChain.internalDoFilter(ApplicationFilterChain.java:164) ~[tomcat-embed-core-10.1.31.jar:10.1.31]
	at org.apache.catalina.core.ApplicationFilterChain.doFilter(ApplicationFilterChain.java:140) ~[tomcat-embed-core-10.1.31.jar:10.1.31]
	at org.springframework.web.filter.FormContentFilter.doFilterInternal(FormContentFilter.java:93) ~[spring-web-6.1.14.jar:6.1.14]
	at org.springframework.web.filter.OncePerRequestFilter.doFilter(OncePerRequestFilter.java:116) ~[spring-web-6.1.14.jar:6.1.14]
	at org.apache.catalina.core.ApplicationFilterChain.internalDoFilter(ApplicationFilterChain.java:164) ~[tomcat-embed-core-10.1.31.jar:10.1.31]
	at org.apache.catalina.core.ApplicationFilterChain.doFilter(ApplicationFilterChain.java:140) ~[tomcat-embed-core-10.1.31.jar:10.1.31]
	at org.springframework.web.filter.CharacterEncodingFilter.doFilterInternal(CharacterEncodingFilter.java:201) ~[spring-web-6.1.14.jar:6.1.14]
	at org.springframework.web.filter.OncePerRequestFilter.doFilter(OncePerRequestFilter.java:116) ~[spring-web-6.1.14.jar:6.1.14]
	at org.apache.catalina.core.ApplicationFilterChain.internalDoFilter(ApplicationFilterChain.java:164) ~[tomcat-embed-core-10.1.31.jar:10.1.31]
	at org.apache.catalina.core.ApplicationFilterChain.doFilter(ApplicationFilterChain.java:140) ~[tomcat-embed-core-10.1.31.jar:10.1.31]
	at org.apache.catalina.core.StandardWrapperValve.invoke(StandardWrapperValve.java:167) ~[tomcat-embed-core-10.1.31.jar:10.1.31]
	at org.apache.catalina.core.StandardContextValve.invoke(StandardContextValve.java:90) ~[tomcat-embed-core-10.1.31.jar:10.1.31]
	at org.apache.catalina.authenticator.AuthenticatorBase.invoke(AuthenticatorBase.java:483) ~[tomcat-embed-core-10.1.31.jar:10.1.31]
	at org.apache.catalina.core.StandardHostValve.invoke(StandardHostValve.java:115) ~[tomcat-embed-core-10.1.31.jar:10.1.31]
	at org.apache.catalina.valves.ErrorReportValve.invoke(ErrorReportValve.java:93) ~[tomcat-embed-core-10.1.31.jar:10.1.31]
	at org.apache.catalina.core.StandardEngineValve.invoke(StandardEngineValve.java:74) ~[tomcat-embed-core-10.1.31.jar:10.1.31]
	at org.apache.catalina.connector.CoyoteAdapter.service(CoyoteAdapter.java:344) ~[tomcat-embed-core-10.1.31.jar:10.1.31]
	at org.apache.coyote.http11.Http11Processor.service(Http11Processor.java:384) ~[tomcat-embed-core-10.1.31.jar:10.1.31]
	at org.apache.coyote.AbstractProcessorLight.process(AbstractProcessorLight.java:63) ~[tomcat-embed-core-10.1.31.jar:10.1.31]
	at org.apache.coyote.AbstractProtocol$ConnectionHandler.process(AbstractProtocol.java:905) ~[tomcat-embed-core-10.1.31.jar:10.1.31]
	at org.apache.tomcat.util.net.NioEndpoint$SocketProcessor.doRun(NioEndpoint.java:1741) ~[tomcat-embed-core-10.1.31.jar:10.1.31]
	at org.apache.tomcat.util.net.SocketProcessorBase.run(SocketProcessorBase.java:52) ~[tomcat-embed-core-10.1.31.jar:10.1.31]
	at org.apache.tomcat.util.threads.ThreadPoolExecutor.runWorker(ThreadPoolExecutor.java:1190) ~[tomcat-embed-core-10.1.31.jar:10.1.31]
	at org.apache.tomcat.util.threads.ThreadPoolExecutor$Worker.run(ThreadPoolExecutor.java:659) ~[tomcat-embed-core-10.1.31.jar:10.1.31]
	at org.apache.tomcat.util.threads.TaskThread$WrappingRunnable.run(TaskThread.java:63) ~[tomcat-embed-core-10.1.31.jar:10.1.31]
	at java.base/java.lang.Thread.run(Thread.java:1583) ~[na:na]

2025-01-28T21:16:18.338+03:00  INFO 25620 --- [MS_Gateway] [http-nio-8084-exec-7] ru.gateway.service.GatewayService        : Запрос к MS Deal: /deal/calculate/{statementId}
2025-01-28T21:16:19.312+03:00  WARN 25620 --- [MS_Gateway] [http-nio-8084-exec-7] ru.deal.config.FeignErrorDecoder         : Ошибка при вызове микросервиса: DealFeignClient#finishRegistration(String,FinishRegistrationRequestDto)
2025-01-28T21:16:19.312+03:00  WARN 25620 --- [MS_Gateway] [http-nio-8084-exec-7] ru.deal.config.FeignErrorDecoder         : Статус: 400
2025-01-28T21:16:19.312+03:00  WARN 25620 --- [MS_Gateway] [http-nio-8084-exec-7] ru.deal.config.FeignErrorDecoder         : Тело ошибки: [{"field":"employment.employmentStatus","message":"Рабочий статус не должен быть 'Безработный'"},{"field":"amount","message":"Сумма займа должна быть меньше 24 зарплат"}]
2025-01-28T21:16:32.181+03:00 ERROR 25620 --- [MS_Gateway] [http-nio-8084-exec-7] ru.deal.config.FeignErrorDecoder         : Ошибка при обработке ответа от микросервиса

com.fasterxml.jackson.databind.exc.MismatchedInputException: Cannot deserialize value of type `ru.calculator.dto.ValidationErrorResponse` from Array value (token `JsonToken.START_ARRAY`)
 at [Source: REDACTED (`StreamReadFeature.INCLUDE_SOURCE_IN_LOCATION` disabled); line: 1, column: 1]
	at com.fasterxml.jackson.databind.exc.MismatchedInputException.from(MismatchedInputException.java:59) ~[jackson-databind-2.17.2.jar:2.17.2]
	at com.fasterxml.jackson.databind.DeserializationContext.reportInputMismatch(DeserializationContext.java:1767) ~[jackson-databind-2.17.2.jar:2.17.2]
	at com.fasterxml.jackson.databind.DeserializationContext.handleUnexpectedToken(DeserializationContext.java:1541) ~[jackson-databind-2.17.2.jar:2.17.2]
	at com.fasterxml.jackson.databind.DeserializationContext.handleUnexpectedToken(DeserializationContext.java:1488) ~[jackson-databind-2.17.2.jar:2.17.2]
	at com.fasterxml.jackson.databind.deser.BeanDeserializer._deserializeFromArray(BeanDeserializer.java:660) ~[jackson-databind-2.17.2.jar:2.17.2]
	at com.fasterxml.jackson.databind.deser.BeanDeserializer._deserializeOther(BeanDeserializer.java:211) ~[jackson-databind-2.17.2.jar:2.17.2]
	at com.fasterxml.jackson.databind.deser.BeanDeserializer.deserialize(BeanDeserializer.java:187) ~[jackson-databind-2.17.2.jar:2.17.2]
	at com.fasterxml.jackson.databind.deser.DefaultDeserializationContext.readRootValue(DefaultDeserializationContext.java:342) ~[jackson-databind-2.17.2.jar:2.17.2]
	at com.fasterxml.jackson.databind.ObjectMapper._readMapAndClose(ObjectMapper.java:4905) ~[jackson-databind-2.17.2.jar:2.17.2]
	at com.fasterxml.jackson.databind.ObjectMapper.readValue(ObjectMapper.java:3848) ~[jackson-databind-2.17.2.jar:2.17.2]
	at com.fasterxml.jackson.databind.ObjectMapper.readValue(ObjectMapper.java:3816) ~[jackson-databind-2.17.2.jar:2.17.2]
	at ru.deal.config.FeignErrorDecoder.decode(FeignErrorDecoder.java:29) ~[classes/:na]
	at feign.InvocationContext.decodeError(InvocationContext.java:133) ~[feign-core-13.5.jar:na]
	at feign.InvocationContext.proceed(InvocationContext.java:80) ~[feign-core-13.5.jar:na]
	at feign.ResponseHandler.handleResponse(ResponseHandler.java:69) ~[feign-core-13.5.jar:na]
	at feign.SynchronousMethodHandler.executeAndDecode(SynchronousMethodHandler.java:109) ~[feign-core-13.5.jar:na]
	at feign.SynchronousMethodHandler.invoke(SynchronousMethodHandler.java:53) ~[feign-core-13.5.jar:na]
	at feign.ReflectiveFeign$FeignInvocationHandler.invoke(ReflectiveFeign.java:104) ~[feign-core-13.5.jar:na]
	at jdk.proxy4/jdk.proxy4.$Proxy121.finishRegistration(Unknown Source) ~[na:na]
	at ru.gateway.service.GatewayService.finishRegistration(GatewayService.java:36) ~[classes/:na]
	at ru.gateway.controller.GatewayController.finishRegistration(GatewayController.java:51) ~[classes/:na]
	at java.base/jdk.internal.reflect.DirectMethodHandleAccessor.invoke(DirectMethodHandleAccessor.java:103) ~[na:na]
	at java.base/java.lang.reflect.Method.invoke(Method.java:580) ~[na:na]
	at org.springframework.web.method.support.InvocableHandlerMethod.doInvoke(InvocableHandlerMethod.java:255) ~[spring-web-6.1.14.jar:6.1.14]
	at org.springframework.web.method.support.InvocableHandlerMethod.invokeForRequest(InvocableHandlerMethod.java:188) ~[spring-web-6.1.14.jar:6.1.14]
	at org.springframework.web.servlet.mvc.method.annotation.ServletInvocableHandlerMethod.invokeAndHandle(ServletInvocableHandlerMethod.java:118) ~[spring-webmvc-6.1.14.jar:6.1.14]
	at org.springframework.web.servlet.mvc.method.annotation.RequestMappingHandlerAdapter.invokeHandlerMethod(RequestMappingHandlerAdapter.java:926) ~[spring-webmvc-6.1.14.jar:6.1.14]
	at org.springframework.web.servlet.mvc.method.annotation.RequestMappingHandlerAdapter.handleInternal(RequestMappingHandlerAdapter.java:831) ~[spring-webmvc-6.1.14.jar:6.1.14]
	at org.springframework.web.servlet.mvc.method.AbstractHandlerMethodAdapter.handle(AbstractHandlerMethodAdapter.java:87) ~[spring-webmvc-6.1.14.jar:6.1.14]
	at org.springframework.web.servlet.DispatcherServlet.doDispatch(DispatcherServlet.java:1089) ~[spring-webmvc-6.1.14.jar:6.1.14]
	at org.springframework.web.servlet.DispatcherServlet.doService(DispatcherServlet.java:979) ~[spring-webmvc-6.1.14.jar:6.1.14]
	at org.springframework.web.servlet.FrameworkServlet.processRequest(FrameworkServlet.java:1014) ~[spring-webmvc-6.1.14.jar:6.1.14]
	at org.springframework.web.servlet.FrameworkServlet.doPost(FrameworkServlet.java:914) ~[spring-webmvc-6.1.14.jar:6.1.14]
	at jakarta.servlet.http.HttpServlet.service(HttpServlet.java:590) ~[tomcat-embed-core-10.1.31.jar:6.0]
	at org.springframework.web.servlet.FrameworkServlet.service(FrameworkServlet.java:885) ~[spring-webmvc-6.1.14.jar:6.1.14]
	at jakarta.servlet.http.HttpServlet.service(HttpServlet.java:658) ~[tomcat-embed-core-10.1.31.jar:6.0]
	at org.apache.catalina.core.ApplicationFilterChain.internalDoFilter(ApplicationFilterChain.java:195) ~[tomcat-embed-core-10.1.31.jar:10.1.31]
	at org.apache.catalina.core.ApplicationFilterChain.doFilter(ApplicationFilterChain.java:140) ~[tomcat-embed-core-10.1.31.jar:10.1.31]
	at org.apache.tomcat.websocket.server.WsFilter.doFilter(WsFilter.java:51) ~[tomcat-embed-websocket-10.1.31.jar:10.1.31]
	at org.apache.catalina.core.ApplicationFilterChain.internalDoFilter(ApplicationFilterChain.java:164) ~[tomcat-embed-core-10.1.31.jar:10.1.31]
	at org.apache.catalina.core.ApplicationFilterChain.doFilter(ApplicationFilterChain.java:140) ~[tomcat-embed-core-10.1.31.jar:10.1.31]
	at org.springframework.web.filter.RequestContextFilter.doFilterInternal(RequestContextFilter.java:100) ~[spring-web-6.1.14.jar:6.1.14]
	at org.springframework.web.filter.OncePerRequestFilter.doFilter(OncePerRequestFilter.java:116) ~[spring-web-6.1.14.jar:6.1.14]
	at org.apache.catalina.core.ApplicationFilterChain.internalDoFilter(ApplicationFilterChain.java:164) ~[tomcat-embed-core-10.1.31.jar:10.1.31]
	at org.apache.catalina.core.ApplicationFilterChain.doFilter(ApplicationFilterChain.java:140) ~[tomcat-embed-core-10.1.31.jar:10.1.31]
	at org.springframework.web.filter.FormContentFilter.doFilterInternal(FormContentFilter.java:93) ~[spring-web-6.1.14.jar:6.1.14]
	at org.springframework.web.filter.OncePerRequestFilter.doFilter(OncePerRequestFilter.java:116) ~[spring-web-6.1.14.jar:6.1.14]
	at org.apache.catalina.core.ApplicationFilterChain.internalDoFilter(ApplicationFilterChain.java:164) ~[tomcat-embed-core-10.1.31.jar:10.1.31]
	at org.apache.catalina.core.ApplicationFilterChain.doFilter(ApplicationFilterChain.java:140) ~[tomcat-embed-core-10.1.31.jar:10.1.31]
	at org.springframework.web.filter.CharacterEncodingFilter.doFilterInternal(CharacterEncodingFilter.java:201) ~[spring-web-6.1.14.jar:6.1.14]
	at org.springframework.web.filter.OncePerRequestFilter.doFilter(OncePerRequestFilter.java:116) ~[spring-web-6.1.14.jar:6.1.14]
	at org.apache.catalina.core.ApplicationFilterChain.internalDoFilter(ApplicationFilterChain.java:164) ~[tomcat-embed-core-10.1.31.jar:10.1.31]
	at org.apache.catalina.core.ApplicationFilterChain.doFilter(ApplicationFilterChain.java:140) ~[tomcat-embed-core-10.1.31.jar:10.1.31]
	at org.apache.catalina.core.StandardWrapperValve.invoke(StandardWrapperValve.java:167) ~[tomcat-embed-core-10.1.31.jar:10.1.31]
	at org.apache.catalina.core.StandardContextValve.invoke(StandardContextValve.java:90) ~[tomcat-embed-core-10.1.31.jar:10.1.31]
	at org.apache.catalina.authenticator.AuthenticatorBase.invoke(AuthenticatorBase.java:483) ~[tomcat-embed-core-10.1.31.jar:10.1.31]
	at org.apache.catalina.core.StandardHostValve.invoke(StandardHostValve.java:115) ~[tomcat-embed-core-10.1.31.jar:10.1.31]
	at org.apache.catalina.valves.ErrorReportValve.invoke(ErrorReportValve.java:93) ~[tomcat-embed-core-10.1.31.jar:10.1.31]
	at org.apache.catalina.core.StandardEngineValve.invoke(StandardEngineValve.java:74) ~[tomcat-embed-core-10.1.31.jar:10.1.31]
	at org.apache.catalina.connector.CoyoteAdapter.service(CoyoteAdapter.java:344) ~[tomcat-embed-core-10.1.31.jar:10.1.31]
	at org.apache.coyote.http11.Http11Processor.service(Http11Processor.java:384) ~[tomcat-embed-core-10.1.31.jar:10.1.31]
	at org.apache.coyote.AbstractProcessorLight.process(AbstractProcessorLight.java:63) ~[tomcat-embed-core-10.1.31.jar:10.1.31]
	at org.apache.coyote.AbstractProtocol$ConnectionHandler.process(AbstractProtocol.java:905) ~[tomcat-embed-core-10.1.31.jar:10.1.31]
	at org.apache.tomcat.util.net.NioEndpoint$SocketProcessor.doRun(NioEndpoint.java:1741) ~[tomcat-embed-core-10.1.31.jar:10.1.31]
	at org.apache.tomcat.util.net.SocketProcessorBase.run(SocketProcessorBase.java:52) ~[tomcat-embed-core-10.1.31.jar:10.1.31]
	at org.apache.tomcat.util.threads.ThreadPoolExecutor.runWorker(ThreadPoolExecutor.java:1190) ~[tomcat-embed-core-10.1.31.jar:10.1.31]
	at org.apache.tomcat.util.threads.ThreadPoolExecutor$Worker.run(ThreadPoolExecutor.java:659) ~[tomcat-embed-core-10.1.31.jar:10.1.31]
	at org.apache.tomcat.util.threads.TaskThread$WrappingRunnable.run(TaskThread.java:63) ~[tomcat-embed-core-10.1.31.jar:10.1.31]
	at java.base/java.lang.Thread.run(Thread.java:1583) ~[na:na]

2025-01-28T21:16:32.183+03:00  WARN 25620 --- [MS_Gateway] [http-nio-8084-exec-7] .m.m.a.ExceptionHandlerExceptionResolver : Failure in @ExceptionHandler ru.gateway.exception.StatementExceptionHandler#handleFeignValidationException(MethodArgumentNotValidException)

java.lang.IllegalStateException: Could not resolve parameter [0] in public org.springframework.http.ResponseEntity<java.util.Map<java.lang.String, java.lang.String>> ru.gateway.exception.StatementExceptionHandler.handleFeignValidationException(org.springframework.web.bind.MethodArgumentNotValidException): No suitable resolver
	at org.springframework.web.method.support.InvocableHandlerMethod.getMethodArgumentValues(InvocableHandlerMethod.java:221) ~[spring-web-6.1.14.jar:6.1.14]
	at org.springframework.web.method.support.InvocableHandlerMethod.invokeForRequest(InvocableHandlerMethod.java:178) ~[spring-web-6.1.14.jar:6.1.14]
	at org.springframework.web.servlet.mvc.method.annotation.ServletInvocableHandlerMethod.invokeAndHandle(ServletInvocableHandlerMethod.java:118) ~[spring-webmvc-6.1.14.jar:6.1.14]
	at org.springframework.web.servlet.mvc.method.annotation.ExceptionHandlerExceptionResolver.doResolveHandlerMethodException(ExceptionHandlerExceptionResolver.java:432) ~[spring-webmvc-6.1.14.jar:6.1.14]
	at org.springframework.web.servlet.handler.AbstractHandlerMethodExceptionResolver.doResolveException(AbstractHandlerMethodExceptionResolver.java:74) ~[spring-webmvc-6.1.14.jar:6.1.14]
	at org.springframework.web.servlet.handler.AbstractHandlerExceptionResolver.resolveException(AbstractHandlerExceptionResolver.java:175) ~[spring-webmvc-6.1.14.jar:6.1.14]
	at org.springframework.web.servlet.handler.HandlerExceptionResolverComposite.resolveException(HandlerExceptionResolverComposite.java:80) ~[spring-webmvc-6.1.14.jar:6.1.14]
	at org.springframework.web.servlet.DispatcherServlet.processHandlerException(DispatcherServlet.java:1358) ~[spring-webmvc-6.1.14.jar:6.1.14]
	at org.springframework.web.servlet.DispatcherServlet.processDispatchResult(DispatcherServlet.java:1161) ~[spring-webmvc-6.1.14.jar:6.1.14]
	at org.springframework.web.servlet.DispatcherServlet.doDispatch(DispatcherServlet.java:1106) ~[spring-webmvc-6.1.14.jar:6.1.14]
	at org.springframework.web.servlet.DispatcherServlet.doService(DispatcherServlet.java:979) ~[spring-webmvc-6.1.14.jar:6.1.14]
	at org.springframework.web.servlet.FrameworkServlet.processRequest(FrameworkServlet.java:1014) ~[spring-webmvc-6.1.14.jar:6.1.14]
	at org.springframework.web.servlet.FrameworkServlet.doPost(FrameworkServlet.java:914) ~[spring-webmvc-6.1.14.jar:6.1.14]
	at jakarta.servlet.http.HttpServlet.service(HttpServlet.java:590) ~[tomcat-embed-core-10.1.31.jar:6.0]
	at org.springframework.web.servlet.FrameworkServlet.service(FrameworkServlet.java:885) ~[spring-webmvc-6.1.14.jar:6.1.14]
	at jakarta.servlet.http.HttpServlet.service(HttpServlet.java:658) ~[tomcat-embed-core-10.1.31.jar:6.0]
	at org.apache.catalina.core.ApplicationFilterChain.internalDoFilter(ApplicationFilterChain.java:195) ~[tomcat-embed-core-10.1.31.jar:10.1.31]
	at org.apache.catalina.core.ApplicationFilterChain.doFilter(ApplicationFilterChain.java:140) ~[tomcat-embed-core-10.1.31.jar:10.1.31]
	at org.apache.tomcat.websocket.server.WsFilter.doFilter(WsFilter.java:51) ~[tomcat-embed-websocket-10.1.31.jar:10.1.31]
	at org.apache.catalina.core.ApplicationFilterChain.internalDoFilter(ApplicationFilterChain.java:164) ~[tomcat-embed-core-10.1.31.jar:10.1.31]
	at org.apache.catalina.core.ApplicationFilterChain.doFilter(ApplicationFilterChain.java:140) ~[tomcat-embed-core-10.1.31.jar:10.1.31]
	at org.springframework.web.filter.RequestContextFilter.doFilterInternal(RequestContextFilter.java:100) ~[spring-web-6.1.14.jar:6.1.14]
	at org.springframework.web.filter.OncePerRequestFilter.doFilter(OncePerRequestFilter.java:116) ~[spring-web-6.1.14.jar:6.1.14]
	at org.apache.catalina.core.ApplicationFilterChain.internalDoFilter(ApplicationFilterChain.java:164) ~[tomcat-embed-core-10.1.31.jar:10.1.31]
	at org.apache.catalina.core.ApplicationFilterChain.doFilter(ApplicationFilterChain.java:140) ~[tomcat-embed-core-10.1.31.jar:10.1.31]
	at org.springframework.web.filter.FormContentFilter.doFilterInternal(FormContentFilter.java:93) ~[spring-web-6.1.14.jar:6.1.14]
	at org.springframework.web.filter.OncePerRequestFilter.doFilter(OncePerRequestFilter.java:116) ~[spring-web-6.1.14.jar:6.1.14]
	at org.apache.catalina.core.ApplicationFilterChain.internalDoFilter(ApplicationFilterChain.java:164) ~[tomcat-embed-core-10.1.31.jar:10.1.31]
	at org.apache.catalina.core.ApplicationFilterChain.doFilter(ApplicationFilterChain.java:140) ~[tomcat-embed-core-10.1.31.jar:10.1.31]
	at org.springframework.web.filter.CharacterEncodingFilter.doFilterInternal(CharacterEncodingFilter.java:201) ~[spring-web-6.1.14.jar:6.1.14]
	at org.springframework.web.filter.OncePerRequestFilter.doFilter(OncePerRequestFilter.java:116) ~[spring-web-6.1.14.jar:6.1.14]
	at org.apache.catalina.core.ApplicationFilterChain.internalDoFilter(ApplicationFilterChain.java:164) ~[tomcat-embed-core-10.1.31.jar:10.1.31]
	at org.apache.catalina.core.ApplicationFilterChain.doFilter(ApplicationFilterChain.java:140) ~[tomcat-embed-core-10.1.31.jar:10.1.31]
	at org.apache.catalina.core.StandardWrapperValve.invoke(StandardWrapperValve.java:167) ~[tomcat-embed-core-10.1.31.jar:10.1.31]
	at org.apache.catalina.core.StandardContextValve.invoke(StandardContextValve.java:90) ~[tomcat-embed-core-10.1.31.jar:10.1.31]
	at org.apache.catalina.authenticator.AuthenticatorBase.invoke(AuthenticatorBase.java:483) ~[tomcat-embed-core-10.1.31.jar:10.1.31]
	at org.apache.catalina.core.StandardHostValve.invoke(StandardHostValve.java:115) ~[tomcat-embed-core-10.1.31.jar:10.1.31]
	at org.apache.catalina.valves.ErrorReportValve.invoke(ErrorReportValve.java:93) ~[tomcat-embed-core-10.1.31.jar:10.1.31]
	at org.apache.catalina.core.StandardEngineValve.invoke(StandardEngineValve.java:74) ~[tomcat-embed-core-10.1.31.jar:10.1.31]
	at org.apache.catalina.connector.CoyoteAdapter.service(CoyoteAdapter.java:344) ~[tomcat-embed-core-10.1.31.jar:10.1.31]
	at org.apache.coyote.http11.Http11Processor.service(Http11Processor.java:384) ~[tomcat-embed-core-10.1.31.jar:10.1.31]
	at org.apache.coyote.AbstractProcessorLight.process(AbstractProcessorLight.java:63) ~[tomcat-embed-core-10.1.31.jar:10.1.31]
	at org.apache.coyote.AbstractProtocol$ConnectionHandler.process(AbstractProtocol.java:905) ~[tomcat-embed-core-10.1.31.jar:10.1.31]
	at org.apache.tomcat.util.net.NioEndpoint$SocketProcessor.doRun(NioEndpoint.java:1741) ~[tomcat-embed-core-10.1.31.jar:10.1.31]
	at org.apache.tomcat.util.net.SocketProcessorBase.run(SocketProcessorBase.java:52) ~[tomcat-embed-core-10.1.31.jar:10.1.31]
	at org.apache.tomcat.util.threads.ThreadPoolExecutor.runWorker(ThreadPoolExecutor.java:1190) ~[tomcat-embed-core-10.1.31.jar:10.1.31]
	at org.apache.tomcat.util.threads.ThreadPoolExecutor$Worker.run(ThreadPoolExecutor.java:659) ~[tomcat-embed-core-10.1.31.jar:10.1.31]
	at org.apache.tomcat.util.threads.TaskThread$WrappingRunnable.run(TaskThread.java:63) ~[tomcat-embed-core-10.1.31.jar:10.1.31]
	at java.base/java.lang.Thread.run(Thread.java:1583) ~[na:na]

2025-01-28T21:16:32.184+03:00 ERROR 25620 --- [MS_Gateway] [http-nio-8084-exec-7] o.a.c.c.C.[.[.[/].[dispatcherServlet]    : Servlet.service() for servlet [dispatcherServlet] in context with path [] threw exception [Request processing failed: ru.deal.exception.FeignValidationException] with root cause

ru.deal.exception.FeignValidationException: null
	at ru.deal.config.FeignErrorDecoder.decode(FeignErrorDecoder.java:37) ~[classes/:na]
	at feign.InvocationContext.decodeError(InvocationContext.java:133) ~[feign-core-13.5.jar:na]
	at feign.InvocationContext.proceed(InvocationContext.java:80) ~[feign-core-13.5.jar:na]
	at feign.ResponseHandler.handleResponse(ResponseHandler.java:69) ~[feign-core-13.5.jar:na]
	at feign.SynchronousMethodHandler.executeAndDecode(SynchronousMethodHandler.java:109) ~[feign-core-13.5.jar:na]
	at feign.SynchronousMethodHandler.invoke(SynchronousMethodHandler.java:53) ~[feign-core-13.5.jar:na]
	at feign.ReflectiveFeign$FeignInvocationHandler.invoke(ReflectiveFeign.java:104) ~[feign-core-13.5.jar:na]
	at jdk.proxy4/jdk.proxy4.$Proxy121.finishRegistration(Unknown Source) ~[na:na]
	at ru.gateway.service.GatewayService.finishRegistration(GatewayService.java:36) ~[classes/:na]
	at ru.gateway.controller.GatewayController.finishRegistration(GatewayController.java:51) ~[classes/:na]
	at java.base/jdk.internal.reflect.DirectMethodHandleAccessor.invoke(DirectMethodHandleAccessor.java:103) ~[na:na]
	at java.base/java.lang.reflect.Method.invoke(Method.java:580) ~[na:na]
	at org.springframework.web.method.support.InvocableHandlerMethod.doInvoke(InvocableHandlerMethod.java:255) ~[spring-web-6.1.14.jar:6.1.14]
	at org.springframework.web.method.support.InvocableHandlerMethod.invokeForRequest(InvocableHandlerMethod.java:188) ~[spring-web-6.1.14.jar:6.1.14]
	at org.springframework.web.servlet.mvc.method.annotation.ServletInvocableHandlerMethod.invokeAndHandle(ServletInvocableHandlerMethod.java:118) ~[spring-webmvc-6.1.14.jar:6.1.14]
	at org.springframework.web.servlet.mvc.method.annotation.RequestMappingHandlerAdapter.invokeHandlerMethod(RequestMappingHandlerAdapter.java:926) ~[spring-webmvc-6.1.14.jar:6.1.14]
	at org.springframework.web.servlet.mvc.method.annotation.RequestMappingHandlerAdapter.handleInternal(RequestMappingHandlerAdapter.java:831) ~[spring-webmvc-6.1.14.jar:6.1.14]
	at org.springframework.web.servlet.mvc.method.AbstractHandlerMethodAdapter.handle(AbstractHandlerMethodAdapter.java:87) ~[spring-webmvc-6.1.14.jar:6.1.14]
	at org.springframework.web.servlet.DispatcherServlet.doDispatch(DispatcherServlet.java:1089) ~[spring-webmvc-6.1.14.jar:6.1.14]
	at org.springframework.web.servlet.DispatcherServlet.doService(DispatcherServlet.java:979) ~[spring-webmvc-6.1.14.jar:6.1.14]
	at org.springframework.web.servlet.FrameworkServlet.processRequest(FrameworkServlet.java:1014) ~[spring-webmvc-6.1.14.jar:6.1.14]
	at org.springframework.web.servlet.FrameworkServlet.doPost(FrameworkServlet.java:914) ~[spring-webmvc-6.1.14.jar:6.1.14]
	at jakarta.servlet.http.HttpServlet.service(HttpServlet.java:590) ~[tomcat-embed-core-10.1.31.jar:6.0]
	at org.springframework.web.servlet.FrameworkServlet.service(FrameworkServlet.java:885) ~[spring-webmvc-6.1.14.jar:6.1.14]
	at jakarta.servlet.http.HttpServlet.service(HttpServlet.java:658) ~[tomcat-embed-core-10.1.31.jar:6.0]
	at org.apache.catalina.core.ApplicationFilterChain.internalDoFilter(ApplicationFilterChain.java:195) ~[tomcat-embed-core-10.1.31.jar:10.1.31]
	at org.apache.catalina.core.ApplicationFilterChain.doFilter(ApplicationFilterChain.java:140) ~[tomcat-embed-core-10.1.31.jar:10.1.31]
	at org.apache.tomcat.websocket.server.WsFilter.doFilter(WsFilter.java:51) ~[tomcat-embed-websocket-10.1.31.jar:10.1.31]
	at org.apache.catalina.core.ApplicationFilterChain.internalDoFilter(ApplicationFilterChain.java:164) ~[tomcat-embed-core-10.1.31.jar:10.1.31]
	at org.apache.catalina.core.ApplicationFilterChain.doFilter(ApplicationFilterChain.java:140) ~[tomcat-embed-core-10.1.31.jar:10.1.31]
	at org.springframework.web.filter.RequestContextFilter.doFilterInternal(RequestContextFilter.java:100) ~[spring-web-6.1.14.jar:6.1.14]
	at org.springframework.web.filter.OncePerRequestFilter.doFilter(OncePerRequestFilter.java:116) ~[spring-web-6.1.14.jar:6.1.14]
	at org.apache.catalina.core.ApplicationFilterChain.internalDoFilter(ApplicationFilterChain.java:164) ~[tomcat-embed-core-10.1.31.jar:10.1.31]
	at org.apache.catalina.core.ApplicationFilterChain.doFilter(ApplicationFilterChain.java:140) ~[tomcat-embed-core-10.1.31.jar:10.1.31]
	at org.springframework.web.filter.FormContentFilter.doFilterInternal(FormContentFilter.java:93) ~[spring-web-6.1.14.jar:6.1.14]
	at org.springframework.web.filter.OncePerRequestFilter.doFilter(OncePerRequestFilter.java:116) ~[spring-web-6.1.14.jar:6.1.14]
	at org.apache.catalina.core.ApplicationFilterChain.internalDoFilter(ApplicationFilterChain.java:164) ~[tomcat-embed-core-10.1.31.jar:10.1.31]
	at org.apache.catalina.core.ApplicationFilterChain.doFilter(ApplicationFilterChain.java:140) ~[tomcat-embed-core-10.1.31.jar:10.1.31]
	at org.springframework.web.filter.CharacterEncodingFilter.doFilterInternal(CharacterEncodingFilter.java:201) ~[spring-web-6.1.14.jar:6.1.14]
	at org.springframework.web.filter.OncePerRequestFilter.doFilter(OncePerRequestFilter.java:116) ~[spring-web-6.1.14.jar:6.1.14]
	at org.apache.catalina.core.ApplicationFilterChain.internalDoFilter(ApplicationFilterChain.java:164) ~[tomcat-embed-core-10.1.31.jar:10.1.31]
	at org.apache.catalina.core.ApplicationFilterChain.doFilter(ApplicationFilterChain.java:140) ~[tomcat-embed-core-10.1.31.jar:10.1.31]
	at org.apache.catalina.core.StandardWrapperValve.invoke(StandardWrapperValve.java:167) ~[tomcat-embed-core-10.1.31.jar:10.1.31]
	at org.apache.catalina.core.StandardContextValve.invoke(StandardContextValve.java:90) ~[tomcat-embed-core-10.1.31.jar:10.1.31]
	at org.apache.catalina.authenticator.AuthenticatorBase.invoke(AuthenticatorBase.java:483) ~[tomcat-embed-core-10.1.31.jar:10.1.31]
	at org.apache.catalina.core.StandardHostValve.invoke(StandardHostValve.java:115) ~[tomcat-embed-core-10.1.31.jar:10.1.31]
	at org.apache.catalina.valves.ErrorReportValve.invoke(ErrorReportValve.java:93) ~[tomcat-embed-core-10.1.31.jar:10.1.31]
	at org.apache.catalina.core.StandardEngineValve.invoke(StandardEngineValve.java:74) ~[tomcat-embed-core-10.1.31.jar:10.1.31]
	at org.apache.catalina.connector.CoyoteAdapter.service(CoyoteAdapter.java:344) ~[tomcat-embed-core-10.1.31.jar:10.1.31]
	at org.apache.coyote.http11.Http11Processor.service(Http11Processor.java:384) ~[tomcat-embed-core-10.1.31.jar:10.1.31]
	at org.apache.coyote.AbstractProcessorLight.process(AbstractProcessorLight.java:63) ~[tomcat-embed-core-10.1.31.jar:10.1.31]
	at org.apache.coyote.AbstractProtocol$ConnectionHandler.process(AbstractProtocol.java:905) ~[tomcat-embed-core-10.1.31.jar:10.1.31]
	at org.apache.tomcat.util.net.NioEndpoint$SocketProcessor.doRun(NioEndpoint.java:1741) ~[tomcat-embed-core-10.1.31.jar:10.1.31]
	at org.apache.tomcat.util.net.SocketProcessorBase.run(SocketProcessorBase.java:52) ~[tomcat-embed-core-10.1.31.jar:10.1.31]
	at org.apache.tomcat.util.threads.ThreadPoolExecutor.runWorker(ThreadPoolExecutor.java:1190) ~[tomcat-embed-core-10.1.31.jar:10.1.31]
	at org.apache.tomcat.util.threads.ThreadPoolExecutor$Worker.run(ThreadPoolExecutor.java:659) ~[tomcat-embed-core-10.1.31.jar:10.1.31]
	at org.apache.tomcat.util.threads.TaskThread$WrappingRunnable.run(TaskThread.java:63) ~[tomcat-embed-core-10.1.31.jar:10.1.31]
	at java.base/java.lang.Thread.run(Thread.java:1583) ~[na:na]

2025-01-28T21:23:31.674+03:00  INFO 25620 --- [MS_Gateway] [File Watcher] rtingClassPathChangeChangedEventListener : Restarting due to 1 class path change (0 additions, 1 deletion, 0 modifications)
2025-01-28T21:23:31.693+03:00  INFO 25620 --- [MS_Gateway] [Thread-1] j.LocalContainerEntityManagerFactoryBean : Closing JPA EntityManagerFactory for persistence unit 'default'
2025-01-28T21:23:31.710+03:00  WARN 25620 --- [MS_Gateway] [Thread-1] o.s.b.f.support.DisposableBeanAdapter    : Invocation of destroy method failed on bean with name 'inMemoryDatabaseShutdownExecutor': org.h2.jdbc.JdbcSQLNonTransientConnectionException: База данных уже закрыта (чтобы отключить автоматическое закрытие базы данных при останове JVM, добавьте ";DB_CLOSE_ON_EXIT=FALSE" в URL)
Database is already closed (to disable automatic closing at VM shutdown, add ";DB_CLOSE_ON_EXIT=FALSE" to the db URL) [90121-224]
2025-01-28T21:23:31.715+03:00  INFO 25620 --- [MS_Gateway] [Thread-1] com.zaxxer.hikari.HikariDataSource       : HikariPool-1 - Shutdown initiated...
2025-01-28T21:23:31.720+03:00  INFO 25620 --- [MS_Gateway] [Thread-1] com.zaxxer.hikari.HikariDataSource       : HikariPool-1 - Shutdown completed.
2025-01-28T21:23:32.954+03:00  INFO 25620 --- [MS_Gateway] [restartedMain] ru.gateway.GatewayApplication            : Starting GatewayApplication using Java 21.0.2 with PID 25620 (D:\Проекты\NeoFlex\Calculator_Neoflex\MS_Gateway\target\classes started by Admin in D:\Проекты\NeoFlex\Calculator_Neoflex)
2025-01-28T21:23:32.955+03:00  INFO 25620 --- [MS_Gateway] [restartedMain] ru.gateway.GatewayApplication            : No active profile set, falling back to 1 default profile: "default"
2025-01-28T21:23:33.684+03:00  INFO 25620 --- [MS_Gateway] [restartedMain] .s.d.r.c.RepositoryConfigurationDelegate : Bootstrapping Spring Data JPA repositories in DEFAULT mode.
2025-01-28T21:23:33.690+03:00  INFO 25620 --- [MS_Gateway] [restartedMain] .s.d.r.c.RepositoryConfigurationDelegate : Finished Spring Data repository scanning in 5 ms. Found 0 JPA repository interfaces.
2025-01-28T21:23:33.862+03:00  INFO 25620 --- [MS_Gateway] [restartedMain] o.s.cloud.context.scope.GenericScope     : BeanFactory id=8f8c229c-2219-334b-8f1d-7fb190c75506
2025-01-28T21:23:44.089+03:00  INFO 25620 --- [MS_Gateway] [restartedMain] o.s.b.w.embedded.tomcat.TomcatWebServer  : Tomcat initialized with port 8084 (http)
2025-01-28T21:23:44.167+03:00  INFO 25620 --- [MS_Gateway] [restartedMain] w.s.c.ServletWebServerApplicationContext : Root WebApplicationContext: initialization completed in 11207 ms
2025-01-28T21:23:44.186+03:00  INFO 25620 --- [MS_Gateway] [restartedMain] com.zaxxer.hikari.HikariDataSource       : HikariPool-2 - Starting...
2025-01-28T21:23:44.188+03:00  INFO 25620 --- [MS_Gateway] [restartedMain] com.zaxxer.hikari.pool.HikariPool        : HikariPool-2 - Added connection conn10: url=jdbc:h2:mem:f49aeefa-f785-40ce-b1ed-b0562ccdafea user=SA
2025-01-28T21:23:44.188+03:00  INFO 25620 --- [MS_Gateway] [restartedMain] com.zaxxer.hikari.HikariDataSource       : HikariPool-2 - Start completed.
2025-01-28T21:23:44.189+03:00  INFO 25620 --- [MS_Gateway] [restartedMain] o.s.b.a.h2.H2ConsoleAutoConfiguration    : H2 console available at '/h2-console'. Database available at 'jdbc:h2:mem:f49aeefa-f785-40ce-b1ed-b0562ccdafea'
2025-01-28T21:23:44.222+03:00  INFO 25620 --- [MS_Gateway] [restartedMain] o.hibernate.jpa.internal.util.LogHelper  : HHH000204: Processing PersistenceUnitInfo [name: default]
2025-01-28T21:23:44.232+03:00  INFO 25620 --- [MS_Gateway] [restartedMain] o.h.c.internal.RegionFactoryInitiator    : HHH000026: Second-level cache disabled
2025-01-28T21:23:44.255+03:00  INFO 25620 --- [MS_Gateway] [restartedMain] o.s.o.j.p.SpringPersistenceUnitInfo      : No LoadTimeWeaver setup: ignoring JPA class transformer
2025-01-28T21:23:44.473+03:00  INFO 25620 --- [MS_Gateway] [restartedMain] o.h.e.t.j.p.i.JtaPlatformInitiator       : HHH000489: No JTA platform available (set 'hibernate.transaction.jta.platform' to enable JTA platform integration)
2025-01-28T21:23:44.473+03:00  INFO 25620 --- [MS_Gateway] [restartedMain] j.LocalContainerEntityManagerFactoryBean : Initialized JPA EntityManagerFactory for persistence unit 'default'
2025-01-28T21:23:44.576+03:00  WARN 25620 --- [MS_Gateway] [restartedMain] JpaBaseConfiguration$JpaWebConfiguration : spring.jpa.open-in-view is enabled by default. Therefore, database queries may be performed during view rendering. Explicitly configure spring.jpa.open-in-view to disable this warning
2025-01-28T21:23:44.597+03:00  WARN 25620 --- [MS_Gateway] [restartedMain] o.s.b.d.a.OptionalLiveReloadServer       : Unable to start LiveReload server
2025-01-28T21:23:45.852+03:00  INFO 25620 --- [MS_Gateway] [restartedMain] o.s.cloud.commons.util.InetUtils         : Cannot determine local hostname
2025-01-28T21:23:45.876+03:00  INFO 25620 --- [MS_Gateway] [restartedMain] o.s.b.w.embedded.tomcat.TomcatWebServer  : Tomcat started on port 8084 (http) with context path '/'
2025-01-28T21:23:46.914+03:00  INFO 25620 --- [MS_Gateway] [restartedMain] o.s.cloud.commons.util.InetUtils         : Cannot determine local hostname
2025-01-28T21:23:46.925+03:00  INFO 25620 --- [MS_Gateway] [restartedMain] ru.gateway.GatewayApplication            : Started GatewayApplication in 15.101 seconds (process running for 731.911)
2025-01-28T21:23:46.927+03:00  INFO 25620 --- [MS_Gateway] [restartedMain] .ConditionEvaluationDeltaLoggingListener : Condition evaluation unchanged
2025-01-28T21:23:46.933+03:00  INFO 25620 --- [MS_Gateway] [SpringApplicationShutdownHook] j.LocalContainerEntityManagerFactoryBean : Closing JPA EntityManagerFactory for persistence unit 'default'
2025-01-28T21:23:46.934+03:00  WARN 25620 --- [MS_Gateway] [SpringApplicationShutdownHook] o.s.b.f.support.DisposableBeanAdapter    : Invocation of destroy method failed on bean with name 'inMemoryDatabaseShutdownExecutor': org.h2.jdbc.JdbcSQLNonTransientConnectionException: База данных уже закрыта (чтобы отключить автоматическое закрытие базы данных при останове JVM, добавьте ";DB_CLOSE_ON_EXIT=FALSE" в URL)
Database is already closed (to disable automatic closing at VM shutdown, add ";DB_CLOSE_ON_EXIT=FALSE" to the db URL) [90121-224]
2025-01-28T21:23:46.935+03:00  INFO 25620 --- [MS_Gateway] [SpringApplicationShutdownHook] com.zaxxer.hikari.HikariDataSource       : HikariPool-2 - Shutdown initiated...
2025-01-28T21:23:46.937+03:00  INFO 25620 --- [MS_Gateway] [SpringApplicationShutdownHook] com.zaxxer.hikari.HikariDataSource       : HikariPool-2 - Shutdown completed.
2025-01-28T21:25:30.684+03:00  INFO 26232 --- [MS_Gateway] [restartedMain] ru.gateway.GatewayApplication            : Starting GatewayApplication using Java 21.0.2 with PID 26232 (D:\Проекты\NeoFlex\Calculator_Neoflex\MS_Gateway\target\classes started by Admin in D:\Проекты\NeoFlex\Calculator_Neoflex)
2025-01-28T21:25:30.687+03:00  INFO 26232 --- [MS_Gateway] [restartedMain] ru.gateway.GatewayApplication            : No active profile set, falling back to 1 default profile: "default"
2025-01-28T21:25:30.754+03:00  INFO 26232 --- [MS_Gateway] [restartedMain] .e.DevToolsPropertyDefaultsPostProcessor : Devtools property defaults active! Set 'spring.devtools.add-properties' to 'false' to disable
2025-01-28T21:25:30.754+03:00  INFO 26232 --- [MS_Gateway] [restartedMain] .e.DevToolsPropertyDefaultsPostProcessor : For additional web related logging consider setting the 'logging.level.web' property to 'DEBUG'
2025-01-28T21:25:32.042+03:00  INFO 26232 --- [MS_Gateway] [restartedMain] .s.d.r.c.RepositoryConfigurationDelegate : Bootstrapping Spring Data JPA repositories in DEFAULT mode.
2025-01-28T21:25:32.073+03:00  INFO 26232 --- [MS_Gateway] [restartedMain] .s.d.r.c.RepositoryConfigurationDelegate : Finished Spring Data repository scanning in 20 ms. Found 0 JPA repository interfaces.
2025-01-28T21:25:32.461+03:00  INFO 26232 --- [MS_Gateway] [restartedMain] o.s.cloud.context.scope.GenericScope     : BeanFactory id=8f8c229c-2219-334b-8f1d-7fb190c75506
2025-01-28T21:25:33.127+03:00  INFO 26232 --- [MS_Gateway] [restartedMain] o.s.b.w.embedded.tomcat.TomcatWebServer  : Tomcat initialized with port 8084 (http)
2025-01-28T21:25:33.145+03:00  INFO 26232 --- [MS_Gateway] [restartedMain] o.apache.catalina.core.StandardService   : Starting service [Tomcat]
2025-01-28T21:25:33.145+03:00  INFO 26232 --- [MS_Gateway] [restartedMain] o.apache.catalina.core.StandardEngine    : Starting Servlet engine: [Apache Tomcat/10.1.31]
2025-01-28T21:25:33.271+03:00  INFO 26232 --- [MS_Gateway] [restartedMain] o.a.c.c.C.[Tomcat].[localhost].[/]       : Initializing Spring embedded WebApplicationContext
2025-01-28T21:25:33.272+03:00  INFO 26232 --- [MS_Gateway] [restartedMain] w.s.c.ServletWebServerApplicationContext : Root WebApplicationContext: initialization completed in 2517 ms
2025-01-28T21:25:33.316+03:00  INFO 26232 --- [MS_Gateway] [restartedMain] com.zaxxer.hikari.HikariDataSource       : HikariPool-1 - Starting...
2025-01-28T21:25:33.606+03:00  INFO 26232 --- [MS_Gateway] [restartedMain] com.zaxxer.hikari.pool.HikariPool        : HikariPool-1 - Added connection conn0: url=jdbc:h2:mem:9286e3e5-b987-49b8-a9c9-65cf87d764b6 user=SA
2025-01-28T21:25:33.609+03:00  INFO 26232 --- [MS_Gateway] [restartedMain] com.zaxxer.hikari.HikariDataSource       : HikariPool-1 - Start completed.
2025-01-28T21:25:33.621+03:00  INFO 26232 --- [MS_Gateway] [restartedMain] o.s.b.a.h2.H2ConsoleAutoConfiguration    : H2 console available at '/h2-console'. Database available at 'jdbc:h2:mem:9286e3e5-b987-49b8-a9c9-65cf87d764b6'
2025-01-28T21:25:33.811+03:00  INFO 26232 --- [MS_Gateway] [restartedMain] o.hibernate.jpa.internal.util.LogHelper  : HHH000204: Processing PersistenceUnitInfo [name: default]
2025-01-28T21:25:33.907+03:00  INFO 26232 --- [MS_Gateway] [restartedMain] org.hibernate.Version                    : HHH000412: Hibernate ORM core version 6.5.3.Final
2025-01-28T21:25:33.958+03:00  INFO 26232 --- [MS_Gateway] [restartedMain] o.h.c.internal.RegionFactoryInitiator    : HHH000026: Second-level cache disabled
2025-01-28T21:25:34.391+03:00  INFO 26232 --- [MS_Gateway] [restartedMain] o.s.o.j.p.SpringPersistenceUnitInfo      : No LoadTimeWeaver setup: ignoring JPA class transformer
2025-01-28T21:25:34.897+03:00  INFO 26232 --- [MS_Gateway] [restartedMain] o.h.e.t.j.p.i.JtaPlatformInitiator       : HHH000489: No JTA platform available (set 'hibernate.transaction.jta.platform' to enable JTA platform integration)
2025-01-28T21:25:34.904+03:00  INFO 26232 --- [MS_Gateway] [restartedMain] j.LocalContainerEntityManagerFactoryBean : Initialized JPA EntityManagerFactory for persistence unit 'default'
2025-01-28T21:25:35.185+03:00  WARN 26232 --- [MS_Gateway] [restartedMain] JpaBaseConfiguration$JpaWebConfiguration : spring.jpa.open-in-view is enabled by default. Therefore, database queries may be performed during view rendering. Explicitly configure spring.jpa.open-in-view to disable this warning
2025-01-28T21:25:35.263+03:00  WARN 26232 --- [MS_Gateway] [restartedMain] o.s.b.d.a.OptionalLiveReloadServer       : Unable to start LiveReload server
2025-01-28T21:25:37.049+03:00  INFO 26232 --- [MS_Gateway] [restartedMain] o.s.cloud.commons.util.InetUtils         : Cannot determine local hostname
2025-01-28T21:25:37.142+03:00  INFO 26232 --- [MS_Gateway] [restartedMain] o.s.b.w.embedded.tomcat.TomcatWebServer  : Tomcat started on port 8084 (http) with context path '/'
2025-01-28T21:25:38.151+03:00  INFO 26232 --- [MS_Gateway] [restartedMain] o.s.cloud.commons.util.InetUtils         : Cannot determine local hostname
2025-01-28T21:25:38.161+03:00  INFO 26232 --- [MS_Gateway] [restartedMain] ru.gateway.GatewayApplication            : Started GatewayApplication in 9.082 seconds (process running for 9.926)
2025-01-28T21:26:12.610+03:00  INFO 26232 --- [MS_Gateway] [File Watcher] rtingClassPathChangeChangedEventListener : Restarting due to 1 class path change (0 additions, 1 deletion, 0 modifications)
2025-01-28T21:26:12.625+03:00  INFO 26232 --- [MS_Gateway] [Thread-1] j.LocalContainerEntityManagerFactoryBean : Closing JPA EntityManagerFactory for persistence unit 'default'
2025-01-28T21:26:12.638+03:00  WARN 26232 --- [MS_Gateway] [Thread-1] o.s.b.f.support.DisposableBeanAdapter    : Invocation of destroy method failed on bean with name 'inMemoryDatabaseShutdownExecutor': org.h2.jdbc.JdbcSQLNonTransientConnectionException: База данных уже закрыта (чтобы отключить автоматическое закрытие базы данных при останове JVM, добавьте ";DB_CLOSE_ON_EXIT=FALSE" в URL)
Database is already closed (to disable automatic closing at VM shutdown, add ";DB_CLOSE_ON_EXIT=FALSE" to the db URL) [90121-224]
2025-01-28T21:26:12.638+03:00  INFO 26232 --- [MS_Gateway] [Thread-1] com.zaxxer.hikari.HikariDataSource       : HikariPool-1 - Shutdown initiated...
2025-01-28T21:26:12.641+03:00  INFO 26232 --- [MS_Gateway] [Thread-1] com.zaxxer.hikari.HikariDataSource       : HikariPool-1 - Shutdown completed.
2025-01-28T21:26:21.463+03:00  INFO 23788 --- [MS_Gateway] [restartedMain] ru.gateway.GatewayApplication            : Starting GatewayApplication using Java 21.0.2 with PID 23788 (D:\Проекты\NeoFlex\Calculator_Neoflex\MS_Gateway\target\classes started by Admin in D:\Проекты\NeoFlex\Calculator_Neoflex)
2025-01-28T21:26:21.465+03:00  INFO 23788 --- [MS_Gateway] [restartedMain] ru.gateway.GatewayApplication            : No active profile set, falling back to 1 default profile: "default"
2025-01-28T21:26:21.540+03:00  INFO 23788 --- [MS_Gateway] [restartedMain] .e.DevToolsPropertyDefaultsPostProcessor : Devtools property defaults active! Set 'spring.devtools.add-properties' to 'false' to disable
2025-01-28T21:26:21.540+03:00  INFO 23788 --- [MS_Gateway] [restartedMain] .e.DevToolsPropertyDefaultsPostProcessor : For additional web related logging consider setting the 'logging.level.web' property to 'DEBUG'
2025-01-28T21:26:22.668+03:00  INFO 23788 --- [MS_Gateway] [restartedMain] .s.d.r.c.RepositoryConfigurationDelegate : Bootstrapping Spring Data JPA repositories in DEFAULT mode.
2025-01-28T21:26:22.693+03:00  INFO 23788 --- [MS_Gateway] [restartedMain] .s.d.r.c.RepositoryConfigurationDelegate : Finished Spring Data repository scanning in 17 ms. Found 0 JPA repository interfaces.
2025-01-28T21:26:22.961+03:00  INFO 23788 --- [MS_Gateway] [restartedMain] o.s.cloud.context.scope.GenericScope     : BeanFactory id=ed67b1a6-ee35-3754-9175-bb7d2abf7b9c
2025-01-28T21:26:23.463+03:00  INFO 23788 --- [MS_Gateway] [restartedMain] o.s.b.w.embedded.tomcat.TomcatWebServer  : Tomcat initialized with port 8084 (http)
2025-01-28T21:26:23.479+03:00  INFO 23788 --- [MS_Gateway] [restartedMain] o.apache.catalina.core.StandardService   : Starting service [Tomcat]
2025-01-28T21:26:23.479+03:00  INFO 23788 --- [MS_Gateway] [restartedMain] o.apache.catalina.core.StandardEngine    : Starting Servlet engine: [Apache Tomcat/10.1.31]
2025-01-28T21:26:23.550+03:00  INFO 23788 --- [MS_Gateway] [restartedMain] o.a.c.c.C.[Tomcat].[localhost].[/]       : Initializing Spring embedded WebApplicationContext
2025-01-28T21:26:23.551+03:00  INFO 23788 --- [MS_Gateway] [restartedMain] w.s.c.ServletWebServerApplicationContext : Root WebApplicationContext: initialization completed in 2011 ms
2025-01-28T21:26:23.578+03:00  INFO 23788 --- [MS_Gateway] [restartedMain] com.zaxxer.hikari.HikariDataSource       : HikariPool-1 - Starting...
2025-01-28T21:26:23.808+03:00  INFO 23788 --- [MS_Gateway] [restartedMain] com.zaxxer.hikari.pool.HikariPool        : HikariPool-1 - Added connection conn0: url=jdbc:h2:mem:0816d8e9-1db5-43e9-a036-d2b50a267988 user=SA
2025-01-28T21:26:23.810+03:00  INFO 23788 --- [MS_Gateway] [restartedMain] com.zaxxer.hikari.HikariDataSource       : HikariPool-1 - Start completed.
2025-01-28T21:26:23.820+03:00  INFO 23788 --- [MS_Gateway] [restartedMain] o.s.b.a.h2.H2ConsoleAutoConfiguration    : H2 console available at '/h2-console'. Database available at 'jdbc:h2:mem:0816d8e9-1db5-43e9-a036-d2b50a267988'
2025-01-28T21:26:23.967+03:00  INFO 23788 --- [MS_Gateway] [restartedMain] o.hibernate.jpa.internal.util.LogHelper  : HHH000204: Processing PersistenceUnitInfo [name: default]
2025-01-28T21:26:24.054+03:00  INFO 23788 --- [MS_Gateway] [restartedMain] org.hibernate.Version                    : HHH000412: Hibernate ORM core version 6.5.3.Final
2025-01-28T21:26:24.114+03:00  INFO 23788 --- [MS_Gateway] [restartedMain] o.h.c.internal.RegionFactoryInitiator    : HHH000026: Second-level cache disabled
2025-01-28T21:26:24.496+03:00  INFO 23788 --- [MS_Gateway] [restartedMain] o.s.o.j.p.SpringPersistenceUnitInfo      : No LoadTimeWeaver setup: ignoring JPA class transformer
2025-01-28T21:26:24.990+03:00  INFO 23788 --- [MS_Gateway] [restartedMain] o.h.e.t.j.p.i.JtaPlatformInitiator       : HHH000489: No JTA platform available (set 'hibernate.transaction.jta.platform' to enable JTA platform integration)
2025-01-28T21:26:24.999+03:00  INFO 23788 --- [MS_Gateway] [restartedMain] j.LocalContainerEntityManagerFactoryBean : Initialized JPA EntityManagerFactory for persistence unit 'default'
2025-01-28T21:26:25.216+03:00  WARN 23788 --- [MS_Gateway] [restartedMain] JpaBaseConfiguration$JpaWebConfiguration : spring.jpa.open-in-view is enabled by default. Therefore, database queries may be performed during view rendering. Explicitly configure spring.jpa.open-in-view to disable this warning
2025-01-28T21:26:25.258+03:00  WARN 23788 --- [MS_Gateway] [restartedMain] o.s.b.d.a.OptionalLiveReloadServer       : Unable to start LiveReload server
2025-01-28T21:26:26.994+03:00  INFO 23788 --- [MS_Gateway] [restartedMain] o.s.cloud.commons.util.InetUtils         : Cannot determine local hostname
2025-01-28T21:26:27.070+03:00  INFO 23788 --- [MS_Gateway] [restartedMain] o.s.b.w.embedded.tomcat.TomcatWebServer  : Tomcat started on port 8084 (http) with context path '/'
2025-01-28T21:26:28.087+03:00  INFO 23788 --- [MS_Gateway] [restartedMain] o.s.cloud.commons.util.InetUtils         : Cannot determine local hostname
2025-01-28T21:26:28.094+03:00  INFO 23788 --- [MS_Gateway] [restartedMain] ru.gateway.GatewayApplication            : Started GatewayApplication in 8.186 seconds (process running for 9.425)
2025-01-28T21:26:33.768+03:00  INFO 23788 --- [MS_Gateway] [http-nio-8084-exec-1] o.a.c.c.C.[Tomcat].[localhost].[/]       : Initializing Spring DispatcherServlet 'dispatcherServlet'
2025-01-28T21:26:33.768+03:00  INFO 23788 --- [MS_Gateway] [http-nio-8084-exec-1] o.s.web.servlet.DispatcherServlet        : Initializing Servlet 'dispatcherServlet'
2025-01-28T21:26:33.770+03:00  INFO 23788 --- [MS_Gateway] [http-nio-8084-exec-1] o.s.web.servlet.DispatcherServlet        : Completed initialization in 2 ms
2025-01-28T21:26:34.037+03:00  INFO 23788 --- [MS_Gateway] [http-nio-8084-exec-1] ru.gateway.service.GatewayService        : Запрос к MS Deal: /deal/calculate/{statementId}
2025-01-28T21:26:35.639+03:00 ERROR 23788 --- [MS_Gateway] [http-nio-8084-exec-1] o.a.c.c.C.[.[.[/].[dispatcherServlet]    : Servlet.service() for servlet [dispatcherServlet] in context with path [] threw exception [Request processing failed: feign.FeignException$BadRequest: [400] during [POST] to [http://localhost:8081/deal/calculate/001591af-c9ba-450b-b7db-6386b1b0ece1] [DealFeignClient#finishRegistration(String,FinishRegistrationRequestDto)]: [[{"field":"employment.employmentStatus","message":"Рабочий статус не должен быть 'Безработный'"},{"field":"amount","message":"Сумма займа должна быть меньше 24 зарплат"}]]] with root cause

feign.FeignException$BadRequest: [400] during [POST] to [http://localhost:8081/deal/calculate/001591af-c9ba-450b-b7db-6386b1b0ece1] [DealFeignClient#finishRegistration(String,FinishRegistrationRequestDto)]: [[{"field":"employment.employmentStatus","message":"Рабочий статус не должен быть 'Безработный'"},{"field":"amount","message":"Сумма займа должна быть меньше 24 зарплат"}]]
	at feign.FeignException.clientErrorStatus(FeignException.java:243) ~[feign-core-13.5.jar:na]
	at feign.FeignException.errorStatus(FeignException.java:223) ~[feign-core-13.5.jar:na]
	at feign.FeignException.errorStatus(FeignException.java:213) ~[feign-core-13.5.jar:na]
	at feign.codec.ErrorDecoder$Default.decode(ErrorDecoder.java:103) ~[feign-core-13.5.jar:na]
	at feign.InvocationContext.decodeError(InvocationContext.java:133) ~[feign-core-13.5.jar:na]
	at feign.InvocationContext.proceed(InvocationContext.java:80) ~[feign-core-13.5.jar:na]
	at feign.ResponseHandler.handleResponse(ResponseHandler.java:69) ~[feign-core-13.5.jar:na]
	at feign.SynchronousMethodHandler.executeAndDecode(SynchronousMethodHandler.java:109) ~[feign-core-13.5.jar:na]
	at feign.SynchronousMethodHandler.invoke(SynchronousMethodHandler.java:53) ~[feign-core-13.5.jar:na]
	at feign.ReflectiveFeign$FeignInvocationHandler.invoke(ReflectiveFeign.java:104) ~[feign-core-13.5.jar:na]
	at jdk.proxy4/jdk.proxy4.$Proxy121.finishRegistration(Unknown Source) ~[na:na]
	at ru.gateway.service.GatewayService.finishRegistration(GatewayService.java:36) ~[classes/:na]
	at ru.gateway.controller.GatewayController.finishRegistration(GatewayController.java:51) ~[classes/:na]
	at java.base/jdk.internal.reflect.DirectMethodHandleAccessor.invoke(DirectMethodHandleAccessor.java:103) ~[na:na]
	at java.base/java.lang.reflect.Method.invoke(Method.java:580) ~[na:na]
	at org.springframework.web.method.support.InvocableHandlerMethod.doInvoke(InvocableHandlerMethod.java:255) ~[spring-web-6.1.14.jar:6.1.14]
	at org.springframework.web.method.support.InvocableHandlerMethod.invokeForRequest(InvocableHandlerMethod.java:188) ~[spring-web-6.1.14.jar:6.1.14]
	at org.springframework.web.servlet.mvc.method.annotation.ServletInvocableHandlerMethod.invokeAndHandle(ServletInvocableHandlerMethod.java:118) ~[spring-webmvc-6.1.14.jar:6.1.14]
	at org.springframework.web.servlet.mvc.method.annotation.RequestMappingHandlerAdapter.invokeHandlerMethod(RequestMappingHandlerAdapter.java:926) ~[spring-webmvc-6.1.14.jar:6.1.14]
	at org.springframework.web.servlet.mvc.method.annotation.RequestMappingHandlerAdapter.handleInternal(RequestMappingHandlerAdapter.java:831) ~[spring-webmvc-6.1.14.jar:6.1.14]
	at org.springframework.web.servlet.mvc.method.AbstractHandlerMethodAdapter.handle(AbstractHandlerMethodAdapter.java:87) ~[spring-webmvc-6.1.14.jar:6.1.14]
	at org.springframework.web.servlet.DispatcherServlet.doDispatch(DispatcherServlet.java:1089) ~[spring-webmvc-6.1.14.jar:6.1.14]
	at org.springframework.web.servlet.DispatcherServlet.doService(DispatcherServlet.java:979) ~[spring-webmvc-6.1.14.jar:6.1.14]
	at org.springframework.web.servlet.FrameworkServlet.processRequest(FrameworkServlet.java:1014) ~[spring-webmvc-6.1.14.jar:6.1.14]
	at org.springframework.web.servlet.FrameworkServlet.doPost(FrameworkServlet.java:914) ~[spring-webmvc-6.1.14.jar:6.1.14]
	at jakarta.servlet.http.HttpServlet.service(HttpServlet.java:590) ~[tomcat-embed-core-10.1.31.jar:6.0]
	at org.springframework.web.servlet.FrameworkServlet.service(FrameworkServlet.java:885) ~[spring-webmvc-6.1.14.jar:6.1.14]
	at jakarta.servlet.http.HttpServlet.service(HttpServlet.java:658) ~[tomcat-embed-core-10.1.31.jar:6.0]
	at org.apache.catalina.core.ApplicationFilterChain.internalDoFilter(ApplicationFilterChain.java:195) ~[tomcat-embed-core-10.1.31.jar:10.1.31]
	at org.apache.catalina.core.ApplicationFilterChain.doFilter(ApplicationFilterChain.java:140) ~[tomcat-embed-core-10.1.31.jar:10.1.31]
	at org.apache.tomcat.websocket.server.WsFilter.doFilter(WsFilter.java:51) ~[tomcat-embed-websocket-10.1.31.jar:10.1.31]
	at org.apache.catalina.core.ApplicationFilterChain.internalDoFilter(ApplicationFilterChain.java:164) ~[tomcat-embed-core-10.1.31.jar:10.1.31]
	at org.apache.catalina.core.ApplicationFilterChain.doFilter(ApplicationFilterChain.java:140) ~[tomcat-embed-core-10.1.31.jar:10.1.31]
	at org.springframework.web.filter.RequestContextFilter.doFilterInternal(RequestContextFilter.java:100) ~[spring-web-6.1.14.jar:6.1.14]
	at org.springframework.web.filter.OncePerRequestFilter.doFilter(OncePerRequestFilter.java:116) ~[spring-web-6.1.14.jar:6.1.14]
	at org.apache.catalina.core.ApplicationFilterChain.internalDoFilter(ApplicationFilterChain.java:164) ~[tomcat-embed-core-10.1.31.jar:10.1.31]
	at org.apache.catalina.core.ApplicationFilterChain.doFilter(ApplicationFilterChain.java:140) ~[tomcat-embed-core-10.1.31.jar:10.1.31]
	at org.springframework.web.filter.FormContentFilter.doFilterInternal(FormContentFilter.java:93) ~[spring-web-6.1.14.jar:6.1.14]
	at org.springframework.web.filter.OncePerRequestFilter.doFilter(OncePerRequestFilter.java:116) ~[spring-web-6.1.14.jar:6.1.14]
	at org.apache.catalina.core.ApplicationFilterChain.internalDoFilter(ApplicationFilterChain.java:164) ~[tomcat-embed-core-10.1.31.jar:10.1.31]
	at org.apache.catalina.core.ApplicationFilterChain.doFilter(ApplicationFilterChain.java:140) ~[tomcat-embed-core-10.1.31.jar:10.1.31]
	at org.springframework.web.filter.CharacterEncodingFilter.doFilterInternal(CharacterEncodingFilter.java:201) ~[spring-web-6.1.14.jar:6.1.14]
	at org.springframework.web.filter.OncePerRequestFilter.doFilter(OncePerRequestFilter.java:116) ~[spring-web-6.1.14.jar:6.1.14]
	at org.apache.catalina.core.ApplicationFilterChain.internalDoFilter(ApplicationFilterChain.java:164) ~[tomcat-embed-core-10.1.31.jar:10.1.31]
	at org.apache.catalina.core.ApplicationFilterChain.doFilter(ApplicationFilterChain.java:140) ~[tomcat-embed-core-10.1.31.jar:10.1.31]
	at org.apache.catalina.core.StandardWrapperValve.invoke(StandardWrapperValve.java:167) ~[tomcat-embed-core-10.1.31.jar:10.1.31]
	at org.apache.catalina.core.StandardContextValve.invoke(StandardContextValve.java:90) ~[tomcat-embed-core-10.1.31.jar:10.1.31]
	at org.apache.catalina.authenticator.AuthenticatorBase.invoke(AuthenticatorBase.java:483) ~[tomcat-embed-core-10.1.31.jar:10.1.31]
	at org.apache.catalina.core.StandardHostValve.invoke(StandardHostValve.java:115) ~[tomcat-embed-core-10.1.31.jar:10.1.31]
	at org.apache.catalina.valves.ErrorReportValve.invoke(ErrorReportValve.java:93) ~[tomcat-embed-core-10.1.31.jar:10.1.31]
	at org.apache.catalina.core.StandardEngineValve.invoke(StandardEngineValve.java:74) ~[tomcat-embed-core-10.1.31.jar:10.1.31]
	at org.apache.catalina.connector.CoyoteAdapter.service(CoyoteAdapter.java:344) ~[tomcat-embed-core-10.1.31.jar:10.1.31]
	at org.apache.coyote.http11.Http11Processor.service(Http11Processor.java:384) ~[tomcat-embed-core-10.1.31.jar:10.1.31]
	at org.apache.coyote.AbstractProcessorLight.process(AbstractProcessorLight.java:63) ~[tomcat-embed-core-10.1.31.jar:10.1.31]
	at org.apache.coyote.AbstractProtocol$ConnectionHandler.process(AbstractProtocol.java:905) ~[tomcat-embed-core-10.1.31.jar:10.1.31]
	at org.apache.tomcat.util.net.NioEndpoint$SocketProcessor.doRun(NioEndpoint.java:1741) ~[tomcat-embed-core-10.1.31.jar:10.1.31]
	at org.apache.tomcat.util.net.SocketProcessorBase.run(SocketProcessorBase.java:52) ~[tomcat-embed-core-10.1.31.jar:10.1.31]
	at org.apache.tomcat.util.threads.ThreadPoolExecutor.runWorker(ThreadPoolExecutor.java:1190) ~[tomcat-embed-core-10.1.31.jar:10.1.31]
	at org.apache.tomcat.util.threads.ThreadPoolExecutor$Worker.run(ThreadPoolExecutor.java:659) ~[tomcat-embed-core-10.1.31.jar:10.1.31]
	at org.apache.tomcat.util.threads.TaskThread$WrappingRunnable.run(TaskThread.java:63) ~[tomcat-embed-core-10.1.31.jar:10.1.31]
	at java.base/java.lang.Thread.run(Thread.java:1583) ~[na:na]

2025-01-28T21:59:14.591+03:00  INFO 23788 --- [MS_Gateway] [SpringApplicationShutdownHook] j.LocalContainerEntityManagerFactoryBean : Closing JPA EntityManagerFactory for persistence unit 'default'
2025-01-28T21:59:14.602+03:00  WARN 23788 --- [MS_Gateway] [SpringApplicationShutdownHook] o.s.b.f.support.DisposableBeanAdapter    : Invocation of destroy method failed on bean with name 'inMemoryDatabaseShutdownExecutor': org.h2.jdbc.JdbcSQLNonTransientConnectionException: База данных уже закрыта (чтобы отключить автоматическое закрытие базы данных при останове JVM, добавьте ";DB_CLOSE_ON_EXIT=FALSE" в URL)
Database is already closed (to disable automatic closing at VM shutdown, add ";DB_CLOSE_ON_EXIT=FALSE" to the db URL) [90121-224]
2025-01-28T21:59:14.603+03:00  INFO 23788 --- [MS_Gateway] [SpringApplicationShutdownHook] com.zaxxer.hikari.HikariDataSource       : HikariPool-1 - Shutdown initiated...
2025-01-28T21:59:14.605+03:00  INFO 23788 --- [MS_Gateway] [SpringApplicationShutdownHook] com.zaxxer.hikari.HikariDataSource       : HikariPool-1 - Shutdown completed.
